2026-02-26 11:28:23 [main] INFO  o.testcontainers.images.PullPolicy - Image pull policy will be performed by: DefaultPullPolicy()
2026-02-26 11:28:23 [main] INFO  o.t.utility.ImageNameSubstitutor - Image name substitution will be performed by: DefaultImageNameSubstitutor (composite of 'ConfigurationFileImageNameSubstitutor' and 'PrefixingImageNameSubstitutor')
2026-02-26 11:28:24 [main] INFO  o.t.d.DockerClientProviderStrategy - Found Docker environment with Docker accessed via Unix socket (/home/artem-brychev/.docker/desktop/docker.sock)
2026-02-26 11:28:24 [main] INFO  o.testcontainers.DockerClientFactory - Docker host IP address is localhost
2026-02-26 11:28:24 [main] INFO  o.testcontainers.DockerClientFactory - Connected to docker: 
  Server Version: 28.4.0
  API Version: 1.51
  Operating System: Docker Desktop
  Total Memory: 3738 MB
2026-02-26 11:28:24 [main] INFO  tc.testcontainers/ryuk:0.7.0 - Creating container for image: testcontainers/ryuk:0.7.0
2026-02-26 11:28:24 [main] INFO  o.t.utility.RegistryAuthLocator - Credential helper/store (docker-credential-desktop) does not have credentials for https://index.docker.io/v1/
2026-02-26 11:28:24 [main] INFO  tc.testcontainers/ryuk:0.7.0 - Container testcontainers/ryuk:0.7.0 is starting: 755afc849dccd820904a02cca0b6378a3f3db9cc16a3350ef0bc65d5dfb655c4
2026-02-26 11:28:25 [main] INFO  tc.testcontainers/ryuk:0.7.0 - Container testcontainers/ryuk:0.7.0 started in PT0.777387885S
2026-02-26 11:28:25 [main] INFO  o.t.utility.RyukResourceReaper - Ryuk started - will monitor and terminate Testcontainers containers on JVM exit
2026-02-26 11:28:25 [main] INFO  o.testcontainers.DockerClientFactory - Checking the system...
2026-02-26 11:28:25 [main] INFO  o.testcontainers.DockerClientFactory - ✔︎ Docker server version should be at least 1.6.0
2026-02-26 11:28:25 [main] INFO  tc.redis:7-alpine - Creating container for image: redis:7-alpine
2026-02-26 11:28:25 [main] INFO  tc.redis:7-alpine - Container redis:7-alpine is starting: 55f4463f46be638df7a3ea60bdf9c1c5cf1763a0ab549e023e5ffe54b5060bbc
2026-02-26 11:28:25 [main] INFO  tc.redis:7-alpine - Container redis:7-alpine started in PT0.626048955S
2026-02-26 11:28:25 [main] INFO  o.e.repositories.redis.RedisManager - Redis url=redis://localhost:38233
2026-02-26 11:28:26 [lettuce-nioEventLoop-4-1] INFO  io.lettuce.core.RedisHandshake - Maintenance events not supported.
2026-02-26 11:28:26 [lettuce-eventExecutorLoop-1-1] INFO  i.l.core.protocol.ConnectionWatchdog - Reconnecting, last destination was localhost/127.0.0.1:38233
2026-02-26 11:28:26 [lettuce-nioEventLoop-4-2] WARN  i.l.core.protocol.ConnectionWatchdog - Cannot reconnect to [localhost/<unresolved>:38233]: Connection closed prematurely
io.lettuce.core.RedisConnectionException: Connection closed prematurely
	at io.lettuce.core.protocol.RedisHandshakeHandler.channelInactive(RedisHandshakeHandler.java:76)
	at io.netty.channel.AbstractChannelHandlerContext.fireChannelInactive(AbstractChannelHandlerContext.java:250)
	at io.netty.channel.ChannelInboundHandlerAdapter.channelInactive(ChannelInboundHandlerAdapter.java:81)
	at io.lettuce.core.ChannelGroupListener.channelInactive(ChannelGroupListener.java:54)
	at io.netty.channel.AbstractChannelHandlerContext.fireChannelInactive(AbstractChannelHandlerContext.java:250)
	at io.netty.channel.DefaultChannelPipeline$HeadContext.channelInactive(DefaultChannelPipeline.java:1424)
	at io.netty.channel.DefaultChannelPipeline.fireChannelInactive(DefaultChannelPipeline.java:876)
	at io.netty.channel.AbstractChannel$AbstractUnsafe$8.run(AbstractChannel.java:684)
	at io.netty.util.concurrent.AbstractEventExecutor.runTask$$$capture(AbstractEventExecutor.java:148)
	at io.netty.util.concurrent.AbstractEventExecutor.runTask(AbstractEventExecutor.java)
	at io.netty.util.concurrent.AbstractEventExecutor.safeExecute$$$capture(AbstractEventExecutor.java:141)
	at io.netty.util.concurrent.AbstractEventExecutor.safeExecute(AbstractEventExecutor.java)
	at io.netty.util.concurrent.SingleThreadEventExecutor.runAllTasks(SingleThreadEventExecutor.java:535)
	at io.netty.channel.SingleThreadIoEventLoop.run(SingleThreadIoEventLoop.java:201)
	at io.netty.util.concurrent.SingleThreadEventExecutor$5.run(SingleThreadEventExecutor.java:1193)
	at io.netty.util.internal.ThreadExecutorMap$2.run(ThreadExecutorMap.java:74)
	at io.netty.util.concurrent.FastThreadLocalRunnable.run(FastThreadLocalRunnable.java:30)
	at java.base/java.lang.Thread.run(Thread.java:1583)
2026-02-26 11:28:40 [main] INFO  o.testcontainers.images.PullPolicy - Image pull policy will be performed by: DefaultPullPolicy()
2026-02-26 11:28:40 [main] INFO  o.t.utility.ImageNameSubstitutor - Image name substitution will be performed by: DefaultImageNameSubstitutor (composite of 'ConfigurationFileImageNameSubstitutor' and 'PrefixingImageNameSubstitutor')
2026-02-26 11:28:40 [main] INFO  o.t.d.DockerClientProviderStrategy - Found Docker environment with Docker accessed via Unix socket (/home/artem-brychev/.docker/desktop/docker.sock)
2026-02-26 11:28:40 [main] INFO  o.testcontainers.DockerClientFactory - Docker host IP address is localhost
2026-02-26 11:28:40 [main] INFO  o.testcontainers.DockerClientFactory - Connected to docker: 
  Server Version: 28.4.0
  API Version: 1.51
  Operating System: Docker Desktop
  Total Memory: 3738 MB
2026-02-26 11:28:40 [main] INFO  tc.testcontainers/ryuk:0.7.0 - Creating container for image: testcontainers/ryuk:0.7.0
2026-02-26 11:28:40 [main] INFO  o.t.utility.RegistryAuthLocator - Credential helper/store (docker-credential-desktop) does not have credentials for https://index.docker.io/v1/
2026-02-26 11:28:41 [main] INFO  tc.testcontainers/ryuk:0.7.0 - Container testcontainers/ryuk:0.7.0 is starting: afee5edec7d97aeabb8a27e35870b042b2ad329dea0cee4a89b5c47536568ab0
2026-02-26 11:28:41 [main] INFO  tc.testcontainers/ryuk:0.7.0 - Container testcontainers/ryuk:0.7.0 started in PT0.639678703S
2026-02-26 11:28:41 [main] INFO  o.t.utility.RyukResourceReaper - Ryuk started - will monitor and terminate Testcontainers containers on JVM exit
2026-02-26 11:28:41 [main] INFO  o.testcontainers.DockerClientFactory - Checking the system...
2026-02-26 11:28:41 [main] INFO  o.testcontainers.DockerClientFactory - ✔︎ Docker server version should be at least 1.6.0
2026-02-26 11:28:41 [main] INFO  tc.redis:7-alpine - Creating container for image: redis:7-alpine
2026-02-26 11:28:41 [main] INFO  tc.redis:7-alpine - Container redis:7-alpine is starting: d534eb1b546a544b1c62bd7aa61798db6ff7306666793960143c8c95386f1531
2026-02-26 11:28:42 [main] INFO  tc.redis:7-alpine - Container redis:7-alpine started in PT0.555105632S
2026-02-26 11:28:42 [main] INFO  o.e.repositories.redis.RedisManager - Redis url=redis://localhost:36263
2026-02-26 11:28:42 [lettuce-nioEventLoop-4-1] INFO  io.lettuce.core.RedisHandshake - Maintenance events not supported.
2026-02-26 11:28:42 [lettuce-eventExecutorLoop-1-1] INFO  i.l.core.protocol.ConnectionWatchdog - Reconnecting, last destination was localhost/127.0.0.1:36263
2026-02-26 11:28:42 [lettuce-nioEventLoop-4-2] WARN  i.l.core.protocol.ConnectionWatchdog - Cannot reconnect to [localhost/<unresolved>:36263]: Connection closed prematurely
io.lettuce.core.RedisConnectionException: Connection closed prematurely
	at io.lettuce.core.protocol.RedisHandshakeHandler.channelInactive(RedisHandshakeHandler.java:76)
	at io.netty.channel.AbstractChannelHandlerContext.fireChannelInactive(AbstractChannelHandlerContext.java:250)
	at io.netty.channel.ChannelInboundHandlerAdapter.channelInactive(ChannelInboundHandlerAdapter.java:81)
	at io.lettuce.core.ChannelGroupListener.channelInactive(ChannelGroupListener.java:54)
	at io.netty.channel.AbstractChannelHandlerContext.fireChannelInactive(AbstractChannelHandlerContext.java:250)
	at io.netty.channel.DefaultChannelPipeline$HeadContext.channelInactive(DefaultChannelPipeline.java:1424)
	at io.netty.channel.DefaultChannelPipeline.fireChannelInactive(DefaultChannelPipeline.java:876)
	at io.netty.channel.AbstractChannel$AbstractUnsafe$8.run(AbstractChannel.java:684)
	at io.netty.util.concurrent.AbstractEventExecutor.runTask(AbstractEventExecutor.java:148)
	at io.netty.util.concurrent.AbstractEventExecutor.safeExecute(AbstractEventExecutor.java:141)
	at io.netty.util.concurrent.SingleThreadEventExecutor.runAllTasks(SingleThreadEventExecutor.java:535)
	at io.netty.channel.SingleThreadIoEventLoop.run(SingleThreadIoEventLoop.java:201)
	at io.netty.util.concurrent.SingleThreadEventExecutor$5.run(SingleThreadEventExecutor.java:1193)
	at io.netty.util.internal.ThreadExecutorMap$2.run(ThreadExecutorMap.java:74)
	at io.netty.util.concurrent.FastThreadLocalRunnable.run(FastThreadLocalRunnable.java:30)
	at java.base/java.lang.Thread.run(Thread.java:1583)
2026-02-26 11:28:43 [main] INFO  tc.redis:7-alpine - Creating container for image: redis:7-alpine
2026-02-26 11:28:43 [main] INFO  tc.redis:7-alpine - Container redis:7-alpine is starting: 6cba5369e9e4e0ee6afc15b42a9ba489ca615ec024aa5b6484cee1054a6626fe
2026-02-26 11:28:43 [main] INFO  tc.redis:7-alpine - Container redis:7-alpine started in PT0.601336546S
2026-02-26 11:28:51 [lettuce-eventExecutorLoop-1-5] INFO  i.l.core.protocol.ConnectionWatchdog - Reconnecting, last destination was localhost/<unresolved>:36263
2026-02-26 11:28:51 [lettuce-nioEventLoop-4-6] WARN  i.l.core.protocol.ConnectionWatchdog - Cannot reconnect to [localhost/<unresolved>:36263]: В соединении отказано: localhost/127.0.0.1:36263
2026-02-26 11:28:59 [lettuce-eventExecutorLoop-1-6] INFO  i.l.core.protocol.ConnectionWatchdog - Reconnecting, last destination was localhost/<unresolved>:36263
2026-02-26 11:28:59 [lettuce-nioEventLoop-4-7] WARN  i.l.core.protocol.ConnectionWatchdog - Cannot reconnect to [localhost/<unresolved>:36263]: В соединении отказано: localhost/127.0.0.1:36263
2026-02-26 11:29:16 [lettuce-eventExecutorLoop-1-7] INFO  i.l.core.protocol.ConnectionWatchdog - Reconnecting, last destination was localhost/<unresolved>:36263
2026-02-26 11:29:16 [lettuce-nioEventLoop-4-8] WARN  i.l.core.protocol.ConnectionWatchdog - Cannot reconnect to [localhost/<unresolved>:36263]: В соединении отказано: localhost/127.0.0.1:36263
2026-02-26 11:29:46 [lettuce-eventExecutorLoop-1-3] INFO  i.l.core.protocol.ConnectionWatchdog - Reconnecting, last destination was localhost/<unresolved>:36263
2026-02-26 11:29:46 [lettuce-nioEventLoop-4-1] WARN  i.l.core.protocol.ConnectionWatchdog - Cannot reconnect to [localhost/<unresolved>:36263]: В соединении отказано: localhost/127.0.0.1:36263
2026-02-26 11:30:16 [lettuce-eventExecutorLoop-1-8] INFO  i.l.core.protocol.ConnectionWatchdog - Reconnecting, last destination was localhost/<unresolved>:36263
2026-02-26 11:30:16 [lettuce-nioEventLoop-4-2] WARN  i.l.core.protocol.ConnectionWatchdog - Cannot reconnect to [localhost/<unresolved>:36263]: В соединении отказано: localhost/127.0.0.1:36263
2026-02-26 11:30:46 [lettuce-eventExecutorLoop-1-2] INFO  i.l.core.protocol.ConnectionWatchdog - Reconnecting, last destination was localhost/<unresolved>:36263
2026-02-26 11:30:46 [lettuce-nioEventLoop-4-3] WARN  i.l.core.protocol.ConnectionWatchdog - Cannot reconnect to [localhost/<unresolved>:36263]: В соединении отказано: localhost/127.0.0.1:36263
2026-02-26 11:31:17 [main] INFO  o.testcontainers.images.PullPolicy - Image pull policy will be performed by: DefaultPullPolicy()
2026-02-26 11:31:17 [main] INFO  o.t.utility.ImageNameSubstitutor - Image name substitution will be performed by: DefaultImageNameSubstitutor (composite of 'ConfigurationFileImageNameSubstitutor' and 'PrefixingImageNameSubstitutor')
2026-02-26 11:31:17 [main] INFO  o.t.d.DockerClientProviderStrategy - Found Docker environment with Docker accessed via Unix socket (/home/artem-brychev/.docker/desktop/docker.sock)
2026-02-26 11:31:17 [main] INFO  o.testcontainers.DockerClientFactory - Docker host IP address is localhost
2026-02-26 11:31:17 [main] INFO  o.testcontainers.DockerClientFactory - Connected to docker: 
  Server Version: 28.4.0
  API Version: 1.51
  Operating System: Docker Desktop
  Total Memory: 3738 MB
2026-02-26 11:31:18 [main] INFO  tc.testcontainers/ryuk:0.7.0 - Creating container for image: testcontainers/ryuk:0.7.0
2026-02-26 11:31:18 [main] INFO  o.t.utility.RegistryAuthLocator - Credential helper/store (docker-credential-desktop) does not have credentials for https://index.docker.io/v1/
2026-02-26 11:31:18 [main] INFO  tc.testcontainers/ryuk:0.7.0 - Container testcontainers/ryuk:0.7.0 is starting: f730e1e543f251844f12b68d36966e2cb9e9be78fdb042956d3adb7a2e51115c
2026-02-26 11:31:18 [main] INFO  tc.testcontainers/ryuk:0.7.0 - Container testcontainers/ryuk:0.7.0 started in PT0.576567079S
2026-02-26 11:31:18 [main] INFO  o.t.utility.RyukResourceReaper - Ryuk started - will monitor and terminate Testcontainers containers on JVM exit
2026-02-26 11:31:18 [main] INFO  o.testcontainers.DockerClientFactory - Checking the system...
2026-02-26 11:31:18 [main] INFO  o.testcontainers.DockerClientFactory - ✔︎ Docker server version should be at least 1.6.0
2026-02-26 11:31:18 [main] INFO  tc.redis:7-alpine - Creating container for image: redis:7-alpine
2026-02-26 11:31:18 [main] INFO  tc.redis:7-alpine - Container redis:7-alpine is starting: 81e3f210a3d812bb27a553a5fa53ee3483cbdf805d41196409997a94d4f5fcce
2026-02-26 11:31:19 [main] INFO  tc.redis:7-alpine - Container redis:7-alpine started in PT0.542022025S
2026-02-26 11:31:19 [main] INFO  o.e.repositories.redis.RedisManager - Redis url=redis://localhost:46739
2026-02-26 11:31:19 [lettuce-nioEventLoop-4-1] INFO  io.lettuce.core.RedisHandshake - Maintenance events not supported.
2026-02-26 11:31:20 [lettuce-eventExecutorLoop-1-1] INFO  i.l.core.protocol.ConnectionWatchdog - Reconnecting, last destination was localhost/127.0.0.1:46739
2026-02-26 11:31:20 [lettuce-nioEventLoop-4-2] WARN  i.l.core.protocol.ConnectionWatchdog - Cannot reconnect to [localhost/<unresolved>:46739]: Connection closed prematurely
io.lettuce.core.RedisConnectionException: Connection closed prematurely
	at io.lettuce.core.protocol.RedisHandshakeHandler.channelInactive(RedisHandshakeHandler.java:76)
	at io.netty.channel.AbstractChannelHandlerContext.fireChannelInactive(AbstractChannelHandlerContext.java:250)
	at io.netty.channel.ChannelInboundHandlerAdapter.channelInactive(ChannelInboundHandlerAdapter.java:81)
	at io.lettuce.core.ChannelGroupListener.channelInactive(ChannelGroupListener.java:54)
	at io.netty.channel.AbstractChannelHandlerContext.fireChannelInactive(AbstractChannelHandlerContext.java:250)
	at io.netty.channel.DefaultChannelPipeline$HeadContext.channelInactive(DefaultChannelPipeline.java:1424)
	at io.netty.channel.DefaultChannelPipeline.fireChannelInactive(DefaultChannelPipeline.java:876)
	at io.netty.channel.AbstractChannel$AbstractUnsafe$8.run(AbstractChannel.java:684)
	at io.netty.util.concurrent.AbstractEventExecutor.runTask$$$capture(AbstractEventExecutor.java:148)
	at io.netty.util.concurrent.AbstractEventExecutor.runTask(AbstractEventExecutor.java)
	at io.netty.util.concurrent.AbstractEventExecutor.safeExecute$$$capture(AbstractEventExecutor.java:141)
	at io.netty.util.concurrent.AbstractEventExecutor.safeExecute(AbstractEventExecutor.java)
	at io.netty.util.concurrent.SingleThreadEventExecutor.runAllTasks(SingleThreadEventExecutor.java:535)
	at io.netty.channel.SingleThreadIoEventLoop.run(SingleThreadIoEventLoop.java:201)
	at io.netty.util.concurrent.SingleThreadEventExecutor$5.run(SingleThreadEventExecutor.java:1193)
	at io.netty.util.internal.ThreadExecutorMap$2.run(ThreadExecutorMap.java:74)
	at io.netty.util.concurrent.FastThreadLocalRunnable.run(FastThreadLocalRunnable.java:30)
	at java.base/java.lang.Thread.run(Thread.java:1583)
2026-02-26 11:48:56 [main] DEBUG o.t.u.TestcontainersConfiguration - Testcontainers configuration overrides will be loaded from file:/home/artem-brychev/.testcontainers.properties
2026-02-26 11:48:56 [main] DEBUG o.t.u.TestcontainersConfiguration - Attempted to read Testcontainers configuration file at file:/home/artem-brychev/.testcontainers.properties but the file was not found. Exception message: FileNotFoundException: /home/artem-brychev/.testcontainers.properties (Нет такого файла или каталога)
2026-02-26 11:48:56 [main] INFO  o.testcontainers.images.PullPolicy - Image pull policy will be performed by: DefaultPullPolicy()
2026-02-26 11:48:56 [main] INFO  o.t.utility.ImageNameSubstitutor - Image name substitution will be performed by: DefaultImageNameSubstitutor (composite of 'ConfigurationFileImageNameSubstitutor' and 'PrefixingImageNameSubstitutor')
2026-02-26 11:48:56 [main] DEBUG o.t.d.RootlessDockerClientProviderStrategy - $XDG_RUNTIME_DIR is set but '/run/user/1000/docker.sock' does not exist.
2026-02-26 11:48:56 [main] DEBUG o.t.d.RootlessDockerClientProviderStrategy - '/home/artem-brychev/.docker/run' does not exist.
2026-02-26 11:48:56 [main] DEBUG o.t.d.RootlessDockerClientProviderStrategy - '/run/user/1000/docker.sock' does not exist.
2026-02-26 11:48:56 [main] DEBUG o.t.d.DockerClientProviderStrategy - Trying out strategy: UnixSocketClientProviderStrategy
2026-02-26 11:48:56 [main] DEBUG o.t.d.DockerClientProviderStrategy - UnixSocketClientProviderStrategy: failed with exception InvalidConfigurationException (Could not find unix domain socket). Root cause NoSuchFileException (/var/run/docker.sock)
2026-02-26 11:48:56 [main] DEBUG o.t.d.DockerClientProviderStrategy - Trying out strategy: DockerDesktopClientProviderStrategy
2026-02-26 11:48:56 [main] DEBUG o.t.s.c.g.d.c.command.AbstrDockerCmd - Cmd: 
2026-02-26 11:48:56 [main] DEBUG c.g.d.z.s.o.a.h.c.h.i.c.InternalHttpClient - ex-00000001: preparing request execution
2026-02-26 11:48:56 [main] DEBUG c.g.d.z.s.o.a.h.c.h.p.RequestAddCookies - Cookie spec selected: strict
2026-02-26 11:48:56 [main] DEBUG c.g.d.z.s.o.a.h.c.h.p.RequestAuthCache - Auth cache not set in the context
2026-02-26 11:48:56 [main] DEBUG c.g.d.z.s.o.a.h.c.h.i.c.ProtocolExec - ex-00000001: target auth state: UNCHALLENGED
2026-02-26 11:48:56 [main] DEBUG c.g.d.z.s.o.a.h.c.h.i.c.ProtocolExec - ex-00000001: proxy auth state: UNCHALLENGED
2026-02-26 11:48:56 [main] DEBUG c.g.d.z.s.o.a.h.c.h.i.c.ConnectExec - ex-00000001: acquiring connection with route {}->unix://localhost:2375
2026-02-26 11:48:56 [main] DEBUG c.g.d.z.s.o.a.h.c.h.i.c.InternalHttpClient - ex-00000001: acquiring endpoint (3 MINUTES)
2026-02-26 11:48:56 [main] DEBUG c.g.d.z.s.o.a.h.c.h.i.i.PoolingHttpClientConnectionManager - ex-00000001: endpoint lease request (3 MINUTES) [route: {}->unix://localhost:2375][total available: 0; route allocated: 0 of 2147483647; total allocated: 0 of 2147483647]
2026-02-26 11:48:56 [main] DEBUG c.g.d.z.s.o.a.h.c.h.i.i.PoolingHttpClientConnectionManager - ex-00000001: endpoint leased [route: {}->unix://localhost:2375][total available: 0; route allocated: 1 of 2147483647; total allocated: 1 of 2147483647]
2026-02-26 11:48:56 [main] DEBUG c.g.d.z.s.o.a.h.c.h.i.i.PoolingHttpClientConnectionManager - ex-00000001: acquired ep-00000000
2026-02-26 11:48:56 [main] DEBUG c.g.d.z.s.o.a.h.c.h.i.c.InternalHttpClient - ex-00000001: acquired endpoint ep-00000000
2026-02-26 11:48:56 [main] DEBUG c.g.d.z.s.o.a.h.c.h.i.c.ConnectExec - ex-00000001: opening connection {}->unix://localhost:2375
2026-02-26 11:48:56 [main] DEBUG c.g.d.z.s.o.a.h.c.h.i.c.InternalHttpClient - ep-00000000: connecting endpoint (3 MINUTES)
2026-02-26 11:48:56 [main] DEBUG c.g.d.z.s.o.a.h.c.h.i.i.PoolingHttpClientConnectionManager - ep-00000000: connecting endpoint to unix://localhost:2375 (3 MINUTES)
2026-02-26 11:48:56 [main] DEBUG c.g.d.z.s.o.a.h.c.h.i.i.DefaultHttpClientConnectionOperator - http-outgoing-0: connecting to localhost/127.0.0.1:2375
2026-02-26 11:48:56 [main] DEBUG c.g.d.z.s.o.a.h.c.h.i.i.DefaultHttpClientConnectionOperator - http-outgoing-0: connection established /home/artem-brychev/.docker/desktop/docker.sock<->/home/artem-brychev/.docker/desktop/docker.sock
2026-02-26 11:48:56 [main] DEBUG c.g.d.z.s.o.a.h.c.h.i.i.PoolingHttpClientConnectionManager - ep-00000000: connected http-outgoing-0
2026-02-26 11:48:56 [main] DEBUG c.g.d.z.s.o.a.h.c.h.i.c.InternalHttpClient - ep-00000000: endpoint connected
2026-02-26 11:48:56 [main] DEBUG c.g.d.z.s.o.a.h.c.h.i.c.MainClientExec - ex-00000001: executing GET /v1.32/info HTTP/1.1
2026-02-26 11:48:56 [main] DEBUG c.g.d.z.s.o.a.h.c.h.i.c.InternalHttpClient - ep-00000000: start execution ex-00000001
2026-02-26 11:48:56 [main] DEBUG c.g.d.z.s.o.a.h.c.h.i.i.PoolingHttpClientConnectionManager - ep-00000000: executing exchange ex-00000001 over http-outgoing-0
2026-02-26 11:48:56 [main] DEBUG c.g.d.z.s.o.a.h.client5.http.headers - http-outgoing-0 >> GET /v1.32/info HTTP/1.1
2026-02-26 11:48:56 [main] DEBUG c.g.d.z.s.o.a.h.client5.http.headers - http-outgoing-0 >> x-tc-sid: 3988fffa-3d15-4d59-8a3a-e01fc218ba9e
2026-02-26 11:48:56 [main] DEBUG c.g.d.z.s.o.a.h.client5.http.headers - http-outgoing-0 >> User-Agent: tc-java/1.19.8
2026-02-26 11:48:56 [main] DEBUG c.g.d.z.s.o.a.h.client5.http.headers - http-outgoing-0 >> Accept-Encoding: gzip, x-gzip, deflate
2026-02-26 11:48:56 [main] DEBUG c.g.d.z.s.o.a.h.client5.http.headers - http-outgoing-0 >> Host: localhost:2375
2026-02-26 11:48:56 [main] DEBUG c.g.d.z.s.o.a.h.client5.http.headers - http-outgoing-0 >> Connection: keep-alive
2026-02-26 11:48:56 [main] DEBUG c.g.d.z.s.o.a.hc.client5.http.wire - http-outgoing-0 >> "GET /v1.32/info HTTP/1.1[\r][\n]"
2026-02-26 11:48:56 [main] DEBUG c.g.d.z.s.o.a.hc.client5.http.wire - http-outgoing-0 >> "x-tc-sid: 3988fffa-3d15-4d59-8a3a-e01fc218ba9e[\r][\n]"
2026-02-26 11:48:56 [main] DEBUG c.g.d.z.s.o.a.hc.client5.http.wire - http-outgoing-0 >> "User-Agent: tc-java/1.19.8[\r][\n]"
2026-02-26 11:48:56 [main] DEBUG c.g.d.z.s.o.a.hc.client5.http.wire - http-outgoing-0 >> "Accept-Encoding: gzip, x-gzip, deflate[\r][\n]"
2026-02-26 11:48:56 [main] DEBUG c.g.d.z.s.o.a.hc.client5.http.wire - http-outgoing-0 >> "Host: localhost:2375[\r][\n]"
2026-02-26 11:48:56 [main] DEBUG c.g.d.z.s.o.a.hc.client5.http.wire - http-outgoing-0 >> "Connection: keep-alive[\r][\n]"
2026-02-26 11:48:56 [main] DEBUG c.g.d.z.s.o.a.hc.client5.http.wire - http-outgoing-0 >> "[\r][\n]"
2026-02-26 11:48:56 [main] DEBUG c.g.d.z.s.o.a.hc.client5.http.wire - http-outgoing-0 << "HTTP/1.1 200 OK[\r][\n]"
2026-02-26 11:48:56 [main] DEBUG c.g.d.z.s.o.a.hc.client5.http.wire - http-outgoing-0 << "Api-Version: 1.51[\r][\n]"
2026-02-26 11:48:56 [main] DEBUG c.g.d.z.s.o.a.hc.client5.http.wire - http-outgoing-0 << "Content-Type: application/json[\r][\n]"
2026-02-26 11:48:56 [main] DEBUG c.g.d.z.s.o.a.hc.client5.http.wire - http-outgoing-0 << "Date: Thu, 26 Feb 2026 11:48:56 GMT[\r][\n]"
2026-02-26 11:48:56 [main] DEBUG c.g.d.z.s.o.a.hc.client5.http.wire - http-outgoing-0 << "Docker-Experimental: false[\r][\n]"
2026-02-26 11:48:56 [main] DEBUG c.g.d.z.s.o.a.hc.client5.http.wire - http-outgoing-0 << "Ostype: linux[\r][\n]"
2026-02-26 11:48:56 [main] DEBUG c.g.d.z.s.o.a.hc.client5.http.wire - http-outgoing-0 << "Server: Docker/28.4.0 (linux)[\r][\n]"
2026-02-26 11:48:56 [main] DEBUG c.g.d.z.s.o.a.hc.client5.http.wire - http-outgoing-0 << "Transfer-Encoding: chunked[\r][\n]"
2026-02-26 11:48:56 [main] DEBUG c.g.d.z.s.o.a.hc.client5.http.wire - http-outgoing-0 << "[\r][\n]"
2026-02-26 11:48:56 [main] DEBUG c.g.d.z.s.o.a.hc.client5.http.wire - http-outgoing-0 << "8f7[\r][\n]"
2026-02-26 11:48:56 [main] DEBUG c.g.d.z.s.o.a.hc.client5.http.wire - http-outgoing-0 << "{"ID":"7d257861-6c78-48e0-b145-6fbd2806f33b","Containers":3,"ContainersRunning":0,"ContainersPaused":0,"ContainersStopped":3,"Images":10,"Driver":"overlayfs","DriverStatus":[["driver-type","io.containerd.snapshotter.v1"]],"Plugins":{"Volume":["local"],"Network":["bridge","host","ipvlan","macvlan","null","overlay"],"Authorization":null,"Log":["awslogs","fluentd","gcplogs","gelf","journald","json-file","local","splunk","syslog"]},"MemoryLimit":true,"SwapLimit":true,"CpuCfsPeriod":true,"CpuCfsQuota":true,"CPUShares":true,"CPUSet":true,"PidsLimit":true,"IPv4Forwarding":true,"Debug":false,"NFd":42,"OomKillDisable":false,"NGoroutines":96,"SystemTime":"2026-02-26T08:37:16.563359962Z","LoggingDriver":"json-file","CgroupDriver":"cgroupfs","CgroupVersion":"2","NEventsListener":14,"KernelVersion":"6.10.14-linuxkit","OperatingSystem":"Docker Desktop","OSVersion":"","OSType":"linux","Architecture":"x86_64","IndexServerAddress":"https://index.docker.io/v1/","RegistryConfig":{"IndexConfigs":{"docker.io":{"Mirrors":[],"Name":"docker.io","Official":true,"Secure":true},"hubproxy.docker.internal:5555":{"Mirrors":[],"Name":"hubproxy.docker.internal:5555","Official":false,"Secure":false}},"InsecureRegistryCIDRs":["::1/128","127.0.0.0/8"],"Mirrors":null},"NCPU":8,"MemTotal":3919728640,"GenericResources":null,"DockerRootDir":"/var/lib/docker","HttpProxy":"http.docker.internal:3128","HttpsProxy":"http.docker.internal:3128","NoProxy":"hubproxy.docker.internal","Name":"docker-desktop","Labels":["com.docker.desktop.address=unix:///home/artem-brychev/.docker/desktop/docker-cli.sock"],"ExperimentalBuild":false,"ServerVersion":"28.4.0","Runtimes":{"io.containerd.runc.v2":{"path":"runc"},"runc":{"path":"runc"}},"DefaultRuntime":"runc","Swarm":{"NodeID":"","NodeAddr":"","LocalNodeState":"inactive","ControlAvailable":false,"Error":"","RemoteManagers":null},"LiveRestoreEnabled":false,"Isolation":"","InitBinary":"docker-init","ContainerdCommit":{"ID":"05044ec0a9a75232cad458027ca83437aae3f4da","Expected":"05044ec0a9a75232cad458027ca83437aae3f4da"},"RuncCommit":{"ID":"v1.2.5-0-g59923ef","Expected":"v1.2.5-0-g59923ef"},"InitCommit":{"ID":"de40ad0","Expected":"de40ad0"},"SecurityOptions":["name=seccomp,profile=builtin","name=cgroupns"],"CDISpecDirs":["/etc/cdi","/var/run/cdi"],"Warnings":null}[\r][\n]"
2026-02-26 11:48:56 [main] DEBUG c.g.d.z.s.o.a.hc.client5.http.wire - http-outgoing-0 << "0[\r][\n]"
2026-02-26 11:48:56 [main] DEBUG c.g.d.z.s.o.a.hc.client5.http.wire - http-outgoing-0 << "[\r][\n]"
2026-02-26 11:48:56 [main] DEBUG c.g.d.z.s.o.a.h.client5.http.headers - http-outgoing-0 << HTTP/1.1 200 OK
2026-02-26 11:48:56 [main] DEBUG c.g.d.z.s.o.a.h.client5.http.headers - http-outgoing-0 << Api-Version: 1.51
2026-02-26 11:48:56 [main] DEBUG c.g.d.z.s.o.a.h.client5.http.headers - http-outgoing-0 << Content-Type: application/json
2026-02-26 11:48:56 [main] DEBUG c.g.d.z.s.o.a.h.client5.http.headers - http-outgoing-0 << Date: Thu, 26 Feb 2026 11:48:56 GMT
2026-02-26 11:48:56 [main] DEBUG c.g.d.z.s.o.a.h.client5.http.headers - http-outgoing-0 << Docker-Experimental: false
2026-02-26 11:48:56 [main] DEBUG c.g.d.z.s.o.a.h.client5.http.headers - http-outgoing-0 << Ostype: linux
2026-02-26 11:48:56 [main] DEBUG c.g.d.z.s.o.a.h.client5.http.headers - http-outgoing-0 << Server: Docker/28.4.0 (linux)
2026-02-26 11:48:56 [main] DEBUG c.g.d.z.s.o.a.h.client5.http.headers - http-outgoing-0 << Transfer-Encoding: chunked
2026-02-26 11:48:56 [main] DEBUG c.g.d.z.s.o.a.h.c.h.i.c.MainClientExec - ex-00000001: connection can be kept alive for 3 MINUTES
2026-02-26 11:48:56 [main] DEBUG c.g.d.z.s.o.a.h.c.h.i.c.InternalHttpClient - ep-00000000: releasing valid endpoint
2026-02-26 11:48:56 [main] DEBUG c.g.d.z.s.o.a.h.c.h.i.i.PoolingHttpClientConnectionManager - ep-00000000: releasing endpoint
2026-02-26 11:48:56 [main] DEBUG c.g.d.z.s.o.a.h.c.h.i.i.PoolingHttpClientConnectionManager - ep-00000000: connection http-outgoing-0 can be kept alive for 3 MINUTES
2026-02-26 11:48:56 [main] DEBUG c.g.d.z.s.o.a.h.c.h.i.i.PoolingHttpClientConnectionManager - ep-00000000: connection released [route: {}->unix://localhost:2375][total available: 1; route allocated: 1 of 2147483647; total allocated: 1 of 2147483647]
2026-02-26 11:48:56 [main] INFO  o.t.d.DockerClientProviderStrategy - Found Docker environment with Docker accessed via Unix socket (/home/artem-brychev/.docker/desktop/docker.sock)
2026-02-26 11:48:56 [main] DEBUG o.t.d.DockerClientProviderStrategy - Transport type: 'httpclient5', Docker host: 'unix:///home/artem-brychev/.docker/desktop/docker.sock'
2026-02-26 11:48:56 [main] DEBUG o.t.d.DockerClientProviderStrategy - Checking Docker OS type for Docker accessed via Unix socket (/home/artem-brychev/.docker/desktop/docker.sock)
2026-02-26 11:48:56 [main] INFO  o.testcontainers.DockerClientFactory - Docker host IP address is localhost
2026-02-26 11:48:56 [main] DEBUG o.testcontainers.DockerClientFactory - Docker info: {CDISpecDirs=[/etc/cdi, /var/run/cdi], NGoroutines=96, Name=docker-desktop, Swarm={NodeID=, NodeAddr=, LocalNodeState=inactive, ControlAvailable=false, Error=, RemoteManagers=null}, RuncCommit={ID=v1.2.5-0-g59923ef, Expected=v1.2.5-0-g59923ef}, OSVersion=, Runtimes={io.containerd.runc.v2={path=runc}, runc={path=runc}}, ID=7d257861-6c78-48e0-b145-6fbd2806f33b, DriverStatus=[[driver-type, io.containerd.snapshotter.v1]], LiveRestoreEnabled=false, SystemTime=2026-02-26T08:37:16.563359962Z, NoProxy=hubproxy.docker.internal, Architecture=x86_64, NEventsListener=14, HttpsProxy=http.docker.internal:3128, Images=10, ContainersRunning=0, Labels=[com.docker.desktop.address=unix:///home/artem-brychev/.docker/desktop/docker-cli.sock], InitCommit={ID=de40ad0, Expected=de40ad0}, NFd=42, KernelVersion=6.10.14-linuxkit, LoggingDriver=json-file, OSType=linux, SecurityOptions=[name=seccomp,profile=builtin, name=cgroupns], ContainerdCommit={ID=05044ec0a9a75232cad458027ca83437aae3f4da, Expected=05044ec0a9a75232cad458027ca83437aae3f4da}, GenericResources=null, OperatingSystem=Docker Desktop, RegistryConfig={IndexConfigs={docker.io={Mirrors=[], Name=docker.io, Official=true, Secure=true}, hubproxy.docker.internal:5555={Mirrors=[], Name=hubproxy.docker.internal:5555, Official=false, Secure=false}}, InsecureRegistryCIDRs=[::1/128, 127.0.0.0/8], Mirrors=null}, ServerVersion=28.4.0, OomKillDisable=false, CpuCfsQuota=true, Containers=3, Driver=overlayfs, IPv4Forwarding=true, ExperimentalBuild=false, DockerRootDir=/var/lib/docker, CPUSet=true, CpuCfsPeriod=true, DefaultRuntime=runc, CPUShares=true, Debug=false, NCPU=8, Plugins={Volume=[local], Network=[bridge, host, ipvlan, macvlan, null, overlay], Authorization=null, Log=[awslogs, fluentd, gcplogs, gelf, journald, json-file, local, splunk, syslog]}, SwapLimit=true, CgroupDriver=cgroupfs, ContainersPaused=0, MemTotal=3919728640, IndexServerAddress=https://index.docker.io/v1/, MemoryLimit=true, HttpProxy=http.docker.internal:3128, InitBinary=docker-init, CgroupVersion=2, PidsLimit=true, Isolation=, Warnings=null, ContainersStopped=3}
2026-02-26 11:48:56 [main] DEBUG o.t.s.c.g.d.c.command.AbstrDockerCmd - Cmd: 
2026-02-26 11:48:56 [main] DEBUG c.g.d.z.s.o.a.h.c.h.i.c.InternalHttpClient - ex-00000002: preparing request execution
2026-02-26 11:48:56 [main] DEBUG c.g.d.z.s.o.a.h.c.h.p.RequestAddCookies - Cookie spec selected: strict
2026-02-26 11:48:56 [main] DEBUG c.g.d.z.s.o.a.h.c.h.p.RequestAuthCache - Auth cache not set in the context
2026-02-26 11:48:56 [main] DEBUG c.g.d.z.s.o.a.h.c.h.i.c.ProtocolExec - ex-00000002: target auth state: UNCHALLENGED
2026-02-26 11:48:56 [main] DEBUG c.g.d.z.s.o.a.h.c.h.i.c.ProtocolExec - ex-00000002: proxy auth state: UNCHALLENGED
2026-02-26 11:48:56 [main] DEBUG c.g.d.z.s.o.a.h.c.h.i.c.ConnectExec - ex-00000002: acquiring connection with route {}->unix://localhost:2375
2026-02-26 11:48:56 [main] DEBUG c.g.d.z.s.o.a.h.c.h.i.c.InternalHttpClient - ex-00000002: acquiring endpoint (3 MINUTES)
2026-02-26 11:48:56 [main] DEBUG c.g.d.z.s.o.a.h.c.h.i.i.PoolingHttpClientConnectionManager - ex-00000002: endpoint lease request (3 MINUTES) [route: {}->unix://localhost:2375][total available: 1; route allocated: 1 of 2147483647; total allocated: 1 of 2147483647]
2026-02-26 11:48:56 [main] DEBUG c.g.d.z.s.o.a.h.c.h.i.i.PoolingHttpClientConnectionManager - ex-00000002: endpoint leased [route: {}->unix://localhost:2375][total available: 0; route allocated: 1 of 2147483647; total allocated: 1 of 2147483647]
2026-02-26 11:48:56 [main] DEBUG c.g.d.z.s.o.a.h.c.h.i.i.PoolingHttpClientConnectionManager - ex-00000002: acquired ep-00000001
2026-02-26 11:48:56 [main] DEBUG c.g.d.z.s.o.a.h.c.h.i.c.InternalHttpClient - ex-00000002: acquired endpoint ep-00000001
2026-02-26 11:48:56 [main] DEBUG c.g.d.z.s.o.a.h.c.h.i.c.MainClientExec - ex-00000002: executing GET /v1.32/version HTTP/1.1
2026-02-26 11:48:56 [main] DEBUG c.g.d.z.s.o.a.h.c.h.i.c.InternalHttpClient - ep-00000001: start execution ex-00000002
2026-02-26 11:48:56 [main] DEBUG c.g.d.z.s.o.a.h.c.h.i.i.PoolingHttpClientConnectionManager - ep-00000001: executing exchange ex-00000002 over http-outgoing-0
2026-02-26 11:48:56 [main] DEBUG c.g.d.z.s.o.a.h.client5.http.headers - http-outgoing-0 >> GET /v1.32/version HTTP/1.1
2026-02-26 11:48:56 [main] DEBUG c.g.d.z.s.o.a.h.client5.http.headers - http-outgoing-0 >> accept: application/json
2026-02-26 11:48:56 [main] DEBUG c.g.d.z.s.o.a.h.client5.http.headers - http-outgoing-0 >> x-tc-sid: 3988fffa-3d15-4d59-8a3a-e01fc218ba9e
2026-02-26 11:48:56 [main] DEBUG c.g.d.z.s.o.a.h.client5.http.headers - http-outgoing-0 >> User-Agent: tc-java/1.19.8
2026-02-26 11:48:56 [main] DEBUG c.g.d.z.s.o.a.h.client5.http.headers - http-outgoing-0 >> Accept-Encoding: gzip, x-gzip, deflate
2026-02-26 11:48:56 [main] DEBUG c.g.d.z.s.o.a.h.client5.http.headers - http-outgoing-0 >> Host: localhost:2375
2026-02-26 11:48:56 [main] DEBUG c.g.d.z.s.o.a.h.client5.http.headers - http-outgoing-0 >> Connection: keep-alive
2026-02-26 11:48:56 [main] DEBUG c.g.d.z.s.o.a.hc.client5.http.wire - http-outgoing-0 >> "GET /v1.32/version HTTP/1.1[\r][\n]"
2026-02-26 11:48:56 [main] DEBUG c.g.d.z.s.o.a.hc.client5.http.wire - http-outgoing-0 >> "accept: application/json[\r][\n]"
2026-02-26 11:48:56 [main] DEBUG c.g.d.z.s.o.a.hc.client5.http.wire - http-outgoing-0 >> "x-tc-sid: 3988fffa-3d15-4d59-8a3a-e01fc218ba9e[\r][\n]"
2026-02-26 11:48:56 [main] DEBUG c.g.d.z.s.o.a.hc.client5.http.wire - http-outgoing-0 >> "User-Agent: tc-java/1.19.8[\r][\n]"
2026-02-26 11:48:56 [main] DEBUG c.g.d.z.s.o.a.hc.client5.http.wire - http-outgoing-0 >> "Accept-Encoding: gzip, x-gzip, deflate[\r][\n]"
2026-02-26 11:48:56 [main] DEBUG c.g.d.z.s.o.a.hc.client5.http.wire - http-outgoing-0 >> "Host: localhost:2375[\r][\n]"
2026-02-26 11:48:56 [main] DEBUG c.g.d.z.s.o.a.hc.client5.http.wire - http-outgoing-0 >> "Connection: keep-alive[\r][\n]"
2026-02-26 11:48:56 [main] DEBUG c.g.d.z.s.o.a.hc.client5.http.wire - http-outgoing-0 >> "[\r][\n]"
2026-02-26 11:48:56 [main] DEBUG c.g.d.z.s.o.a.hc.client5.http.wire - http-outgoing-0 << "HTTP/1.1 200 OK[\r][\n]"
2026-02-26 11:48:56 [main] DEBUG c.g.d.z.s.o.a.hc.client5.http.wire - http-outgoing-0 << "Api-Version: 1.51[\r][\n]"
2026-02-26 11:48:56 [main] DEBUG c.g.d.z.s.o.a.hc.client5.http.wire - http-outgoing-0 << "Content-Type: application/json[\r][\n]"
2026-02-26 11:48:56 [main] DEBUG c.g.d.z.s.o.a.hc.client5.http.wire - http-outgoing-0 << "Date: Thu, 26 Feb 2026 11:48:56 GMT[\r][\n]"
2026-02-26 11:48:56 [main] DEBUG c.g.d.z.s.o.a.hc.client5.http.wire - http-outgoing-0 << "Docker-Experimental: false[\r][\n]"
2026-02-26 11:48:56 [main] DEBUG c.g.d.z.s.o.a.hc.client5.http.wire - http-outgoing-0 << "Ostype: linux[\r][\n]"
2026-02-26 11:48:56 [main] DEBUG c.g.d.z.s.o.a.hc.client5.http.wire - http-outgoing-0 << "Server: Docker/28.4.0 (linux)[\r][\n]"
2026-02-26 11:48:56 [main] DEBUG c.g.d.z.s.o.a.hc.client5.http.wire - http-outgoing-0 << "Content-Length: 825[\r][\n]"
2026-02-26 11:48:56 [main] DEBUG c.g.d.z.s.o.a.hc.client5.http.wire - http-outgoing-0 << "[\r][\n]"
2026-02-26 11:48:56 [main] DEBUG c.g.d.z.s.o.a.hc.client5.http.wire - http-outgoing-0 << "{"Platform":{"Name":"Docker Desktop 4.46.0 (204649)"},"Components":[{"Name":"Engine","Version":"28.4.0","Details":{"ApiVersion":"1.51","Arch":"amd64","BuildTime":"2025-09-03T20:57:37.000000000+00:00","Experimental":"false","GitCommit":"249d679","GoVersion":"go1.24.7","KernelVersion":"6.10.14-linuxkit","MinAPIVersion":"1.24","Os":"linux"}},{"Name":"containerd","Version":"1.7.27","Details":{"GitCommit":"05044ec0a9a75232cad458027ca83437aae3f4da"}},{"Name":"runc","Version":"1.2.5","Details":{"GitCommit":"v1.2.5-0-g59923ef"}},{"Name":"docker-init","Version":"0.19.0","Details":{"GitCommit":"de40ad0"}}],"Version":"28.4.0","ApiVersion":"1.51","MinAPIVersion":"1.24","GitCommit":"249d679","GoVersion":"go1.24.7","Os":"linux","Arch":"amd64","KernelVersion":"6.10.14-linuxkit","BuildTime":"2025-09-03T20:57:37.000000000+00:00"}[\n]"
2026-02-26 11:48:56 [main] DEBUG c.g.d.z.s.o.a.h.client5.http.headers - http-outgoing-0 << HTTP/1.1 200 OK
2026-02-26 11:48:56 [main] DEBUG c.g.d.z.s.o.a.h.client5.http.headers - http-outgoing-0 << Api-Version: 1.51
2026-02-26 11:48:56 [main] DEBUG c.g.d.z.s.o.a.h.client5.http.headers - http-outgoing-0 << Content-Type: application/json
2026-02-26 11:48:56 [main] DEBUG c.g.d.z.s.o.a.h.client5.http.headers - http-outgoing-0 << Date: Thu, 26 Feb 2026 11:48:56 GMT
2026-02-26 11:48:56 [main] DEBUG c.g.d.z.s.o.a.h.client5.http.headers - http-outgoing-0 << Docker-Experimental: false
2026-02-26 11:48:56 [main] DEBUG c.g.d.z.s.o.a.h.client5.http.headers - http-outgoing-0 << Ostype: linux
2026-02-26 11:48:56 [main] DEBUG c.g.d.z.s.o.a.h.client5.http.headers - http-outgoing-0 << Server: Docker/28.4.0 (linux)
2026-02-26 11:48:56 [main] DEBUG c.g.d.z.s.o.a.h.client5.http.headers - http-outgoing-0 << Content-Length: 825
2026-02-26 11:48:56 [main] DEBUG c.g.d.z.s.o.a.h.c.h.i.c.MainClientExec - ex-00000002: connection can be kept alive for 3 MINUTES
2026-02-26 11:48:56 [main] DEBUG c.g.d.z.s.o.a.h.c.h.i.c.InternalHttpClient - ep-00000001: releasing valid endpoint
2026-02-26 11:48:56 [main] DEBUG c.g.d.z.s.o.a.h.c.h.i.i.PoolingHttpClientConnectionManager - ep-00000001: releasing endpoint
2026-02-26 11:48:56 [main] DEBUG c.g.d.z.s.o.a.h.c.h.i.i.PoolingHttpClientConnectionManager - ep-00000001: connection http-outgoing-0 can be kept alive for 3 MINUTES
2026-02-26 11:48:56 [main] DEBUG c.g.d.z.s.o.a.h.c.h.i.i.PoolingHttpClientConnectionManager - ep-00000001: connection released [route: {}->unix://localhost:2375][total available: 1; route allocated: 1 of 2147483647; total allocated: 1 of 2147483647]
2026-02-26 11:48:56 [main] DEBUG o.testcontainers.DockerClientFactory - Docker version: {Components=[{Name=Engine, Version=28.4.0, Details={ApiVersion=1.51, Arch=amd64, BuildTime=2025-09-03T20:57:37.000000000+00:00, Experimental=false, GitCommit=249d679, GoVersion=go1.24.7, KernelVersion=6.10.14-linuxkit, MinAPIVersion=1.24, Os=linux}}, {Name=containerd, Version=1.7.27, Details={GitCommit=05044ec0a9a75232cad458027ca83437aae3f4da}}, {Name=runc, Version=1.2.5, Details={GitCommit=v1.2.5-0-g59923ef}}, {Name=docker-init, Version=0.19.0, Details={GitCommit=de40ad0}}], KernelVersion=6.10.14-linuxkit, ApiVersion=1.51, Platform={Name=Docker Desktop 4.46.0 (204649)}, GitCommit=249d679, Os=linux, Version=28.4.0, MinAPIVersion=1.24, Arch=amd64, GoVersion=go1.24.7, BuildTime=2025-09-03T20:57:37.000000000+00:00}
2026-02-26 11:48:56 [main] INFO  o.testcontainers.DockerClientFactory - Connected to docker: 
  Server Version: 28.4.0
  API Version: 1.51
  Operating System: Docker Desktop
  Total Memory: 3738 MB
2026-02-26 11:48:56 [main] DEBUG o.t.utility.RyukResourceReaper - Ryuk is enabled
2026-02-26 11:48:56 [main] DEBUG o.t.u.PrefixingImageNameSubstitutor - No prefix is configured
2026-02-26 11:48:56 [main] DEBUG o.t.utility.ImageNameSubstitutor - Did not find a substitute image for testcontainers/ryuk:0.7.0 (using image substitutor: DefaultImageNameSubstitutor (composite of 'ConfigurationFileImageNameSubstitutor' and 'PrefixingImageNameSubstitutor'))
2026-02-26 11:48:56 [main] DEBUG o.t.s.c.g.d.c.command.AbstrDockerCmd - Cmd: ListImagesCmdImpl[filters=org.testcontainers.shaded.com.github.dockerjava.core.util.FiltersBuilder@0,imageNameFilter=<null>,showAll=false]
2026-02-26 11:48:56 [main] DEBUG c.g.d.z.s.o.a.h.c.h.i.c.InternalHttpClient - ex-00000003: preparing request execution
2026-02-26 11:48:56 [main] DEBUG c.g.d.z.s.o.a.h.c.h.p.RequestAddCookies - Cookie spec selected: strict
2026-02-26 11:48:56 [main] DEBUG c.g.d.z.s.o.a.h.c.h.p.RequestAuthCache - Auth cache not set in the context
2026-02-26 11:48:56 [main] DEBUG c.g.d.z.s.o.a.h.c.h.i.c.ProtocolExec - ex-00000003: target auth state: UNCHALLENGED
2026-02-26 11:48:56 [main] DEBUG c.g.d.z.s.o.a.h.c.h.i.c.ProtocolExec - ex-00000003: proxy auth state: UNCHALLENGED
2026-02-26 11:48:56 [main] DEBUG c.g.d.z.s.o.a.h.c.h.i.c.ConnectExec - ex-00000003: acquiring connection with route {}->unix://localhost:2375
2026-02-26 11:48:56 [main] DEBUG c.g.d.z.s.o.a.h.c.h.i.c.InternalHttpClient - ex-00000003: acquiring endpoint (3 MINUTES)
2026-02-26 11:48:56 [main] DEBUG c.g.d.z.s.o.a.h.c.h.i.i.PoolingHttpClientConnectionManager - ex-00000003: endpoint lease request (3 MINUTES) [route: {}->unix://localhost:2375][total available: 1; route allocated: 1 of 2147483647; total allocated: 1 of 2147483647]
2026-02-26 11:48:56 [main] DEBUG c.g.d.z.s.o.a.h.c.h.i.i.PoolingHttpClientConnectionManager - ex-00000003: endpoint leased [route: {}->unix://localhost:2375][total available: 0; route allocated: 1 of 2147483647; total allocated: 1 of 2147483647]
2026-02-26 11:48:56 [main] DEBUG c.g.d.z.s.o.a.h.c.h.i.i.PoolingHttpClientConnectionManager - ex-00000003: acquired ep-00000002
2026-02-26 11:48:56 [main] DEBUG c.g.d.z.s.o.a.h.c.h.i.c.InternalHttpClient - ex-00000003: acquired endpoint ep-00000002
2026-02-26 11:48:56 [main] DEBUG c.g.d.z.s.o.a.h.c.h.i.c.MainClientExec - ex-00000003: executing GET /v1.32/images/json HTTP/1.1
2026-02-26 11:48:56 [main] DEBUG c.g.d.z.s.o.a.h.c.h.i.c.InternalHttpClient - ep-00000002: start execution ex-00000003
2026-02-26 11:48:56 [main] DEBUG c.g.d.z.s.o.a.h.c.h.i.i.PoolingHttpClientConnectionManager - ep-00000002: executing exchange ex-00000003 over http-outgoing-0
2026-02-26 11:48:56 [main] DEBUG c.g.d.z.s.o.a.h.client5.http.headers - http-outgoing-0 >> GET /v1.32/images/json HTTP/1.1
2026-02-26 11:48:56 [main] DEBUG c.g.d.z.s.o.a.h.client5.http.headers - http-outgoing-0 >> accept: application/json
2026-02-26 11:48:56 [main] DEBUG c.g.d.z.s.o.a.h.client5.http.headers - http-outgoing-0 >> x-tc-sid: 3988fffa-3d15-4d59-8a3a-e01fc218ba9e
2026-02-26 11:48:56 [main] DEBUG c.g.d.z.s.o.a.h.client5.http.headers - http-outgoing-0 >> User-Agent: tc-java/1.19.8
2026-02-26 11:48:56 [main] DEBUG c.g.d.z.s.o.a.h.client5.http.headers - http-outgoing-0 >> Accept-Encoding: gzip, x-gzip, deflate
2026-02-26 11:48:56 [main] DEBUG c.g.d.z.s.o.a.h.client5.http.headers - http-outgoing-0 >> Host: localhost:2375
2026-02-26 11:48:56 [main] DEBUG c.g.d.z.s.o.a.h.client5.http.headers - http-outgoing-0 >> Connection: keep-alive
2026-02-26 11:48:56 [main] DEBUG c.g.d.z.s.o.a.hc.client5.http.wire - http-outgoing-0 >> "GET /v1.32/images/json HTTP/1.1[\r][\n]"
2026-02-26 11:48:56 [main] DEBUG c.g.d.z.s.o.a.hc.client5.http.wire - http-outgoing-0 >> "accept: application/json[\r][\n]"
2026-02-26 11:48:56 [main] DEBUG c.g.d.z.s.o.a.hc.client5.http.wire - http-outgoing-0 >> "x-tc-sid: 3988fffa-3d15-4d59-8a3a-e01fc218ba9e[\r][\n]"
2026-02-26 11:48:56 [main] DEBUG c.g.d.z.s.o.a.hc.client5.http.wire - http-outgoing-0 >> "User-Agent: tc-java/1.19.8[\r][\n]"
2026-02-26 11:48:56 [main] DEBUG c.g.d.z.s.o.a.hc.client5.http.wire - http-outgoing-0 >> "Accept-Encoding: gzip, x-gzip, deflate[\r][\n]"
2026-02-26 11:48:56 [main] DEBUG c.g.d.z.s.o.a.hc.client5.http.wire - http-outgoing-0 >> "Host: localhost:2375[\r][\n]"
2026-02-26 11:48:56 [main] DEBUG c.g.d.z.s.o.a.hc.client5.http.wire - http-outgoing-0 >> "Connection: keep-alive[\r][\n]"
2026-02-26 11:48:56 [main] DEBUG c.g.d.z.s.o.a.hc.client5.http.wire - http-outgoing-0 >> "[\r][\n]"
2026-02-26 11:48:56 [main] DEBUG c.g.d.z.s.o.a.hc.client5.http.wire - http-outgoing-0 << "HTTP/1.1 200 OK[\r][\n]"
2026-02-26 11:48:56 [main] DEBUG c.g.d.z.s.o.a.hc.client5.http.wire - http-outgoing-0 << "Api-Version: 1.51[\r][\n]"
2026-02-26 11:48:56 [main] DEBUG c.g.d.z.s.o.a.hc.client5.http.wire - http-outgoing-0 << "Content-Type: application/json[\r][\n]"
2026-02-26 11:48:56 [main] DEBUG c.g.d.z.s.o.a.hc.client5.http.wire - http-outgoing-0 << "Date: Thu, 26 Feb 2026 11:48:56 GMT[\r][\n]"
2026-02-26 11:48:56 [main] DEBUG c.g.d.z.s.o.a.hc.client5.http.wire - http-outgoing-0 << "Docker-Experimental: false[\r][\n]"
2026-02-26 11:48:56 [main] DEBUG c.g.d.z.s.o.a.hc.client5.http.wire - http-outgoing-0 << "Ostype: linux[\r][\n]"
2026-02-26 11:48:56 [main] DEBUG c.g.d.z.s.o.a.hc.client5.http.wire - http-outgoing-0 << "Server: Docker/28.4.0 (linux)[\r][\n]"
2026-02-26 11:48:56 [main] DEBUG c.g.d.z.s.o.a.hc.client5.http.wire - http-outgoing-0 << "Transfer-Encoding: chunked[\r][\n]"
2026-02-26 11:48:56 [main] DEBUG c.g.d.z.s.o.a.hc.client5.http.wire - http-outgoing-0 << "[\r][\n]"
2026-02-26 11:48:56 [main] DEBUG c.g.d.z.s.o.a.hc.client5.http.wire - http-outgoing-0 << "fa9[\r][\n]"
2026-02-26 11:48:56 [main] DEBUG c.g.d.z.s.o.a.hc.client5.http.wire - http-outgoing-0 << "[{"Containers":-1,"Created":1771868209,"Id":"sha256:5f8bafd0669a697ee564ad825c2a63e6b60b0a67c02b0089f8a250051ab6fe85","Labels":null,"ParentId":"","RepoDigests":["redis@sha256:5f8bafd0669a697ee564ad825c2a63e6b60b0a67c02b0089f8a250051ab6fe85"],"RepoTags":["redis:7.2-alpine"],"SharedSize":-1,"Size":59771325,"VirtualSize":59771325},{"Containers":-1,"Created":1771868124,"Id":"sha256:8b81dd37ff027bec4e516d41acfbe9fe2460070dc6d4a4570a2ac5b9d59df065","Labels":null,"ParentId":"","RepoDigests":["redis@sha256:8b81dd37ff027bec4e516d41acfbe9fe2460070dc6d4a4570a2ac5b9d59df065"],"RepoTags":["redis:7-alpine"],"SharedSize":-1,"Size":60665158,"VirtualSize":60665158},{"Containers":-1,"Created":1771858445,"Id":"sha256:42084db30146402a54162d886c08e3971ebc2952cdee1d345f13124e47a46e0b","Labels":{"com.docker.compose.project":"urlshortener","com.docker.compose.service":"urlshortener","com.docker.compose.version":"2.39.2","org.opencontainers.image.ref.name":"ubuntu","org.opencontainers.image.version":"24.04"},"ParentId":"","RepoDigests":["urlshortener-urlshortener@sha256:42084db30146402a54162d886c08e3971ebc2952cdee1d345f13124e47a46e0b"],"RepoTags":["urlshortener-urlshortener:latest"],"SharedSize":-1,"Size":720538184,"VirtualSize":720538184},{"Containers":-1,"Created":1770930287,"Id":"sha256:e4842c8a99ca99339e1693e6fe5fe62c7becb31991f066f989047dfb2fbf47af","Labels":null,"ParentId":"","RepoDigests":["postgres@sha256:e4842c8a99ca99339e1693e6fe5fe62c7becb31991f066f989047dfb2fbf47af"],"RepoTags":["postgres:16"],"SharedSize":-1,"Size":635654957,"VirtualSize":635654957},{"Containers":-1,"Created":1770755641,"Id":"sha256:5bb980eb282e0ea5b3b94d0bc4f28593325e12540494a595de575d3bc3fcee36","Labels":{"org.opencontainers.image.ref.name":"ubuntu","org.opencontainers.image.version":"24.04"},"ParentId":"","RepoDigests":["urlshortener@sha256:5bb980eb282e0ea5b3b94d0bc4f28593325e12540494a595de575d3bc3fcee36"],"RepoTags":["urlshortener:urlshortener"],"SharedSize":-1,"Size":616566749,"VirtualSize":616566749},{"Containers":-1,"Created":1761482306,"Id":"sha256:9318afed95a800e8e81d1c33ef55321e14460ae0d67b7e86ed6893c22602ceec","Labels":{"com.docker.compose.project":"quizapp","com.docker.compose.service":"quizapp","com.docker.compose.version":"2.39.2","org.opencontainers.image.ref.name":"ubuntu","org.opencontainers.image.version":"24.04"},"ParentId":"","RepoDigests":["quizapp-quizapp@sha256:9318afed95a800e8e81d1c33ef55321e14460ae0d67b7e86ed6893c22602ceec"],"RepoTags":["quizapp-quizapp:latest"],"SharedSize":-1,"Size":540764281,"VirtualSize":540764281},{"Containers":-1,"Created":1759492688,"Id":"sha256:d7432711a2a5c99c2e9dd0e006061cd274d7cb7a9e77f07ffe2ea99e21244677","Labels":null,"ParentId":"","RepoDigests":["redis@sha256:d7432711a2a5c99c2e9dd0e006061cd274d7cb7a9e77f07ffe2ea99e21244677"],"RepoTags":["redis:7"],"SharedSize":-1,"Size":172865059,"VirtualSize":172865059},{"Containers":-1,"Created":1758655865,"Id":"sha256:c189d272e4fcdd1ac419adee675d30be3d389c22ee770d593f15819d22a68a0d","Labels":null,"ParentId":"","RepoDigests":["postgres@sha256:c189d272e4fcdd1ac419adee675d30be3d389c22ee770d593f15819d22a68a0d"],"RepoTags":["postgres:15"],"SharedSize":-1,"Size":626830996,"VirtualSize":626830996},{"Containers":-1,"Created":1758451605,"Id":"sha256:e6b83bb72f20d2cd90af26b657be6b91a53b78b96cc15e379003258a4c33b4a8","Labels":{"org.opencontainers.image.ref.name":"ubuntu","org.opencontainers.image.version":"24.04"},"ParentId":"","RepoDigests":["quizapp-backend@sha256:e6b83bb72f20d2cd90af26b657be6b91a53b78b96cc15e379003258a4c33b4a8"],"RepoTags":["quizapp-backend:latest"],"SharedSize":-1,"Size":509502110,"VirtualSize":509502110},{"Containers":-1,"Created":1709906940,"Id":"sha256:bcbee39cd601396958ba1bd06ea14ad64ce0ea709de29a427d741d1f5262080a","Labels":{"org.testcontainers.ryuk":"true"},"ParentId":"","RepoDigests":["testcontainers/ryuk@sha256:bcbee39cd601396958ba1bd06ea14ad64ce0e"
2026-02-26 11:48:56 [main] DEBUG c.g.d.z.s.o.a.h.client5.http.headers - http-outgoing-0 << HTTP/1.1 200 OK
2026-02-26 11:48:56 [main] DEBUG c.g.d.z.s.o.a.h.client5.http.headers - http-outgoing-0 << Api-Version: 1.51
2026-02-26 11:48:56 [main] DEBUG c.g.d.z.s.o.a.h.client5.http.headers - http-outgoing-0 << Content-Type: application/json
2026-02-26 11:48:56 [main] DEBUG c.g.d.z.s.o.a.h.client5.http.headers - http-outgoing-0 << Date: Thu, 26 Feb 2026 11:48:56 GMT
2026-02-26 11:48:56 [main] DEBUG c.g.d.z.s.o.a.h.client5.http.headers - http-outgoing-0 << Docker-Experimental: false
2026-02-26 11:48:56 [main] DEBUG c.g.d.z.s.o.a.h.client5.http.headers - http-outgoing-0 << Ostype: linux
2026-02-26 11:48:56 [main] DEBUG c.g.d.z.s.o.a.h.client5.http.headers - http-outgoing-0 << Server: Docker/28.4.0 (linux)
2026-02-26 11:48:56 [main] DEBUG c.g.d.z.s.o.a.h.client5.http.headers - http-outgoing-0 << Transfer-Encoding: chunked
2026-02-26 11:48:56 [main] DEBUG c.g.d.z.s.o.a.h.c.h.i.c.MainClientExec - ex-00000003: connection can be kept alive for 3 MINUTES
2026-02-26 11:48:56 [main] DEBUG c.g.d.z.s.o.a.hc.client5.http.wire - http-outgoing-0 << "a709de29a427d741d1f5262080a"],"RepoTags":["testcontainers/ryuk:0.7.0"],"SharedSize":-1,"Size":23572832,"VirtualSize":23572832}][\r][\n]"
2026-02-26 11:48:56 [main] DEBUG c.g.d.z.s.o.a.hc.client5.http.wire - http-outgoing-0 << "0[\r][\n]"
2026-02-26 11:48:56 [main] DEBUG c.g.d.z.s.o.a.hc.client5.http.wire - http-outgoing-0 << "[\r][\n]"
2026-02-26 11:48:56 [main] DEBUG c.g.d.z.s.o.a.h.c.h.i.c.InternalHttpClient - ep-00000002: releasing valid endpoint
2026-02-26 11:48:56 [main] DEBUG c.g.d.z.s.o.a.h.c.h.i.i.PoolingHttpClientConnectionManager - ep-00000002: releasing endpoint
2026-02-26 11:48:56 [main] DEBUG c.g.d.z.s.o.a.h.c.h.i.i.PoolingHttpClientConnectionManager - ep-00000002: connection http-outgoing-0 can be kept alive for 3 MINUTES
2026-02-26 11:48:56 [main] DEBUG c.g.d.z.s.o.a.h.c.h.i.i.PoolingHttpClientConnectionManager - ep-00000002: connection released [route: {}->unix://localhost:2375][total available: 1; route allocated: 1 of 2147483647; total allocated: 1 of 2147483647]
2026-02-26 11:48:56 [main] DEBUG o.t.images.AbstractImagePullPolicy - Using locally available and not pulling image: testcontainers/ryuk:0.7.0
2026-02-26 11:48:56 [main] DEBUG tc.testcontainers/ryuk:0.7.0 - Starting container: testcontainers/ryuk:0.7.0
2026-02-26 11:48:56 [main] DEBUG tc.testcontainers/ryuk:0.7.0 - Trying to start container: testcontainers/ryuk:0.7.0 (attempt 1/1)
2026-02-26 11:48:56 [main] DEBUG tc.testcontainers/ryuk:0.7.0 - Starting container: testcontainers/ryuk:0.7.0
2026-02-26 11:48:56 [main] INFO  tc.testcontainers/ryuk:0.7.0 - Creating container for image: testcontainers/ryuk:0.7.0
2026-02-26 11:48:56 [main] DEBUG o.t.utility.RegistryAuthLocator - Looking up auth config for image: testcontainers/ryuk:0.7.0 at registry: https://index.docker.io/v1/
2026-02-26 11:48:56 [main] DEBUG o.t.utility.RegistryAuthLocator - RegistryAuthLocator has configFile: /home/artem-brychev/.docker/config.json (exists) configEnv: DOCKER_AUTH_CONFIG (does not exist) and commandPathPrefix: 
2026-02-26 11:48:56 [main] DEBUG o.t.utility.RegistryAuthLocator - RegistryAuthLocator reading from configFile: /home/artem-brychev/.docker/config.json
2026-02-26 11:48:56 [main] DEBUG o.t.utility.RegistryAuthLocator - registryName [https://index.docker.io/v1/] for dockerImageName [testcontainers/ryuk:0.7.0]
2026-02-26 11:48:56 [main] DEBUG o.t.utility.RegistryAuthLocator - Executing docker credential provider: docker-credential-desktop to locate auth config for: https://index.docker.io/v1/
2026-02-26 11:48:56 [main] DEBUG o.t.s.o.z.exec.ProcessExecutor - Executing [docker-credential-desktop, get].
2026-02-26 11:48:56 [main] DEBUG o.t.s.o.z.exec.ProcessExecutor - Started Process[pid=9343, exitValue="not exited"]
2026-02-26 11:48:56 [WaitForProcess-Process[pid=9343, exitValue="not exited"]] DEBUG o.t.s.o.z.exec.WaitForProcess - Process[pid=9343, exitValue=1] stopped with exit code 1
2026-02-26 11:48:56 [main] DEBUG o.t.s.o.z.exec.ProcessExecutor - Executing [docker-credential-desktop, get].
2026-02-26 11:48:56 [main] DEBUG o.t.s.o.z.exec.ProcessExecutor - Started Process[pid=9357, exitValue="not exited"]
2026-02-26 11:48:56 [WaitForProcess-Process[pid=9357, exitValue="not exited"]] DEBUG o.t.s.o.z.exec.WaitForProcess - Process[pid=9357, exitValue=1] stopped with exit code 1
2026-02-26 11:48:56 [main] DEBUG o.t.utility.RegistryAuthLocator - Got credentials not found error message from docker credential helper - credentials not found in native keychain
2026-02-26 11:48:56 [main] INFO  o.t.utility.RegistryAuthLocator - Credential helper/store (docker-credential-desktop) does not have credentials for https://index.docker.io/v1/
2026-02-26 11:48:56 [main] DEBUG o.t.utility.RegistryAuthLocator - No matching Auth Configs - falling back to defaultAuthConfig [null]
2026-02-26 11:48:56 [main] DEBUG o.t.d.AuthDelegatingDockerClientConfig - Effective auth config [null]
2026-02-26 11:48:56 [main] DEBUG o.t.s.c.g.d.c.command.AbstrDockerCmd - Cmd: org.testcontainers.shaded.com.github.dockerjava.core.command.CreateContainerCmdImpl@4c03a37[aliases=<null>,argsEscaped=<null>,attachStderr=<null>,attachStdin=<null>,attachStdout=<null>,authConfig=<null>,cmd={},domainName=<null>,entrypoint=<null>,env={},exposedPorts=ExposedPorts(exposedPorts=[8080/tcp]),healthcheck=<null>,hostConfig=HostConfig(binds=[/var/run/docker.sock:/var/run/docker.sock:rw], blkioWeight=null, blkioWeightDevice=null, blkioDeviceReadBps=null, blkioDeviceWriteBps=null, blkioDeviceReadIOps=null, blkioDeviceWriteIOps=null, memorySwappiness=null, nanoCPUs=null, capAdd=null, capDrop=null, containerIDFile=null, cpuPeriod=null, cpuRealtimePeriod=null, cpuRealtimeRuntime=null, cpuShares=null, cpuQuota=null, cpusetCpus=null, cpusetMems=null, devices=null, deviceCgroupRules=null, deviceRequests=null, diskQuota=null, dns=null, dnsOptions=null, dnsSearch=null, extraHosts=[], groupAdd=null, ipcMode=null, cgroup=null, links=[], logConfig=LogConfig(type=null, config=null), lxcConf=null, memory=null, memorySwap=null, memoryReservation=null, kernelMemory=null, networkMode=null, oomKillDisable=null, init=null, autoRemove=true, oomScoreAdj=null, portBindings={8080/tcp=[Lcom.github.dockerjava.api.model.Ports$Binding;@4ba89729}, privileged=true, publishAllPorts=null, readonlyRootfs=null, restartPolicy=null, ulimits=null, cpuCount=null, cpuPercent=null, ioMaximumIOps=null, ioMaximumBandwidth=null, volumesFrom=[], mounts=null, pidMode=null, isolation=null, securityOpts=null, storageOpt=null, cgroupParent=null, volumeDriver=null, shmSize=null, pidsLimit=null, runtime=null, tmpFs=null, utSMode=null, usernsMode=null, sysctls=null, consoleSize=null, cgroupnsMode=null),hostName=<null>,image=testcontainers/ryuk:0.7.0,ipv4Address=<null>,ipv6Address=<null>,labels={org.testcontainers=true, org.testcontainers.lang=java, org.testcontainers.version=1.19.8},macAddress=<null>,name=testcontainers-ryuk-3988fffa-3d15-4d59-8a3a-e01fc218ba9e,networkDisabled=<null>,networkingConfig=<null>,onBuild=<null>,platform=<null>,portSpecs=<null>,shell=<null>,stdInOnce=<null>,stdinOpen=<null>,stopSignal=<null>,stopTimeout=<null>,tty=<null>,user=<null>,volumes=Volumes(volumes=[]),workingDir=<null>]
2026-02-26 11:48:56 [main] DEBUG c.g.d.z.s.o.a.h.c.h.i.c.InternalHttpClient - ex-00000004: preparing request execution
2026-02-26 11:48:56 [main] DEBUG c.g.d.z.s.o.a.h.c.h.p.RequestAddCookies - Cookie spec selected: strict
2026-02-26 11:48:56 [main] DEBUG c.g.d.z.s.o.a.h.c.h.p.RequestAuthCache - Auth cache not set in the context
2026-02-26 11:48:56 [main] DEBUG c.g.d.z.s.o.a.h.c.h.i.c.ProtocolExec - ex-00000004: target auth state: UNCHALLENGED
2026-02-26 11:48:56 [main] DEBUG c.g.d.z.s.o.a.h.c.h.i.c.ProtocolExec - ex-00000004: proxy auth state: UNCHALLENGED
2026-02-26 11:48:56 [main] DEBUG c.g.d.z.s.o.a.h.c.h.i.c.ConnectExec - ex-00000004: acquiring connection with route {}->unix://localhost:2375
2026-02-26 11:48:56 [main] DEBUG c.g.d.z.s.o.a.h.c.h.i.c.InternalHttpClient - ex-00000004: acquiring endpoint (3 MINUTES)
2026-02-26 11:48:56 [main] DEBUG c.g.d.z.s.o.a.h.c.h.i.i.PoolingHttpClientConnectionManager - ex-00000004: endpoint lease request (3 MINUTES) [route: {}->unix://localhost:2375][total available: 1; route allocated: 1 of 2147483647; total allocated: 1 of 2147483647]
2026-02-26 11:48:56 [main] DEBUG c.g.d.z.s.o.a.h.c.h.i.i.PoolingHttpClientConnectionManager - ex-00000004: endpoint leased [route: {}->unix://localhost:2375][total available: 0; route allocated: 1 of 2147483647; total allocated: 1 of 2147483647]
2026-02-26 11:48:56 [main] DEBUG c.g.d.z.s.o.a.h.c.h.i.i.PoolingHttpClientConnectionManager - ex-00000004: acquired ep-00000003
2026-02-26 11:48:56 [main] DEBUG c.g.d.z.s.o.a.h.c.h.i.c.InternalHttpClient - ex-00000004: acquired endpoint ep-00000003
2026-02-26 11:48:56 [main] DEBUG c.g.d.z.s.o.a.h.c.h.i.c.MainClientExec - ex-00000004: executing POST /v1.32/containers/create?name=testcontainers-ryuk-3988fffa-3d15-4d59-8a3a-e01fc218ba9e HTTP/1.1
2026-02-26 11:48:56 [main] DEBUG c.g.d.z.s.o.a.h.c.h.i.c.InternalHttpClient - ep-00000003: start execution ex-00000004
2026-02-26 11:48:56 [main] DEBUG c.g.d.z.s.o.a.h.c.h.i.i.PoolingHttpClientConnectionManager - ep-00000003: executing exchange ex-00000004 over http-outgoing-0
2026-02-26 11:48:56 [main] DEBUG c.g.d.z.s.o.a.h.client5.http.headers - http-outgoing-0 >> POST /v1.32/containers/create?name=testcontainers-ryuk-3988fffa-3d15-4d59-8a3a-e01fc218ba9e HTTP/1.1
2026-02-26 11:48:56 [main] DEBUG c.g.d.z.s.o.a.h.client5.http.headers - http-outgoing-0 >> accept: application/json
2026-02-26 11:48:56 [main] DEBUG c.g.d.z.s.o.a.h.client5.http.headers - http-outgoing-0 >> content-type: application/json
2026-02-26 11:48:56 [main] DEBUG c.g.d.z.s.o.a.h.client5.http.headers - http-outgoing-0 >> x-tc-sid: 3988fffa-3d15-4d59-8a3a-e01fc218ba9e
2026-02-26 11:48:56 [main] DEBUG c.g.d.z.s.o.a.h.client5.http.headers - http-outgoing-0 >> User-Agent: tc-java/1.19.8
2026-02-26 11:48:56 [main] DEBUG c.g.d.z.s.o.a.h.client5.http.headers - http-outgoing-0 >> Accept-Encoding: gzip, x-gzip, deflate
2026-02-26 11:48:56 [main] DEBUG c.g.d.z.s.o.a.h.client5.http.headers - http-outgoing-0 >> Content-Length: 1954
2026-02-26 11:48:56 [main] DEBUG c.g.d.z.s.o.a.h.client5.http.headers - http-outgoing-0 >> Host: localhost:2375
2026-02-26 11:48:56 [main] DEBUG c.g.d.z.s.o.a.h.client5.http.headers - http-outgoing-0 >> Connection: keep-alive
2026-02-26 11:48:56 [main] DEBUG c.g.d.z.s.o.a.hc.client5.http.wire - http-outgoing-0 >> "POST /v1.32/containers/create?name=testcontainers-ryuk-3988fffa-3d15-4d59-8a3a-e01fc218ba9e HTTP/1.1[\r][\n]"
2026-02-26 11:48:56 [main] DEBUG c.g.d.z.s.o.a.hc.client5.http.wire - http-outgoing-0 >> "accept: application/json[\r][\n]"
2026-02-26 11:48:56 [main] DEBUG c.g.d.z.s.o.a.hc.client5.http.wire - http-outgoing-0 >> "content-type: application/json[\r][\n]"
2026-02-26 11:48:56 [main] DEBUG c.g.d.z.s.o.a.hc.client5.http.wire - http-outgoing-0 >> "x-tc-sid: 3988fffa-3d15-4d59-8a3a-e01fc218ba9e[\r][\n]"
2026-02-26 11:48:56 [main] DEBUG c.g.d.z.s.o.a.hc.client5.http.wire - http-outgoing-0 >> "User-Agent: tc-java/1.19.8[\r][\n]"
2026-02-26 11:48:56 [main] DEBUG c.g.d.z.s.o.a.hc.client5.http.wire - http-outgoing-0 >> "Accept-Encoding: gzip, x-gzip, deflate[\r][\n]"
2026-02-26 11:48:56 [main] DEBUG c.g.d.z.s.o.a.hc.client5.http.wire - http-outgoing-0 >> "Content-Length: 1954[\r][\n]"
2026-02-26 11:48:56 [main] DEBUG c.g.d.z.s.o.a.hc.client5.http.wire - http-outgoing-0 >> "Host: localhost:2375[\r][\n]"
2026-02-26 11:48:56 [main] DEBUG c.g.d.z.s.o.a.hc.client5.http.wire - http-outgoing-0 >> "Connection: keep-alive[\r][\n]"
2026-02-26 11:48:56 [main] DEBUG c.g.d.z.s.o.a.hc.client5.http.wire - http-outgoing-0 >> "[\r][\n]"
2026-02-26 11:48:56 [main] DEBUG c.g.d.z.s.o.a.hc.client5.http.wire - http-outgoing-0 >> "{"Hostname":null,"Domainname":null,"User":null,"AttachStdin":null,"AttachStdout":null,"AttachStderr":null,"PortSpecs":null,"Tty":null,"OpenStdin":null,"StdinOnce":null,"Env":[],"Cmd":[],"Healthcheck":null,"ArgsEscaped":null,"Entrypoint":null,"Image":"testcontainers/ryuk:0.7.0","Volumes":{},"WorkingDir":null,"MacAddress":null,"OnBuild":null,"NetworkDisabled":null,"ExposedPorts":{"8080/tcp":{}},"StopSignal":null,"StopTimeout":null,"HostConfig":{"Binds":["/var/run/docker.sock:/var/run/docker.sock:rw"],"BlkioWeight":null,"BlkioWeightDevice":null,"BlkioDeviceReadBps":null,"BlkioDeviceWriteBps":null,"BlkioDeviceReadIOps":null,"BlkioDeviceWriteIOps":null,"MemorySwappiness":null,"NanoCpus":null,"CapAdd":null,"CapDrop":null,"ContainerIDFile":null,"CpuPeriod":null,"CpuRealtimePeriod":null,"CpuRealtimeRuntime":null,"CpuShares":null,"CpuQuota":null,"CpusetCpus":null,"CpusetMems":null,"Devices":null,"DeviceCgroupRules":null,"DeviceRequests":null,"DiskQuota":null,"Dns":null,"DnsOptions":null,"DnsSearch":null,"ExtraHosts":[],"GroupAdd":null,"IpcMode":null,"Cgroup":null,"Links":[],"LogConfig":null,"LxcConf":null,"Memory":null,"MemorySwap":null,"MemoryReservation":null,"KernelMemory":null,"NetworkMode":null,"OomKillDisable":null,"Init":null,"AutoRemove":true,"OomScoreAdj":null,"PortBindings":{"8080/tcp":[{"HostIp":"","HostPort":""}]},"Privileged":true,"PublishAllPorts":null,"ReadonlyRootfs":null,"RestartPolicy":null,"Ulimits":null,"CpuCount":null,"CpuPercent":null,"IOMaximumIOps":null,"IOMaximumBandwidth":null,"VolumesFrom":[],"Mounts":null,"PidMode":null,"Isolation":null,"SecurityOpt":null,"StorageOpt":null,"CgroupParent":null,"VolumeDriver":null,"ShmSize":null,"PidsLimit":null,"Runtime":null,"Tmpfs":null,"UTSMode":null,"UsernsMode":null,"Sysctls":null,"ConsoleSize":null,"CgroupnsMode":null},"Labels":{"org.testcontainers":"true","org.testcontainers.lang":"java","org.testcontainers.version":"1.19.8"},"Shell":null,"NetworkingConfig":null}"
2026-02-26 11:48:59 [main] DEBUG c.g.d.z.s.o.a.hc.client5.http.wire - http-outgoing-0 << "HTTP/1.1 201 Created[\r][\n]"
2026-02-26 11:48:59 [main] DEBUG c.g.d.z.s.o.a.hc.client5.http.wire - http-outgoing-0 << "Api-Version: 1.51[\r][\n]"
2026-02-26 11:48:59 [main] DEBUG c.g.d.z.s.o.a.hc.client5.http.wire - http-outgoing-0 << "Content-Type: application/json[\r][\n]"
2026-02-26 11:48:59 [main] DEBUG c.g.d.z.s.o.a.hc.client5.http.wire - http-outgoing-0 << "Date: Thu, 26 Feb 2026 08:48:59 GMT[\r][\n]"
2026-02-26 11:48:59 [main] DEBUG c.g.d.z.s.o.a.hc.client5.http.wire - http-outgoing-0 << "Docker-Experimental: false[\r][\n]"
2026-02-26 11:48:59 [main] DEBUG c.g.d.z.s.o.a.hc.client5.http.wire - http-outgoing-0 << "Ostype: linux[\r][\n]"
2026-02-26 11:48:59 [main] DEBUG c.g.d.z.s.o.a.hc.client5.http.wire - http-outgoing-0 << "Server: Docker/28.4.0 (linux)[\r][\n]"
2026-02-26 11:48:59 [main] DEBUG c.g.d.z.s.o.a.hc.client5.http.wire - http-outgoing-0 << "Transfer-Encoding: chunked[\r][\n]"
2026-02-26 11:48:59 [main] DEBUG c.g.d.z.s.o.a.hc.client5.http.wire - http-outgoing-0 << "[\r][\n]"
2026-02-26 11:48:59 [main] DEBUG c.g.d.z.s.o.a.hc.client5.http.wire - http-outgoing-0 << "58[\r][\n]"
2026-02-26 11:48:59 [main] DEBUG c.g.d.z.s.o.a.hc.client5.http.wire - http-outgoing-0 << "{"Id":"422f383cb804d8331028fa4c8783ba66f6d03900f12a89dd9c1bc25c9594ffe3","Warnings":[]}[\n]"
2026-02-26 11:48:59 [main] DEBUG c.g.d.z.s.o.a.hc.client5.http.wire - http-outgoing-0 << "[\r][\n]"
2026-02-26 11:48:59 [main] DEBUG c.g.d.z.s.o.a.h.client5.http.headers - http-outgoing-0 << HTTP/1.1 201 Created
2026-02-26 11:48:59 [main] DEBUG c.g.d.z.s.o.a.h.client5.http.headers - http-outgoing-0 << Api-Version: 1.51
2026-02-26 11:48:59 [main] DEBUG c.g.d.z.s.o.a.h.client5.http.headers - http-outgoing-0 << Content-Type: application/json
2026-02-26 11:48:59 [main] DEBUG c.g.d.z.s.o.a.h.client5.http.headers - http-outgoing-0 << Date: Thu, 26 Feb 2026 08:48:59 GMT
2026-02-26 11:48:59 [main] DEBUG c.g.d.z.s.o.a.h.client5.http.headers - http-outgoing-0 << Docker-Experimental: false
2026-02-26 11:48:59 [main] DEBUG c.g.d.z.s.o.a.h.client5.http.headers - http-outgoing-0 << Ostype: linux
2026-02-26 11:48:59 [main] DEBUG c.g.d.z.s.o.a.h.client5.http.headers - http-outgoing-0 << Server: Docker/28.4.0 (linux)
2026-02-26 11:48:59 [main] DEBUG c.g.d.z.s.o.a.h.client5.http.headers - http-outgoing-0 << Transfer-Encoding: chunked
2026-02-26 11:48:59 [main] DEBUG c.g.d.z.s.o.a.h.c.h.i.c.MainClientExec - ex-00000004: connection can be kept alive for 3 MINUTES
2026-02-26 11:48:59 [main] DEBUG c.g.d.z.s.o.a.hc.client5.http.wire - http-outgoing-0 << "0[\r][\n]"
2026-02-26 11:48:59 [main] DEBUG c.g.d.z.s.o.a.hc.client5.http.wire - http-outgoing-0 << "[\r][\n]"
2026-02-26 11:48:59 [main] DEBUG c.g.d.z.s.o.a.h.c.h.i.c.InternalHttpClient - ep-00000003: releasing valid endpoint
2026-02-26 11:48:59 [main] DEBUG c.g.d.z.s.o.a.h.c.h.i.i.PoolingHttpClientConnectionManager - ep-00000003: releasing endpoint
2026-02-26 11:48:59 [main] DEBUG c.g.d.z.s.o.a.h.c.h.i.i.PoolingHttpClientConnectionManager - ep-00000003: connection http-outgoing-0 can be kept alive for 3 MINUTES
2026-02-26 11:48:59 [main] DEBUG c.g.d.z.s.o.a.h.c.h.i.i.PoolingHttpClientConnectionManager - ep-00000003: connection released [route: {}->unix://localhost:2375][total available: 1; route allocated: 1 of 2147483647; total allocated: 1 of 2147483647]
2026-02-26 11:48:59 [main] INFO  tc.testcontainers/ryuk:0.7.0 - Container testcontainers/ryuk:0.7.0 is starting: 422f383cb804d8331028fa4c8783ba66f6d03900f12a89dd9c1bc25c9594ffe3
2026-02-26 11:48:59 [main] DEBUG o.t.s.c.g.d.c.command.AbstrDockerCmd - Cmd: 422f383cb804d8331028fa4c8783ba66f6d03900f12a89dd9c1bc25c9594ffe3
2026-02-26 11:48:59 [main] DEBUG c.g.d.z.s.o.a.h.c.h.i.c.InternalHttpClient - ex-00000005: preparing request execution
2026-02-26 11:48:59 [main] DEBUG c.g.d.z.s.o.a.h.c.h.p.RequestAddCookies - Cookie spec selected: strict
2026-02-26 11:48:59 [main] DEBUG c.g.d.z.s.o.a.h.c.h.p.RequestAuthCache - Auth cache not set in the context
2026-02-26 11:48:59 [main] DEBUG c.g.d.z.s.o.a.h.c.h.i.c.ProtocolExec - ex-00000005: target auth state: UNCHALLENGED
2026-02-26 11:48:59 [main] DEBUG c.g.d.z.s.o.a.h.c.h.i.c.ProtocolExec - ex-00000005: proxy auth state: UNCHALLENGED
2026-02-26 11:48:59 [main] DEBUG c.g.d.z.s.o.a.h.c.h.i.c.ConnectExec - ex-00000005: acquiring connection with route {}->unix://localhost:2375
2026-02-26 11:48:59 [main] DEBUG c.g.d.z.s.o.a.h.c.h.i.c.InternalHttpClient - ex-00000005: acquiring endpoint (3 MINUTES)
2026-02-26 11:48:59 [main] DEBUG c.g.d.z.s.o.a.h.c.h.i.i.PoolingHttpClientConnectionManager - ex-00000005: endpoint lease request (3 MINUTES) [route: {}->unix://localhost:2375][total available: 1; route allocated: 1 of 2147483647; total allocated: 1 of 2147483647]
2026-02-26 11:48:59 [main] DEBUG c.g.d.z.s.o.a.h.c.h.i.i.PoolingHttpClientConnectionManager - ex-00000005: endpoint leased [route: {}->unix://localhost:2375][total available: 0; route allocated: 1 of 2147483647; total allocated: 1 of 2147483647]
2026-02-26 11:48:59 [main] DEBUG c.g.d.z.s.o.a.h.c.h.i.i.PoolingHttpClientConnectionManager - ex-00000005: acquired ep-00000004
2026-02-26 11:48:59 [main] DEBUG c.g.d.z.s.o.a.h.c.h.i.c.InternalHttpClient - ex-00000005: acquired endpoint ep-00000004
2026-02-26 11:48:59 [main] DEBUG c.g.d.z.s.o.a.h.c.h.i.c.MainClientExec - ex-00000005: executing POST /v1.32/containers/422f383cb804d8331028fa4c8783ba66f6d03900f12a89dd9c1bc25c9594ffe3/start HTTP/1.1
2026-02-26 11:48:59 [main] DEBUG c.g.d.z.s.o.a.h.c.h.i.c.InternalHttpClient - ep-00000004: start execution ex-00000005
2026-02-26 11:48:59 [main] DEBUG c.g.d.z.s.o.a.h.c.h.i.i.PoolingHttpClientConnectionManager - ep-00000004: executing exchange ex-00000005 over http-outgoing-0
2026-02-26 11:48:59 [main] DEBUG c.g.d.z.s.o.a.h.client5.http.headers - http-outgoing-0 >> POST /v1.32/containers/422f383cb804d8331028fa4c8783ba66f6d03900f12a89dd9c1bc25c9594ffe3/start HTTP/1.1
2026-02-26 11:48:59 [main] DEBUG c.g.d.z.s.o.a.h.client5.http.headers - http-outgoing-0 >> accept: application/json
2026-02-26 11:48:59 [main] DEBUG c.g.d.z.s.o.a.h.client5.http.headers - http-outgoing-0 >> content-type: application/json
2026-02-26 11:48:59 [main] DEBUG c.g.d.z.s.o.a.h.client5.http.headers - http-outgoing-0 >> x-tc-sid: 3988fffa-3d15-4d59-8a3a-e01fc218ba9e
2026-02-26 11:48:59 [main] DEBUG c.g.d.z.s.o.a.h.client5.http.headers - http-outgoing-0 >> User-Agent: tc-java/1.19.8
2026-02-26 11:48:59 [main] DEBUG c.g.d.z.s.o.a.h.client5.http.headers - http-outgoing-0 >> Accept-Encoding: gzip, x-gzip, deflate
2026-02-26 11:48:59 [main] DEBUG c.g.d.z.s.o.a.h.client5.http.headers - http-outgoing-0 >> Host: localhost:2375
2026-02-26 11:48:59 [main] DEBUG c.g.d.z.s.o.a.h.client5.http.headers - http-outgoing-0 >> Connection: keep-alive
2026-02-26 11:48:59 [main] DEBUG c.g.d.z.s.o.a.hc.client5.http.wire - http-outgoing-0 >> "POST /v1.32/containers/422f383cb804d8331028fa4c8783ba66f6d03900f12a89dd9c1bc25c9594ffe3/start HTTP/1.1[\r][\n]"
2026-02-26 11:48:59 [main] DEBUG c.g.d.z.s.o.a.hc.client5.http.wire - http-outgoing-0 >> "accept: application/json[\r][\n]"
2026-02-26 11:48:59 [main] DEBUG c.g.d.z.s.o.a.hc.client5.http.wire - http-outgoing-0 >> "content-type: application/json[\r][\n]"
2026-02-26 11:48:59 [main] DEBUG c.g.d.z.s.o.a.hc.client5.http.wire - http-outgoing-0 >> "x-tc-sid: 3988fffa-3d15-4d59-8a3a-e01fc218ba9e[\r][\n]"
2026-02-26 11:48:59 [main] DEBUG c.g.d.z.s.o.a.hc.client5.http.wire - http-outgoing-0 >> "User-Agent: tc-java/1.19.8[\r][\n]"
2026-02-26 11:48:59 [main] DEBUG c.g.d.z.s.o.a.hc.client5.http.wire - http-outgoing-0 >> "Accept-Encoding: gzip, x-gzip, deflate[\r][\n]"
2026-02-26 11:48:59 [main] DEBUG c.g.d.z.s.o.a.hc.client5.http.wire - http-outgoing-0 >> "Host: localhost:2375[\r][\n]"
2026-02-26 11:48:59 [main] DEBUG c.g.d.z.s.o.a.hc.client5.http.wire - http-outgoing-0 >> "Connection: keep-alive[\r][\n]"
2026-02-26 11:48:59 [main] DEBUG c.g.d.z.s.o.a.hc.client5.http.wire - http-outgoing-0 >> "[\r][\n]"
2026-02-26 11:48:59 [main] DEBUG c.g.d.z.s.o.a.hc.client5.http.wire - http-outgoing-0 << "HTTP/1.1 204 No Content[\r][\n]"
2026-02-26 11:48:59 [main] DEBUG c.g.d.z.s.o.a.hc.client5.http.wire - http-outgoing-0 << "Api-Version: 1.51[\r][\n]"
2026-02-26 11:48:59 [main] DEBUG c.g.d.z.s.o.a.hc.client5.http.wire - http-outgoing-0 << "Date: Thu, 26 Feb 2026 08:48:59 GMT[\r][\n]"
2026-02-26 11:48:59 [main] DEBUG c.g.d.z.s.o.a.hc.client5.http.wire - http-outgoing-0 << "Docker-Experimental: false[\r][\n]"
2026-02-26 11:48:59 [main] DEBUG c.g.d.z.s.o.a.hc.client5.http.wire - http-outgoing-0 << "Ostype: linux[\r][\n]"
2026-02-26 11:48:59 [main] DEBUG c.g.d.z.s.o.a.hc.client5.http.wire - http-outgoing-0 << "Server: Docker/28.4.0 (linux)[\r][\n]"
2026-02-26 11:48:59 [main] DEBUG c.g.d.z.s.o.a.hc.client5.http.wire - http-outgoing-0 << "[\r][\n]"
2026-02-26 11:48:59 [main] DEBUG c.g.d.z.s.o.a.h.client5.http.headers - http-outgoing-0 << HTTP/1.1 204 No Content
2026-02-26 11:48:59 [main] DEBUG c.g.d.z.s.o.a.h.client5.http.headers - http-outgoing-0 << Api-Version: 1.51
2026-02-26 11:48:59 [main] DEBUG c.g.d.z.s.o.a.h.client5.http.headers - http-outgoing-0 << Date: Thu, 26 Feb 2026 08:48:59 GMT
2026-02-26 11:48:59 [main] DEBUG c.g.d.z.s.o.a.h.client5.http.headers - http-outgoing-0 << Docker-Experimental: false
2026-02-26 11:48:59 [main] DEBUG c.g.d.z.s.o.a.h.client5.http.headers - http-outgoing-0 << Ostype: linux
2026-02-26 11:48:59 [main] DEBUG c.g.d.z.s.o.a.h.client5.http.headers - http-outgoing-0 << Server: Docker/28.4.0 (linux)
2026-02-26 11:48:59 [main] DEBUG c.g.d.z.s.o.a.h.c.h.i.c.MainClientExec - ex-00000005: connection can be kept alive for 3 MINUTES
2026-02-26 11:48:59 [main] DEBUG c.g.d.z.s.o.a.h.c.h.i.c.InternalHttpClient - ep-00000004: releasing valid endpoint
2026-02-26 11:48:59 [main] DEBUG c.g.d.z.s.o.a.h.c.h.i.i.PoolingHttpClientConnectionManager - ep-00000004: releasing endpoint
2026-02-26 11:48:59 [main] DEBUG c.g.d.z.s.o.a.h.c.h.i.i.PoolingHttpClientConnectionManager - ep-00000004: connection http-outgoing-0 can be kept alive for 3 MINUTES
2026-02-26 11:48:59 [main] DEBUG c.g.d.z.s.o.a.h.c.h.i.i.PoolingHttpClientConnectionManager - ep-00000004: connection released [route: {}->unix://localhost:2375][total available: 1; route allocated: 1 of 2147483647; total allocated: 1 of 2147483647]
2026-02-26 11:48:59 [main] DEBUG o.t.s.c.g.d.c.command.AbstrDockerCmd - Cmd: 422f383cb804d8331028fa4c8783ba66f6d03900f12a89dd9c1bc25c9594ffe3,false
2026-02-26 11:48:59 [main] DEBUG o.t.s.c.g.d.c.e.InspectContainerCmdExec - GET: DefaultWebTarget{path=[/containers/422f383cb804d8331028fa4c8783ba66f6d03900f12a89dd9c1bc25c9594ffe3/json], queryParams={}}
2026-02-26 11:48:59 [main] DEBUG c.g.d.z.s.o.a.h.c.h.i.c.InternalHttpClient - ex-00000006: preparing request execution
2026-02-26 11:48:59 [main] DEBUG c.g.d.z.s.o.a.h.c.h.p.RequestAddCookies - Cookie spec selected: strict
2026-02-26 11:48:59 [main] DEBUG c.g.d.z.s.o.a.h.c.h.p.RequestAuthCache - Auth cache not set in the context
2026-02-26 11:48:59 [main] DEBUG c.g.d.z.s.o.a.h.c.h.i.c.ProtocolExec - ex-00000006: target auth state: UNCHALLENGED
2026-02-26 11:48:59 [main] DEBUG c.g.d.z.s.o.a.h.c.h.i.c.ProtocolExec - ex-00000006: proxy auth state: UNCHALLENGED
2026-02-26 11:48:59 [main] DEBUG c.g.d.z.s.o.a.h.c.h.i.c.ConnectExec - ex-00000006: acquiring connection with route {}->unix://localhost:2375
2026-02-26 11:48:59 [main] DEBUG c.g.d.z.s.o.a.h.c.h.i.c.InternalHttpClient - ex-00000006: acquiring endpoint (3 MINUTES)
2026-02-26 11:48:59 [main] DEBUG c.g.d.z.s.o.a.h.c.h.i.i.PoolingHttpClientConnectionManager - ex-00000006: endpoint lease request (3 MINUTES) [route: {}->unix://localhost:2375][total available: 1; route allocated: 1 of 2147483647; total allocated: 1 of 2147483647]
2026-02-26 11:48:59 [main] DEBUG c.g.d.z.s.o.a.h.c.h.i.i.PoolingHttpClientConnectionManager - ex-00000006: endpoint leased [route: {}->unix://localhost:2375][total available: 0; route allocated: 1 of 2147483647; total allocated: 1 of 2147483647]
2026-02-26 11:48:59 [main] DEBUG c.g.d.z.s.o.a.h.c.h.i.i.PoolingHttpClientConnectionManager - ex-00000006: acquired ep-00000005
2026-02-26 11:48:59 [main] DEBUG c.g.d.z.s.o.a.h.c.h.i.c.InternalHttpClient - ex-00000006: acquired endpoint ep-00000005
2026-02-26 11:48:59 [main] DEBUG c.g.d.z.s.o.a.h.c.h.i.c.MainClientExec - ex-00000006: executing GET /v1.32/containers/422f383cb804d8331028fa4c8783ba66f6d03900f12a89dd9c1bc25c9594ffe3/json HTTP/1.1
2026-02-26 11:48:59 [main] DEBUG c.g.d.z.s.o.a.h.c.h.i.c.InternalHttpClient - ep-00000005: start execution ex-00000006
2026-02-26 11:48:59 [main] DEBUG c.g.d.z.s.o.a.h.c.h.i.i.PoolingHttpClientConnectionManager - ep-00000005: executing exchange ex-00000006 over http-outgoing-0
2026-02-26 11:48:59 [main] DEBUG c.g.d.z.s.o.a.h.client5.http.headers - http-outgoing-0 >> GET /v1.32/containers/422f383cb804d8331028fa4c8783ba66f6d03900f12a89dd9c1bc25c9594ffe3/json HTTP/1.1
2026-02-26 11:48:59 [main] DEBUG c.g.d.z.s.o.a.h.client5.http.headers - http-outgoing-0 >> accept: application/json
2026-02-26 11:48:59 [main] DEBUG c.g.d.z.s.o.a.h.client5.http.headers - http-outgoing-0 >> x-tc-sid: 3988fffa-3d15-4d59-8a3a-e01fc218ba9e
2026-02-26 11:48:59 [main] DEBUG c.g.d.z.s.o.a.h.client5.http.headers - http-outgoing-0 >> User-Agent: tc-java/1.19.8
2026-02-26 11:48:59 [main] DEBUG c.g.d.z.s.o.a.h.client5.http.headers - http-outgoing-0 >> Accept-Encoding: gzip, x-gzip, deflate
2026-02-26 11:48:59 [main] DEBUG c.g.d.z.s.o.a.h.client5.http.headers - http-outgoing-0 >> Host: localhost:2375
2026-02-26 11:48:59 [main] DEBUG c.g.d.z.s.o.a.h.client5.http.headers - http-outgoing-0 >> Connection: keep-alive
2026-02-26 11:48:59 [main] DEBUG c.g.d.z.s.o.a.hc.client5.http.wire - http-outgoing-0 >> "GET /v1.32/containers/422f383cb804d8331028fa4c8783ba66f6d03900f12a89dd9c1bc25c9594ffe3/json HTTP/1.1[\r][\n]"
2026-02-26 11:48:59 [main] DEBUG c.g.d.z.s.o.a.hc.client5.http.wire - http-outgoing-0 >> "accept: application/json[\r][\n]"
2026-02-26 11:48:59 [main] DEBUG c.g.d.z.s.o.a.hc.client5.http.wire - http-outgoing-0 >> "x-tc-sid: 3988fffa-3d15-4d59-8a3a-e01fc218ba9e[\r][\n]"
2026-02-26 11:48:59 [main] DEBUG c.g.d.z.s.o.a.hc.client5.http.wire - http-outgoing-0 >> "User-Agent: tc-java/1.19.8[\r][\n]"
2026-02-26 11:48:59 [main] DEBUG c.g.d.z.s.o.a.hc.client5.http.wire - http-outgoing-0 >> "Accept-Encoding: gzip, x-gzip, deflate[\r][\n]"
2026-02-26 11:48:59 [main] DEBUG c.g.d.z.s.o.a.hc.client5.http.wire - http-outgoing-0 >> "Host: localhost:2375[\r][\n]"
2026-02-26 11:48:59 [main] DEBUG c.g.d.z.s.o.a.hc.client5.http.wire - http-outgoing-0 >> "Connection: keep-alive[\r][\n]"
2026-02-26 11:48:59 [main] DEBUG c.g.d.z.s.o.a.hc.client5.http.wire - http-outgoing-0 >> "[\r][\n]"
2026-02-26 11:48:59 [main] DEBUG c.g.d.z.s.o.a.hc.client5.http.wire - http-outgoing-0 << "HTTP/1.1 200 OK[\r][\n]"
2026-02-26 11:48:59 [main] DEBUG c.g.d.z.s.o.a.hc.client5.http.wire - http-outgoing-0 << "Api-Version: 1.51[\r][\n]"
2026-02-26 11:48:59 [main] DEBUG c.g.d.z.s.o.a.hc.client5.http.wire - http-outgoing-0 << "Content-Type: application/json[\r][\n]"
2026-02-26 11:48:59 [main] DEBUG c.g.d.z.s.o.a.hc.client5.http.wire - http-outgoing-0 << "Date: Thu, 26 Feb 2026 08:48:59 GMT[\r][\n]"
2026-02-26 11:48:59 [main] DEBUG c.g.d.z.s.o.a.hc.client5.http.wire - http-outgoing-0 << "Docker-Experimental: false[\r][\n]"
2026-02-26 11:48:59 [main] DEBUG c.g.d.z.s.o.a.hc.client5.http.wire - http-outgoing-0 << "Ostype: linux[\r][\n]"
2026-02-26 11:48:59 [main] DEBUG c.g.d.z.s.o.a.hc.client5.http.wire - http-outgoing-0 << "Server: Docker/28.4.0 (linux)[\r][\n]"
2026-02-26 11:48:59 [main] DEBUG c.g.d.z.s.o.a.hc.client5.http.wire - http-outgoing-0 << "Transfer-Encoding: chunked[\r][\n]"
2026-02-26 11:48:59 [main] DEBUG c.g.d.z.s.o.a.hc.client5.http.wire - http-outgoing-0 << "[\r][\n]"
2026-02-26 11:48:59 [main] DEBUG c.g.d.z.s.o.a.h.client5.http.headers - http-outgoing-0 << HTTP/1.1 200 OK
2026-02-26 11:48:59 [main] DEBUG c.g.d.z.s.o.a.h.client5.http.headers - http-outgoing-0 << Api-Version: 1.51
2026-02-26 11:48:59 [main] DEBUG c.g.d.z.s.o.a.h.client5.http.headers - http-outgoing-0 << Content-Type: application/json
2026-02-26 11:48:59 [main] DEBUG c.g.d.z.s.o.a.h.client5.http.headers - http-outgoing-0 << Date: Thu, 26 Feb 2026 08:48:59 GMT
2026-02-26 11:48:59 [main] DEBUG c.g.d.z.s.o.a.h.client5.http.headers - http-outgoing-0 << Docker-Experimental: false
2026-02-26 11:48:59 [main] DEBUG c.g.d.z.s.o.a.h.client5.http.headers - http-outgoing-0 << Ostype: linux
2026-02-26 11:48:59 [main] DEBUG c.g.d.z.s.o.a.h.client5.http.headers - http-outgoing-0 << Server: Docker/28.4.0 (linux)
2026-02-26 11:48:59 [main] DEBUG c.g.d.z.s.o.a.h.client5.http.headers - http-outgoing-0 << Transfer-Encoding: chunked
2026-02-26 11:48:59 [main] DEBUG c.g.d.z.s.o.a.h.c.h.i.c.MainClientExec - ex-00000006: connection can be kept alive for 3 MINUTES
2026-02-26 11:48:59 [main] DEBUG c.g.d.z.s.o.a.hc.client5.http.wire - http-outgoing-0 << "10d2[\r][\n]"
2026-02-26 11:48:59 [main] DEBUG c.g.d.z.s.o.a.hc.client5.http.wire - http-outgoing-0 << "{"Id":"422f383cb804d8331028fa4c8783ba66f6d03900f12a89dd9c1bc25c9594ffe3","Created":"2026-02-26T08:48:59.545064991Z","Path":"/bin/ryuk","Args":[],"State":{"Status":"running","Running":true,"Paused":false,"Restarting":false,"OOMKilled":false,"Dead":false,"Pid":612,"ExitCode":0,"Error":"","StartedAt":"2026-02-26T08:48:59.723791653Z","FinishedAt":"0001-01-01T00:00:00Z"},"Image":"sha256:bcbee39cd601396958ba1bd06ea14ad64ce0ea709de29a427d741d1f5262080a","ResolvConfPath":"/var/lib/docker/containers/422f383cb804d8331028fa4c8783ba66f6d03900f12a89dd9c1bc25c9594ffe3/resolv.conf","HostnamePath":"/var/lib/docker/containers/422f383cb804d8331028fa4c8783ba66f6d03900f12a89dd9c1bc25c9594ffe3/hostname","HostsPath":"/var/lib/docker/containers/422f383cb804d8331028fa4c8783ba66f6d03900f12a89dd9c1bc25c9594ffe3/hosts","LogPath":"/var/lib/docker/containers/422f383cb804d8331028fa4c8783ba66f6d03900f12a89dd9c1bc25c9594ffe3/422f383cb804d8331028fa4c8783ba66f6d03900f12a89dd9c1bc25c9594ffe3-json.log","Name":"/testcontainers-ryuk-3988fffa-3d15-4d59-8a3a-e01fc218ba9e","RestartCount":0,"Driver":"overlayfs","Platform":"linux","MountLabel":"","ProcessLabel":"","AppArmorProfile":"","ExecIDs":null,"HostConfig":{"Binds":["/var/run/docker.sock:/var/run/docker.sock:rw"],"ContainerIDFile":"","LogConfig":{"Type":"json-file","Config":{}},"NetworkMode":"bridge","PortBindings":{"8080/tcp":[{"HostIp":"","HostPort":""}]},"RestartPolicy":{"Name":"no","MaximumRetryCount":0},"AutoRemove":true,"VolumeDriver":"","VolumesFrom":[],"ConsoleSize":[0,0],"CapAdd":null,"CapDrop":null,"CgroupnsMode":"private","Dns":null,"DnsOptions":null,"DnsSearch":null,"ExtraHosts":[],"GroupAdd":null,"IpcMode":"shareable","Cgroup":"","Links":null,"OomScoreAdj":0,"PidMode":"","Privileged":true,"PublishAllPorts":false,"ReadonlyRootfs":false,"SecurityOpt":["label=disable"],"UTSMode":"","UsernsMode":"","ShmSize":67108864,"Runtime":"runc","Isolation":"","CpuShares":0,"Memory":0,"NanoCpus":0,"CgroupParent":"","BlkioWeight":0,"BlkioWeightDevice":null,"BlkioDeviceReadBps":null,"BlkioDeviceWriteBps":null,"BlkioDeviceReadIOps":null,"BlkioDeviceWriteIOps":null,"CpuPeriod":0,"CpuQuota":0,"CpuRealtimePeriod":0,"CpuRealtimeRuntime":0,"CpusetCpus":"","CpusetMems":"","Devices":null,"DeviceCgroupRules":null,"DeviceRequests":null,"MemoryReservation":0,"MemorySwap":0,"MemorySwappiness":null,"OomKillDisable":null,"PidsLimit":null,"Ulimits":null,"CpuCount":0,"CpuPercent":0,"IOMaximumIOps":0,"IOMaximumBandwidth":0,"MaskedPaths":null,"ReadonlyPaths":null},"GraphDriver":{"Data":null,"Name":"overlayfs"},"Mounts":[{"Type":"bind","Source":"/var/run/docker.sock","Destination":"/var/run/docker.sock","Mode":"rw","RW":true,"Propagation":"rprivate"}],"Config":{"Hostname":"422f383cb804","Domainname":"","User":"","AttachStdin":false,"AttachStdout":false,"AttachStderr":false,"ExposedPorts":{"8080/tcp":{}},"Tty":false,"OpenStdin":false,"StdinOnce":false,"Env":["PATH=/usr/local/sbin:/usr/local/bin:/usr/sbin:/usr/bin:/sbin:/bin"],"Cmd":["/bin/ryuk"],"Image":"testcontainers/ryuk:0.7.0","Volumes":null,"WorkingDir":"","Entrypoint":null,"OnBuild":null,"Labels":{"org.testcontainers":"true","org.testcontainers.lang":"java","org.testcontainers.ryuk":"true","org.testcontainers.version":"1.19.8"}},"NetworkSettings":{"Bridge":"","SandboxID":"ca406951a1cd0432150389ef4504bfd28857c3459665155aa78059a4abea8220","SandboxKey":"/var/run/docker/netns/ca406951a1cd","Ports":{"8080/tcp":[{"HostIp":"0.0.0.0","HostPort":"46655"},{"HostIp":"::","HostPort":"46655"}]},"HairpinMode":false,"LinkLocalIPv6Address":"","LinkLocalIPv6PrefixLen":0,"SecondaryIPAddresses":null,"SecondaryIPv6Addresses":null,"EndpointID":"51d6985ab9aaffedf1cd0292f76c318e3ecc0ca95f430e9dedb99af387a678aa","Gateway":"172.17.0.1","GlobalIPv6Address":"","GlobalIPv6PrefixLen":0,"IPAddress":"172.17.0.2","IPPrefixLen":16,"IPv6Gateway":"","MacAddress":"52:88:96:af:37:53","Networks":{"bridge":{"IPAMConfig":null,"Links":null,"Aliases":null,"MacAddress":"52:88:96:af:37:53","DriverOpts":null,"GwPriority":0,"NetworkID":"3d2b1ff79ad788ceacbe0a31d8809e1b169bea8cd21b32b06f23fe4e292c9b28","EndpointID":"51d6985ab9aaffedf1cd0292f76c318e3ecc0ca95f430e9dedb99af387a678aa","Gateway":"172.17.0.1","IPAddress":"172.17.0.2","IPPrefixLen":16,"IPv6Gateway":"","GlobalIPv6Address":"","GlobalIPv6PrefixLen":0,"DNSNames":null}}}}[\n]"
2026-02-26 11:48:59 [main] DEBUG c.g.d.z.s.o.a.hc.client5.http.wire - http-outgoing-0 << "[\r][\n]"
2026-02-26 11:48:59 [main] DEBUG c.g.d.z.s.o.a.hc.client5.http.wire - http-outgoing-0 << "0[\r][\n]"
2026-02-26 11:48:59 [main] DEBUG c.g.d.z.s.o.a.hc.client5.http.wire - http-outgoing-0 << "[\r][\n]"
2026-02-26 11:48:59 [main] DEBUG c.g.d.z.s.o.a.h.c.h.i.c.InternalHttpClient - ep-00000005: releasing valid endpoint
2026-02-26 11:48:59 [main] DEBUG c.g.d.z.s.o.a.h.c.h.i.i.PoolingHttpClientConnectionManager - ep-00000005: releasing endpoint
2026-02-26 11:48:59 [main] DEBUG c.g.d.z.s.o.a.h.c.h.i.i.PoolingHttpClientConnectionManager - ep-00000005: connection http-outgoing-0 can be kept alive for 3 MINUTES
2026-02-26 11:48:59 [main] DEBUG c.g.d.z.s.o.a.h.c.h.i.i.PoolingHttpClientConnectionManager - ep-00000005: connection released [route: {}->unix://localhost:2375][total available: 1; route allocated: 1 of 2147483647; total allocated: 1 of 2147483647]
2026-02-26 11:48:59 [main] DEBUG o.t.s.c.g.d.c.command.AbstrDockerCmd - Cmd: sha256:bcbee39cd601396958ba1bd06ea14ad64ce0ea709de29a427d741d1f5262080a
2026-02-26 11:48:59 [main] DEBUG c.g.d.z.s.o.a.h.c.h.i.c.InternalHttpClient - ex-00000007: preparing request execution
2026-02-26 11:48:59 [main] DEBUG c.g.d.z.s.o.a.h.c.h.p.RequestAddCookies - Cookie spec selected: strict
2026-02-26 11:48:59 [main] DEBUG c.g.d.z.s.o.a.h.c.h.p.RequestAuthCache - Auth cache not set in the context
2026-02-26 11:48:59 [main] DEBUG c.g.d.z.s.o.a.h.c.h.i.c.ProtocolExec - ex-00000007: target auth state: UNCHALLENGED
2026-02-26 11:48:59 [main] DEBUG c.g.d.z.s.o.a.h.c.h.i.c.ProtocolExec - ex-00000007: proxy auth state: UNCHALLENGED
2026-02-26 11:48:59 [main] DEBUG c.g.d.z.s.o.a.h.c.h.i.c.ConnectExec - ex-00000007: acquiring connection with route {}->unix://localhost:2375
2026-02-26 11:48:59 [main] DEBUG c.g.d.z.s.o.a.h.c.h.i.c.InternalHttpClient - ex-00000007: acquiring endpoint (3 MINUTES)
2026-02-26 11:48:59 [main] DEBUG c.g.d.z.s.o.a.h.c.h.i.i.PoolingHttpClientConnectionManager - ex-00000007: endpoint lease request (3 MINUTES) [route: {}->unix://localhost:2375][total available: 1; route allocated: 1 of 2147483647; total allocated: 1 of 2147483647]
2026-02-26 11:48:59 [main] DEBUG c.g.d.z.s.o.a.h.c.h.i.i.PoolingHttpClientConnectionManager - ex-00000007: endpoint leased [route: {}->unix://localhost:2375][total available: 0; route allocated: 1 of 2147483647; total allocated: 1 of 2147483647]
2026-02-26 11:48:59 [main] DEBUG c.g.d.z.s.o.a.h.c.h.i.i.PoolingHttpClientConnectionManager - ex-00000007: acquired ep-00000006
2026-02-26 11:48:59 [main] DEBUG c.g.d.z.s.o.a.h.c.h.i.c.InternalHttpClient - ex-00000007: acquired endpoint ep-00000006
2026-02-26 11:48:59 [main] DEBUG c.g.d.z.s.o.a.h.c.h.i.c.MainClientExec - ex-00000007: executing GET /v1.32/images/sha256:bcbee39cd601396958ba1bd06ea14ad64ce0ea709de29a427d741d1f5262080a/json HTTP/1.1
2026-02-26 11:48:59 [main] DEBUG c.g.d.z.s.o.a.h.c.h.i.c.InternalHttpClient - ep-00000006: start execution ex-00000007
2026-02-26 11:48:59 [main] DEBUG c.g.d.z.s.o.a.h.c.h.i.i.PoolingHttpClientConnectionManager - ep-00000006: executing exchange ex-00000007 over http-outgoing-0
2026-02-26 11:48:59 [main] DEBUG c.g.d.z.s.o.a.h.client5.http.headers - http-outgoing-0 >> GET /v1.32/images/sha256:bcbee39cd601396958ba1bd06ea14ad64ce0ea709de29a427d741d1f5262080a/json HTTP/1.1
2026-02-26 11:48:59 [main] DEBUG c.g.d.z.s.o.a.h.client5.http.headers - http-outgoing-0 >> accept: application/json
2026-02-26 11:48:59 [main] DEBUG c.g.d.z.s.o.a.h.client5.http.headers - http-outgoing-0 >> x-tc-sid: 3988fffa-3d15-4d59-8a3a-e01fc218ba9e
2026-02-26 11:48:59 [main] DEBUG c.g.d.z.s.o.a.h.client5.http.headers - http-outgoing-0 >> User-Agent: tc-java/1.19.8
2026-02-26 11:48:59 [main] DEBUG c.g.d.z.s.o.a.h.client5.http.headers - http-outgoing-0 >> Accept-Encoding: gzip, x-gzip, deflate
2026-02-26 11:48:59 [main] DEBUG c.g.d.z.s.o.a.h.client5.http.headers - http-outgoing-0 >> Host: localhost:2375
2026-02-26 11:48:59 [main] DEBUG c.g.d.z.s.o.a.h.client5.http.headers - http-outgoing-0 >> Connection: keep-alive
2026-02-26 11:48:59 [main] DEBUG c.g.d.z.s.o.a.hc.client5.http.wire - http-outgoing-0 >> "GET /v1.32/images/sha256:bcbee39cd601396958ba1bd06ea14ad64ce0ea709de29a427d741d1f5262080a/json HTTP/1.1[\r][\n]"
2026-02-26 11:48:59 [main] DEBUG c.g.d.z.s.o.a.hc.client5.http.wire - http-outgoing-0 >> "accept: application/json[\r][\n]"
2026-02-26 11:48:59 [main] DEBUG c.g.d.z.s.o.a.hc.client5.http.wire - http-outgoing-0 >> "x-tc-sid: 3988fffa-3d15-4d59-8a3a-e01fc218ba9e[\r][\n]"
2026-02-26 11:48:59 [main] DEBUG c.g.d.z.s.o.a.hc.client5.http.wire - http-outgoing-0 >> "User-Agent: tc-java/1.19.8[\r][\n]"
2026-02-26 11:48:59 [main] DEBUG c.g.d.z.s.o.a.hc.client5.http.wire - http-outgoing-0 >> "Accept-Encoding: gzip, x-gzip, deflate[\r][\n]"
2026-02-26 11:48:59 [main] DEBUG c.g.d.z.s.o.a.hc.client5.http.wire - http-outgoing-0 >> "Host: localhost:2375[\r][\n]"
2026-02-26 11:48:59 [main] DEBUG c.g.d.z.s.o.a.hc.client5.http.wire - http-outgoing-0 >> "Connection: keep-alive[\r][\n]"
2026-02-26 11:48:59 [main] DEBUG c.g.d.z.s.o.a.hc.client5.http.wire - http-outgoing-0 >> "[\r][\n]"
2026-02-26 11:49:00 [main] DEBUG c.g.d.z.s.o.a.hc.client5.http.wire - http-outgoing-0 << "HTTP/1.1 200 OK[\r][\n]"
2026-02-26 11:49:00 [main] DEBUG c.g.d.z.s.o.a.hc.client5.http.wire - http-outgoing-0 << "Api-Version: 1.51[\r][\n]"
2026-02-26 11:49:00 [main] DEBUG c.g.d.z.s.o.a.hc.client5.http.wire - http-outgoing-0 << "Content-Type: application/json[\r][\n]"
2026-02-26 11:49:00 [main] DEBUG c.g.d.z.s.o.a.hc.client5.http.wire - http-outgoing-0 << "Date: Thu, 26 Feb 2026 08:49:00 GMT[\r][\n]"
2026-02-26 11:49:00 [main] DEBUG c.g.d.z.s.o.a.hc.client5.http.wire - http-outgoing-0 << "Docker-Experimental: false[\r][\n]"
2026-02-26 11:49:00 [main] DEBUG c.g.d.z.s.o.a.hc.client5.http.wire - http-outgoing-0 << "Ostype: linux[\r][\n]"
2026-02-26 11:49:00 [main] DEBUG c.g.d.z.s.o.a.hc.client5.http.wire - http-outgoing-0 << "Server: Docker/28.4.0 (linux)[\r][\n]"
2026-02-26 11:49:00 [main] DEBUG c.g.d.z.s.o.a.hc.client5.http.wire - http-outgoing-0 << "Transfer-Encoding: chunked[\r][\n]"
2026-02-26 11:49:00 [main] DEBUG c.g.d.z.s.o.a.hc.client5.http.wire - http-outgoing-0 << "[\r][\n]"
2026-02-26 11:49:00 [main] DEBUG c.g.d.z.s.o.a.h.client5.http.headers - http-outgoing-0 << HTTP/1.1 200 OK
2026-02-26 11:49:00 [main] DEBUG c.g.d.z.s.o.a.h.client5.http.headers - http-outgoing-0 << Api-Version: 1.51
2026-02-26 11:49:00 [main] DEBUG c.g.d.z.s.o.a.h.client5.http.headers - http-outgoing-0 << Content-Type: application/json
2026-02-26 11:49:00 [main] DEBUG c.g.d.z.s.o.a.h.client5.http.headers - http-outgoing-0 << Date: Thu, 26 Feb 2026 08:49:00 GMT
2026-02-26 11:49:00 [main] DEBUG c.g.d.z.s.o.a.h.client5.http.headers - http-outgoing-0 << Docker-Experimental: false
2026-02-26 11:49:00 [main] DEBUG c.g.d.z.s.o.a.h.client5.http.headers - http-outgoing-0 << Ostype: linux
2026-02-26 11:49:00 [main] DEBUG c.g.d.z.s.o.a.h.client5.http.headers - http-outgoing-0 << Server: Docker/28.4.0 (linux)
2026-02-26 11:49:00 [main] DEBUG c.g.d.z.s.o.a.h.client5.http.headers - http-outgoing-0 << Transfer-Encoding: chunked
2026-02-26 11:49:00 [main] DEBUG c.g.d.z.s.o.a.h.c.h.i.c.MainClientExec - ex-00000007: connection can be kept alive for 3 MINUTES
2026-02-26 11:49:00 [main] DEBUG c.g.d.z.s.o.a.hc.client5.http.wire - http-outgoing-0 << "4a4[\r][\n]"
2026-02-26 11:49:00 [main] DEBUG c.g.d.z.s.o.a.hc.client5.http.wire - http-outgoing-0 << "{"Id":"sha256:bcbee39cd601396958ba1bd06ea14ad64ce0ea709de29a427d741d1f5262080a","RepoTags":["testcontainers/ryuk:0.7.0"],"RepoDigests":["testcontainers/ryuk@sha256:bcbee39cd601396958ba1bd06ea14ad64ce0ea709de29a427d741d1f5262080a"],"Parent":"","Comment":"buildkit.dockerfile.v0","Created":"2024-03-08T14:09:00.369000805Z","DockerVersion":"","Author":"","Architecture":"amd64","Os":"linux","Size":6757703,"VirtualSize":6757703,"GraphDriver":{"Data":null,"Name":"overlayfs"},"RootFS":{"Type":"layers","Layers":["sha256:d4fc045c9e3a848011de66f34b81f052d4f2c15a17bb196d637e526349601820","sha256:1236a062c02a5dd3a8fa468360f5822f4d9a0242f1081f026f979cf6f307fe2c","sha256:92748675906f0914067c0e912e071edfea0ffe938ccc5e9821b1cf1dcdcf4544"]},"Metadata":{"LastTagTime":"2026-02-18T09:36:18.873036958Z"},"Config":{"ArgsEscaped":true,"AttachStderr":false,"AttachStdin":false,"AttachStdout":false,"Cmd":["/bin/ryuk"],"Domainname":"","Entrypoint":null,"Env":["PATH=/usr/local/sbin:/usr/local/bin:/usr/sbin:/usr/bin:/sbin:/bin"],"Hostname":"","Image":"","Labels":{"org.testcontainers.ryuk":"true"},"OnBuild":null,"OpenStdin":false,"StdinOnce":false,"Tty":false,"User":"","Volumes":null,"WorkingDir":""}}[\n]"
2026-02-26 11:49:00 [main] DEBUG c.g.d.z.s.o.a.hc.client5.http.wire - http-outgoing-0 << "[\r][\n]"
2026-02-26 11:49:00 [main] DEBUG c.g.d.z.s.o.a.hc.client5.http.wire - http-outgoing-0 << "0[\r][\n]"
2026-02-26 11:49:00 [main] DEBUG c.g.d.z.s.o.a.hc.client5.http.wire - http-outgoing-0 << "[\r][\n]"
2026-02-26 11:49:00 [main] DEBUG c.g.d.z.s.o.a.h.c.h.i.c.InternalHttpClient - ep-00000006: releasing valid endpoint
2026-02-26 11:49:00 [main] DEBUG c.g.d.z.s.o.a.h.c.h.i.i.PoolingHttpClientConnectionManager - ep-00000006: releasing endpoint
2026-02-26 11:49:00 [main] DEBUG c.g.d.z.s.o.a.h.c.h.i.i.PoolingHttpClientConnectionManager - ep-00000006: connection http-outgoing-0 can be kept alive for 3 MINUTES
2026-02-26 11:49:00 [main] DEBUG c.g.d.z.s.o.a.h.c.h.i.i.PoolingHttpClientConnectionManager - ep-00000006: connection released [route: {}->unix://localhost:2375][total available: 1; route allocated: 1 of 2147483647; total allocated: 1 of 2147483647]
2026-02-26 11:49:00 [main] DEBUG o.t.s.c.g.d.c.command.AbstrDockerCmd - Cmd: 
2026-02-26 11:49:00 [main] DEBUG c.g.d.z.s.o.a.h.c.h.i.c.InternalHttpClient - ex-00000008: preparing request execution
2026-02-26 11:49:00 [main] DEBUG c.g.d.z.s.o.a.h.c.h.p.RequestAddCookies - Cookie spec selected: strict
2026-02-26 11:49:00 [main] DEBUG c.g.d.z.s.o.a.h.c.h.p.RequestAuthCache - Auth cache not set in the context
2026-02-26 11:49:00 [main] DEBUG c.g.d.z.s.o.a.h.c.h.i.c.ProtocolExec - ex-00000008: target auth state: UNCHALLENGED
2026-02-26 11:49:00 [main] DEBUG c.g.d.z.s.o.a.h.c.h.i.c.ProtocolExec - ex-00000008: proxy auth state: UNCHALLENGED
2026-02-26 11:49:00 [main] DEBUG c.g.d.z.s.o.a.h.c.h.i.c.ConnectExec - ex-00000008: acquiring connection with route {}->unix://localhost:2375
2026-02-26 11:49:00 [main] DEBUG c.g.d.z.s.o.a.h.c.h.i.c.InternalHttpClient - ex-00000008: acquiring endpoint (3 MINUTES)
2026-02-26 11:49:00 [main] DEBUG c.g.d.z.s.o.a.h.c.h.i.i.PoolingHttpClientConnectionManager - ex-00000008: endpoint lease request (3 MINUTES) [route: {}->unix://localhost:2375][total available: 1; route allocated: 1 of 2147483647; total allocated: 1 of 2147483647]
2026-02-26 11:49:00 [main] DEBUG c.g.d.z.s.o.a.h.c.h.i.i.PoolingHttpClientConnectionManager - ex-00000008: endpoint leased [route: {}->unix://localhost:2375][total available: 0; route allocated: 1 of 2147483647; total allocated: 1 of 2147483647]
2026-02-26 11:49:00 [main] DEBUG c.g.d.z.s.o.a.h.c.h.i.i.PoolingHttpClientConnectionManager - ex-00000008: acquired ep-00000007
2026-02-26 11:49:00 [main] DEBUG c.g.d.z.s.o.a.h.c.h.i.c.InternalHttpClient - ex-00000008: acquired endpoint ep-00000007
2026-02-26 11:49:00 [main] DEBUG c.g.d.z.s.o.a.h.c.h.i.c.MainClientExec - ex-00000008: executing GET /v1.32/version HTTP/1.1
2026-02-26 11:49:00 [main] DEBUG c.g.d.z.s.o.a.h.c.h.i.c.InternalHttpClient - ep-00000007: start execution ex-00000008
2026-02-26 11:49:00 [main] DEBUG c.g.d.z.s.o.a.h.c.h.i.i.PoolingHttpClientConnectionManager - ep-00000007: executing exchange ex-00000008 over http-outgoing-0
2026-02-26 11:49:00 [main] DEBUG c.g.d.z.s.o.a.h.client5.http.headers - http-outgoing-0 >> GET /v1.32/version HTTP/1.1
2026-02-26 11:49:00 [main] DEBUG c.g.d.z.s.o.a.h.client5.http.headers - http-outgoing-0 >> accept: application/json
2026-02-26 11:49:00 [main] DEBUG c.g.d.z.s.o.a.h.client5.http.headers - http-outgoing-0 >> x-tc-sid: 3988fffa-3d15-4d59-8a3a-e01fc218ba9e
2026-02-26 11:49:00 [main] DEBUG c.g.d.z.s.o.a.h.client5.http.headers - http-outgoing-0 >> User-Agent: tc-java/1.19.8
2026-02-26 11:49:00 [main] DEBUG c.g.d.z.s.o.a.h.client5.http.headers - http-outgoing-0 >> Accept-Encoding: gzip, x-gzip, deflate
2026-02-26 11:49:00 [main] DEBUG c.g.d.z.s.o.a.h.client5.http.headers - http-outgoing-0 >> Host: localhost:2375
2026-02-26 11:49:00 [main] DEBUG c.g.d.z.s.o.a.h.client5.http.headers - http-outgoing-0 >> Connection: keep-alive
2026-02-26 11:49:00 [main] DEBUG c.g.d.z.s.o.a.hc.client5.http.wire - http-outgoing-0 >> "GET /v1.32/version HTTP/1.1[\r][\n]"
2026-02-26 11:49:00 [main] DEBUG c.g.d.z.s.o.a.hc.client5.http.wire - http-outgoing-0 >> "accept: application/json[\r][\n]"
2026-02-26 11:49:00 [main] DEBUG c.g.d.z.s.o.a.hc.client5.http.wire - http-outgoing-0 >> "x-tc-sid: 3988fffa-3d15-4d59-8a3a-e01fc218ba9e[\r][\n]"
2026-02-26 11:49:00 [main] DEBUG c.g.d.z.s.o.a.hc.client5.http.wire - http-outgoing-0 >> "User-Agent: tc-java/1.19.8[\r][\n]"
2026-02-26 11:49:00 [main] DEBUG c.g.d.z.s.o.a.hc.client5.http.wire - http-outgoing-0 >> "Accept-Encoding: gzip, x-gzip, deflate[\r][\n]"
2026-02-26 11:49:00 [main] DEBUG c.g.d.z.s.o.a.hc.client5.http.wire - http-outgoing-0 >> "Host: localhost:2375[\r][\n]"
2026-02-26 11:49:00 [main] DEBUG c.g.d.z.s.o.a.hc.client5.http.wire - http-outgoing-0 >> "Connection: keep-alive[\r][\n]"
2026-02-26 11:49:00 [main] DEBUG c.g.d.z.s.o.a.hc.client5.http.wire - http-outgoing-0 >> "[\r][\n]"
2026-02-26 11:49:00 [main] DEBUG c.g.d.z.s.o.a.hc.client5.http.wire - http-outgoing-0 << "HTTP/1.1 200 OK[\r][\n]"
2026-02-26 11:49:00 [main] DEBUG c.g.d.z.s.o.a.hc.client5.http.wire - http-outgoing-0 << "Api-Version: 1.51[\r][\n]"
2026-02-26 11:49:00 [main] DEBUG c.g.d.z.s.o.a.hc.client5.http.wire - http-outgoing-0 << "Content-Type: application/json[\r][\n]"
2026-02-26 11:49:00 [main] DEBUG c.g.d.z.s.o.a.hc.client5.http.wire - http-outgoing-0 << "Date: Thu, 26 Feb 2026 08:49:00 GMT[\r][\n]"
2026-02-26 11:49:00 [main] DEBUG c.g.d.z.s.o.a.hc.client5.http.wire - http-outgoing-0 << "Docker-Experimental: false[\r][\n]"
2026-02-26 11:49:00 [main] DEBUG c.g.d.z.s.o.a.hc.client5.http.wire - http-outgoing-0 << "Ostype: linux[\r][\n]"
2026-02-26 11:49:00 [main] DEBUG c.g.d.z.s.o.a.hc.client5.http.wire - http-outgoing-0 << "Server: Docker/28.4.0 (linux)[\r][\n]"
2026-02-26 11:49:00 [main] DEBUG c.g.d.z.s.o.a.hc.client5.http.wire - http-outgoing-0 << "Transfer-Encoding: chunked[\r][\n]"
2026-02-26 11:49:00 [main] DEBUG c.g.d.z.s.o.a.hc.client5.http.wire - http-outgoing-0 << "[\r][\n]"
2026-02-26 11:49:00 [main] DEBUG c.g.d.z.s.o.a.h.client5.http.headers - http-outgoing-0 << HTTP/1.1 200 OK
2026-02-26 11:49:00 [main] DEBUG c.g.d.z.s.o.a.h.client5.http.headers - http-outgoing-0 << Api-Version: 1.51
2026-02-26 11:49:00 [main] DEBUG c.g.d.z.s.o.a.h.client5.http.headers - http-outgoing-0 << Content-Type: application/json
2026-02-26 11:49:00 [main] DEBUG c.g.d.z.s.o.a.h.client5.http.headers - http-outgoing-0 << Date: Thu, 26 Feb 2026 08:49:00 GMT
2026-02-26 11:49:00 [main] DEBUG c.g.d.z.s.o.a.h.client5.http.headers - http-outgoing-0 << Docker-Experimental: false
2026-02-26 11:49:00 [main] DEBUG c.g.d.z.s.o.a.h.client5.http.headers - http-outgoing-0 << Ostype: linux
2026-02-26 11:49:00 [main] DEBUG c.g.d.z.s.o.a.h.client5.http.headers - http-outgoing-0 << Server: Docker/28.4.0 (linux)
2026-02-26 11:49:00 [main] DEBUG c.g.d.z.s.o.a.h.client5.http.headers - http-outgoing-0 << Transfer-Encoding: chunked
2026-02-26 11:49:00 [main] DEBUG c.g.d.z.s.o.a.h.c.h.i.c.MainClientExec - ex-00000008: connection can be kept alive for 3 MINUTES
2026-02-26 11:49:00 [main] DEBUG c.g.d.z.s.o.a.hc.client5.http.wire - http-outgoing-0 << "339[\r][\n]"
2026-02-26 11:49:00 [main] DEBUG c.g.d.z.s.o.a.hc.client5.http.wire - http-outgoing-0 << "{"Platform":{"Name":"Docker Desktop 4.46.0 (204649)"},"Components":[{"Name":"Engine","Version":"28.4.0","Details":{"ApiVersion":"1.51","Arch":"amd64","BuildTime":"2025-09-03T20:57:37.000000000+00:00","Experimental":"false","GitCommit":"249d679","GoVersion":"go1.24.7","KernelVersion":"6.10.14-linuxkit","MinAPIVersion":"1.24","Os":"linux"}},{"Name":"containerd","Version":"1.7.27","Details":{"GitCommit":"05044ec0a9a75232cad458027ca83437aae3f4da"}},{"Name":"runc","Version":"1.2.5","Details":{"GitCommit":"v1.2.5-0-g59923ef"}},{"Name":"docker-init","Version":"0.19.0","Details":{"GitCommit":"de40ad0"}}],"Version":"28.4.0","ApiVersion":"1.51","MinAPIVersion":"1.24","GitCommit":"249d679","GoVersion":"go1.24.7","Os":"linux","Arch":"amd64","KernelVersion":"6.10.14-linuxkit","BuildTime":"2025-09-03T20:57:37.000000000+00:00"}[\n]"
2026-02-26 11:49:00 [main] DEBUG c.g.d.z.s.o.a.hc.client5.http.wire - http-outgoing-0 << "[\r][\n]"
2026-02-26 11:49:00 [main] DEBUG c.g.d.z.s.o.a.hc.client5.http.wire - http-outgoing-0 << "0[\r][\n]"
2026-02-26 11:49:00 [main] DEBUG c.g.d.z.s.o.a.hc.client5.http.wire - http-outgoing-0 << "[\r][\n]"
2026-02-26 11:49:00 [main] DEBUG c.g.d.z.s.o.a.h.c.h.i.c.InternalHttpClient - ep-00000007: releasing valid endpoint
2026-02-26 11:49:00 [main] DEBUG c.g.d.z.s.o.a.h.c.h.i.i.PoolingHttpClientConnectionManager - ep-00000007: releasing endpoint
2026-02-26 11:49:00 [main] DEBUG c.g.d.z.s.o.a.h.c.h.i.i.PoolingHttpClientConnectionManager - ep-00000007: connection http-outgoing-0 can be kept alive for 3 MINUTES
2026-02-26 11:49:00 [main] DEBUG c.g.d.z.s.o.a.h.c.h.i.i.PoolingHttpClientConnectionManager - ep-00000007: connection released [route: {}->unix://localhost:2375][total available: 1; route allocated: 1 of 2147483647; total allocated: 1 of 2147483647]
2026-02-26 11:49:00 [docker-java-stream-599618672] DEBUG c.g.d.z.s.o.a.h.c.h.i.c.InternalHttpClient - ex-00000009: preparing request execution
2026-02-26 11:49:00 [docker-java-stream-599618672] DEBUG c.g.d.z.s.o.a.h.c.h.p.RequestAddCookies - Cookie spec selected: strict
2026-02-26 11:49:00 [docker-java-stream-599618672] DEBUG c.g.d.z.s.o.a.h.c.h.p.RequestAuthCache - Auth cache not set in the context
2026-02-26 11:49:00 [docker-java-stream-599618672] DEBUG c.g.d.z.s.o.a.h.c.h.i.c.ProtocolExec - ex-00000009: target auth state: UNCHALLENGED
2026-02-26 11:49:00 [docker-java-stream-599618672] DEBUG c.g.d.z.s.o.a.h.c.h.i.c.ProtocolExec - ex-00000009: proxy auth state: UNCHALLENGED
2026-02-26 11:49:00 [docker-java-stream-599618672] DEBUG c.g.d.z.s.o.a.h.c.h.i.c.ConnectExec - ex-00000009: acquiring connection with route {}->unix://localhost:2375
2026-02-26 11:49:00 [docker-java-stream-599618672] DEBUG c.g.d.z.s.o.a.h.c.h.i.c.InternalHttpClient - ex-00000009: acquiring endpoint (3 MINUTES)
2026-02-26 11:49:00 [docker-java-stream-599618672] DEBUG c.g.d.z.s.o.a.h.c.h.i.i.PoolingHttpClientConnectionManager - ex-00000009: endpoint lease request (3 MINUTES) [route: {}->unix://localhost:2375][total available: 1; route allocated: 1 of 2147483647; total allocated: 1 of 2147483647]
2026-02-26 11:49:00 [docker-java-stream-599618672] DEBUG c.g.d.z.s.o.a.h.c.h.i.i.PoolingHttpClientConnectionManager - ex-00000009: endpoint leased [route: {}->unix://localhost:2375][total available: 0; route allocated: 1 of 2147483647; total allocated: 1 of 2147483647]
2026-02-26 11:49:00 [docker-java-stream-599618672] DEBUG c.g.d.z.s.o.a.h.c.h.i.i.PoolingHttpClientConnectionManager - ex-00000009: acquired ep-00000008
2026-02-26 11:49:00 [docker-java-stream-599618672] DEBUG c.g.d.z.s.o.a.h.c.h.i.c.InternalHttpClient - ex-00000009: acquired endpoint ep-00000008
2026-02-26 11:49:00 [docker-java-stream-599618672] DEBUG c.g.d.z.s.o.a.h.c.h.i.c.MainClientExec - ex-00000009: executing GET /v1.32/containers/422f383cb804d8331028fa4c8783ba66f6d03900f12a89dd9c1bc25c9594ffe3/logs?stdout=true&stderr=true&follow=true&since=0 HTTP/1.1
2026-02-26 11:49:00 [docker-java-stream-599618672] DEBUG c.g.d.z.s.o.a.h.c.h.i.c.InternalHttpClient - ep-00000008: start execution ex-00000009
2026-02-26 11:49:00 [docker-java-stream-599618672] DEBUG c.g.d.z.s.o.a.h.c.h.i.i.PoolingHttpClientConnectionManager - ep-00000008: executing exchange ex-00000009 over http-outgoing-0
2026-02-26 11:49:00 [docker-java-stream-599618672] DEBUG c.g.d.z.s.o.a.h.client5.http.headers - http-outgoing-0 >> GET /v1.32/containers/422f383cb804d8331028fa4c8783ba66f6d03900f12a89dd9c1bc25c9594ffe3/logs?stdout=true&stderr=true&follow=true&since=0 HTTP/1.1
2026-02-26 11:49:00 [docker-java-stream-599618672] DEBUG c.g.d.z.s.o.a.h.client5.http.headers - http-outgoing-0 >> x-tc-sid: 3988fffa-3d15-4d59-8a3a-e01fc218ba9e
2026-02-26 11:49:00 [docker-java-stream-599618672] DEBUG c.g.d.z.s.o.a.h.client5.http.headers - http-outgoing-0 >> User-Agent: tc-java/1.19.8
2026-02-26 11:49:00 [docker-java-stream-599618672] DEBUG c.g.d.z.s.o.a.h.client5.http.headers - http-outgoing-0 >> Accept-Encoding: gzip, x-gzip, deflate
2026-02-26 11:49:00 [docker-java-stream-599618672] DEBUG c.g.d.z.s.o.a.h.client5.http.headers - http-outgoing-0 >> Host: localhost:2375
2026-02-26 11:49:00 [docker-java-stream-599618672] DEBUG c.g.d.z.s.o.a.h.client5.http.headers - http-outgoing-0 >> Connection: keep-alive
2026-02-26 11:49:00 [docker-java-stream-599618672] DEBUG c.g.d.z.s.o.a.hc.client5.http.wire - http-outgoing-0 >> "GET /v1.32/containers/422f383cb804d8331028fa4c8783ba66f6d03900f12a89dd9c1bc25c9594ffe3/logs?stdout=true&stderr=true&follow=true&since=0 HTTP/1.1[\r][\n]"
2026-02-26 11:49:00 [docker-java-stream-599618672] DEBUG c.g.d.z.s.o.a.hc.client5.http.wire - http-outgoing-0 >> "x-tc-sid: 3988fffa-3d15-4d59-8a3a-e01fc218ba9e[\r][\n]"
2026-02-26 11:49:00 [docker-java-stream-599618672] DEBUG c.g.d.z.s.o.a.hc.client5.http.wire - http-outgoing-0 >> "User-Agent: tc-java/1.19.8[\r][\n]"
2026-02-26 11:49:00 [docker-java-stream-599618672] DEBUG c.g.d.z.s.o.a.hc.client5.http.wire - http-outgoing-0 >> "Accept-Encoding: gzip, x-gzip, deflate[\r][\n]"
2026-02-26 11:49:00 [docker-java-stream-599618672] DEBUG c.g.d.z.s.o.a.hc.client5.http.wire - http-outgoing-0 >> "Host: localhost:2375[\r][\n]"
2026-02-26 11:49:00 [docker-java-stream-599618672] DEBUG c.g.d.z.s.o.a.hc.client5.http.wire - http-outgoing-0 >> "Connection: keep-alive[\r][\n]"
2026-02-26 11:49:00 [docker-java-stream-599618672] DEBUG c.g.d.z.s.o.a.hc.client5.http.wire - http-outgoing-0 >> "[\r][\n]"
2026-02-26 11:49:00 [docker-java-stream-599618672] DEBUG c.g.d.z.s.o.a.hc.client5.http.wire - http-outgoing-0 << "HTTP/1.1 200 OK[\r][\n]"
2026-02-26 11:49:00 [docker-java-stream-599618672] DEBUG c.g.d.z.s.o.a.hc.client5.http.wire - http-outgoing-0 << "Api-Version: 1.51[\r][\n]"
2026-02-26 11:49:00 [docker-java-stream-599618672] DEBUG c.g.d.z.s.o.a.hc.client5.http.wire - http-outgoing-0 << "Content-Type: application/vnd.docker.raw-stream[\r][\n]"
2026-02-26 11:49:00 [docker-java-stream-599618672] DEBUG c.g.d.z.s.o.a.hc.client5.http.wire - http-outgoing-0 << "Date: Thu, 26 Feb 2026 08:49:00 GMT[\r][\n]"
2026-02-26 11:49:00 [docker-java-stream-599618672] DEBUG c.g.d.z.s.o.a.hc.client5.http.wire - http-outgoing-0 << "Docker-Experimental: false[\r][\n]"
2026-02-26 11:49:00 [docker-java-stream-599618672] DEBUG c.g.d.z.s.o.a.hc.client5.http.wire - http-outgoing-0 << "Ostype: linux[\r][\n]"
2026-02-26 11:49:00 [docker-java-stream-599618672] DEBUG c.g.d.z.s.o.a.hc.client5.http.wire - http-outgoing-0 << "Server: Docker/28.4.0 (linux)[\r][\n]"
2026-02-26 11:49:00 [docker-java-stream-599618672] DEBUG c.g.d.z.s.o.a.hc.client5.http.wire - http-outgoing-0 << "Transfer-Encoding: chunked[\r][\n]"
2026-02-26 11:49:00 [docker-java-stream-599618672] DEBUG c.g.d.z.s.o.a.hc.client5.http.wire - http-outgoing-0 << "[\r][\n]"
2026-02-26 11:49:00 [docker-java-stream-599618672] DEBUG c.g.d.z.s.o.a.h.client5.http.headers - http-outgoing-0 << HTTP/1.1 200 OK
2026-02-26 11:49:00 [docker-java-stream-599618672] DEBUG c.g.d.z.s.o.a.h.client5.http.headers - http-outgoing-0 << Api-Version: 1.51
2026-02-26 11:49:00 [docker-java-stream-599618672] DEBUG c.g.d.z.s.o.a.h.client5.http.headers - http-outgoing-0 << Content-Type: application/vnd.docker.raw-stream
2026-02-26 11:49:00 [docker-java-stream-599618672] DEBUG c.g.d.z.s.o.a.h.client5.http.headers - http-outgoing-0 << Date: Thu, 26 Feb 2026 08:49:00 GMT
2026-02-26 11:49:00 [docker-java-stream-599618672] DEBUG c.g.d.z.s.o.a.h.client5.http.headers - http-outgoing-0 << Docker-Experimental: false
2026-02-26 11:49:00 [docker-java-stream-599618672] DEBUG c.g.d.z.s.o.a.h.client5.http.headers - http-outgoing-0 << Ostype: linux
2026-02-26 11:49:00 [docker-java-stream-599618672] DEBUG c.g.d.z.s.o.a.h.client5.http.headers - http-outgoing-0 << Server: Docker/28.4.0 (linux)
2026-02-26 11:49:00 [docker-java-stream-599618672] DEBUG c.g.d.z.s.o.a.h.client5.http.headers - http-outgoing-0 << Transfer-Encoding: chunked
2026-02-26 11:49:00 [docker-java-stream-599618672] DEBUG c.g.d.z.s.o.a.h.c.h.i.c.MainClientExec - ex-00000009: connection can be kept alive for 3 MINUTES
2026-02-26 11:49:00 [docker-java-stream-599618672] DEBUG c.g.d.z.s.o.a.hc.client5.http.wire - http-outgoing-0 << "c0[\r][\n]"
2026-02-26 11:49:00 [docker-java-stream-599618672] DEBUG c.g.d.z.s.o.a.hc.client5.http.wire - http-outgoing-0 << "[0x2][0x0][0x0][0x0][0x0][0x0][0x0]&2026/02/26 08:48:59 Pinging Docker...[\n]"
2026-02-26 11:49:00 [docker-java-stream-599618672] DEBUG c.g.d.z.s.o.a.hc.client5.http.wire - http-outgoing-0 << "[0x2][0x0][0x0][0x0][0x0][0x0][0x0]02026/02/26 08:48:59 Docker daemon is available![\n]"
2026-02-26 11:49:00 [docker-java-stream-599618672] DEBUG c.g.d.z.s.o.a.hc.client5.http.wire - http-outgoing-0 << "[0x2][0x0][0x0][0x0][0x0][0x0][0x0]-2026/02/26 08:48:59 Starting on port 8080...[\n]"
2026-02-26 11:49:00 [docker-java-stream-599618672] DEBUG c.g.d.z.s.o.a.hc.client5.http.wire - http-outgoing-0 << "[0x2][0x0][0x0][0x0][0x0][0x0][0x0][0x1d]2026/02/26 08:48:59 Started![\n]"
2026-02-26 11:49:00 [docker-java-stream-599618672] DEBUG c.g.d.z.s.o.a.hc.client5.http.wire - http-outgoing-0 << "[\r][\n]"
2026-02-26 11:49:00 [main] DEBUG o.t.c.output.WaitingConsumer - STDERR: 2026/02/26 08:48:59 Docker daemon is available!
2026-02-26 11:49:00 [main] DEBUG o.t.c.output.WaitingConsumer - STDERR: 2026/02/26 08:48:59 Pinging Docker...
2026-02-26 11:49:00 [main] DEBUG o.t.c.output.WaitingConsumer - STDERR: 2026/02/26 08:48:59 Started!
2026-02-26 11:49:00 [main] DEBUG c.g.d.z.s.o.a.h.c.h.i.c.InternalHttpClient - ep-00000008: cancel
2026-02-26 11:49:00 [docker-java-stream-599618672] DEBUG c.g.d.z.s.o.a.hc.client5.http.wire - http-outgoing-0 << "[read] I/O error: null"
2026-02-26 11:49:00 [main] DEBUG c.g.d.z.s.o.a.h.c.h.i.i.DefaultManagedHttpClientConnection - http-outgoing-0: close connection IMMEDIATE
2026-02-26 11:49:00 [docker-java-stream-599618672] DEBUG c.g.d.z.s.o.a.hc.client5.http.wire - http-outgoing-0 << "[read] I/O error: null"
2026-02-26 11:49:00 [main] DEBUG c.g.d.z.s.o.a.h.c.h.i.c.InternalHttpClient - ep-00000008: endpoint closed
2026-02-26 11:49:00 [main] DEBUG c.g.d.z.s.o.a.h.c.h.i.c.InternalHttpClient - ep-00000008: discarding endpoint
2026-02-26 11:49:00 [main] DEBUG c.g.d.z.s.o.a.h.c.h.i.i.PoolingHttpClientConnectionManager - ep-00000008: releasing endpoint
2026-02-26 11:49:00 [main] DEBUG c.g.d.z.s.o.a.h.c.h.i.i.PoolingHttpClientConnectionManager - ep-00000008: connection is not kept alive
2026-02-26 11:49:00 [main] DEBUG c.g.d.z.s.o.a.h.c.h.i.i.PoolingHttpClientConnectionManager - ep-00000008: connection released [route: {}->unix://localhost:2375][total available: 0; route allocated: 0 of 2147483647; total allocated: 0 of 2147483647]
2026-02-26 11:49:00 [main] INFO  tc.testcontainers/ryuk:0.7.0 - Container testcontainers/ryuk:0.7.0 started in PT3.186205741S
2026-02-26 11:49:00 [docker-java-stream-599618672] DEBUG c.g.d.z.ApacheDockerHttpClientImpl$ApacheResponse - Failed to close the response
java.nio.channels.ClosedChannelException: null
	at java.base/sun.nio.ch.SocketChannelImpl.ensureOpenAndConnected(SocketChannelImpl.java:222)
	at java.base/sun.nio.ch.SocketChannelImpl.blockingRead(SocketChannelImpl.java:1311)
	at java.base/sun.nio.ch.SocketInputStream.read(SocketInputStream.java:70)
	at com.github.dockerjava.zerodep.shaded.org.apache.hc.client5.http.impl.io.LoggingInputStream.read(LoggingInputStream.java:81)
	at com.github.dockerjava.zerodep.shaded.org.apache.hc.core5.http.impl.io.SessionInputBufferImpl.fillBuffer(SessionInputBufferImpl.java:149)
	at com.github.dockerjava.zerodep.shaded.org.apache.hc.core5.http.impl.io.SessionInputBufferImpl.readLine(SessionInputBufferImpl.java:280)
	at com.github.dockerjava.zerodep.shaded.org.apache.hc.core5.http.impl.io.ChunkedInputStream.getChunkSize(ChunkedInputStream.java:261)
	at com.github.dockerjava.zerodep.shaded.org.apache.hc.core5.http.impl.io.ChunkedInputStream.nextChunk(ChunkedInputStream.java:222)
	at com.github.dockerjava.zerodep.shaded.org.apache.hc.core5.http.impl.io.ChunkedInputStream.read(ChunkedInputStream.java:147)
	at com.github.dockerjava.zerodep.shaded.org.apache.hc.core5.http.impl.io.ChunkedInputStream.close(ChunkedInputStream.java:314)
	at com.github.dockerjava.zerodep.shaded.org.apache.hc.core5.io.Closer.close(Closer.java:48)
	at com.github.dockerjava.zerodep.shaded.org.apache.hc.core5.http.impl.io.IncomingHttpEntity.close(IncomingHttpEntity.java:111)
	at com.github.dockerjava.zerodep.shaded.org.apache.hc.core5.http.io.entity.HttpEntityWrapper.close(HttpEntityWrapper.java:120)
	at com.github.dockerjava.zerodep.shaded.org.apache.hc.core5.io.Closer.close(Closer.java:48)
	at com.github.dockerjava.zerodep.shaded.org.apache.hc.core5.http.message.BasicClassicHttpResponse.close(BasicClassicHttpResponse.java:93)
	at com.github.dockerjava.zerodep.shaded.org.apache.hc.client5.http.impl.classic.CloseableHttpResponse.close(CloseableHttpResponse.java:200)
	at com.github.dockerjava.zerodep.ApacheDockerHttpClientImpl$ApacheResponse.close(ApacheDockerHttpClientImpl.java:271)
	at org.testcontainers.shaded.com.github.dockerjava.core.DefaultInvocationBuilder.lambda$executeAndStream$1(DefaultInvocationBuilder.java:277)
	at java.base/java.lang.Thread.run(Thread.java:1583)
2026-02-26 11:49:00 [testcontainers-ryuk] DEBUG o.t.utility.ResourceReaper - Sending 'label=org.testcontainers%3Dtrue&label=org.testcontainers.lang%3Djava&label=org.testcontainers.version%3D1.19.8&label=org.testcontainers.sessionId%3D3988fffa-3d15-4d59-8a3a-e01fc218ba9e' to Ryuk
2026-02-26 11:49:00 [testcontainers-ryuk] DEBUG o.t.utility.RyukResourceReaper - Received 'ACK' from Ryuk
2026-02-26 11:49:00 [main] INFO  o.t.utility.RyukResourceReaper - Ryuk started - will monitor and terminate Testcontainers containers on JVM exit
2026-02-26 11:49:00 [main] DEBUG o.testcontainers.DockerClientFactory - Checks are enabled
2026-02-26 11:49:00 [main] INFO  o.testcontainers.DockerClientFactory - Checking the system...
2026-02-26 11:49:00 [main] INFO  o.testcontainers.DockerClientFactory - ✔︎ Docker server version should be at least 1.6.0
2026-02-26 11:49:00 [main] DEBUG o.t.u.PrefixingImageNameSubstitutor - No prefix is configured
2026-02-26 11:49:00 [main] DEBUG o.t.utility.ImageNameSubstitutor - Did not find a substitute image for redis:7-alpine (using image substitutor: DefaultImageNameSubstitutor (composite of 'ConfigurationFileImageNameSubstitutor' and 'PrefixingImageNameSubstitutor'))
2026-02-26 11:49:00 [main] DEBUG o.t.images.AbstractImagePullPolicy - Using locally available and not pulling image: redis:7-alpine
2026-02-26 11:49:00 [main] DEBUG tc.redis:7-alpine - Starting container: redis:7-alpine
2026-02-26 11:49:00 [main] DEBUG tc.redis:7-alpine - Trying to start container: redis:7-alpine (attempt 1/1)
2026-02-26 11:49:00 [main] DEBUG tc.redis:7-alpine - Starting container: redis:7-alpine
2026-02-26 11:49:00 [main] INFO  tc.redis:7-alpine - Creating container for image: redis:7-alpine
2026-02-26 11:49:00 [main] DEBUG o.t.utility.RegistryAuthLocator - Looking up auth config for image: redis:7-alpine at registry: https://index.docker.io/v1/
2026-02-26 11:49:00 [main] DEBUG o.t.utility.RegistryAuthLocator - No matching Auth Configs - falling back to defaultAuthConfig [null]
2026-02-26 11:49:00 [main] DEBUG o.t.d.AuthDelegatingDockerClientConfig - Effective auth config [null]
2026-02-26 11:49:00 [main] DEBUG o.t.s.c.g.d.c.command.AbstrDockerCmd - Cmd: org.testcontainers.shaded.com.github.dockerjava.core.command.CreateContainerCmdImpl@7aead3af[aliases=<null>,argsEscaped=<null>,attachStderr=<null>,attachStdin=<null>,attachStdout=<null>,authConfig=<null>,cmd={},domainName=<null>,entrypoint=<null>,env={},exposedPorts=ExposedPorts(exposedPorts=[6379/tcp]),healthcheck=<null>,hostConfig=HostConfig(binds=[], blkioWeight=null, blkioWeightDevice=null, blkioDeviceReadBps=null, blkioDeviceWriteBps=null, blkioDeviceReadIOps=null, blkioDeviceWriteIOps=null, memorySwappiness=null, nanoCPUs=null, capAdd=null, capDrop=null, containerIDFile=null, cpuPeriod=null, cpuRealtimePeriod=null, cpuRealtimeRuntime=null, cpuShares=null, cpuQuota=null, cpusetCpus=null, cpusetMems=null, devices=null, deviceCgroupRules=null, deviceRequests=null, diskQuota=null, dns=null, dnsOptions=null, dnsSearch=null, extraHosts=[], groupAdd=null, ipcMode=null, cgroup=null, links=[], logConfig=LogConfig(type=null, config=null), lxcConf=null, memory=null, memorySwap=null, memoryReservation=null, kernelMemory=null, networkMode=null, oomKillDisable=null, init=null, autoRemove=null, oomScoreAdj=null, portBindings={6379/tcp=[Lcom.github.dockerjava.api.model.Ports$Binding;@ce9b9a9}, privileged=null, publishAllPorts=null, readonlyRootfs=null, restartPolicy=null, ulimits=null, cpuCount=null, cpuPercent=null, ioMaximumIOps=null, ioMaximumBandwidth=null, volumesFrom=[], mounts=null, pidMode=null, isolation=null, securityOpts=null, storageOpt=null, cgroupParent=null, volumeDriver=null, shmSize=null, pidsLimit=null, runtime=null, tmpFs=null, utSMode=null, usernsMode=null, sysctls=null, consoleSize=null, cgroupnsMode=null),hostName=<null>,image=redis:7-alpine,ipv4Address=<null>,ipv6Address=<null>,labels={org.testcontainers=true, org.testcontainers.lang=java, org.testcontainers.version=1.19.8, org.testcontainers.sessionId=3988fffa-3d15-4d59-8a3a-e01fc218ba9e},macAddress=<null>,name=<null>,networkDisabled=<null>,networkingConfig=<null>,onBuild=<null>,platform=<null>,portSpecs=<null>,shell=<null>,stdInOnce=<null>,stdinOpen=<null>,stopSignal=<null>,stopTimeout=<null>,tty=<null>,user=<null>,volumes=Volumes(volumes=[]),workingDir=<null>]
2026-02-26 11:49:00 [main] DEBUG c.g.d.z.s.o.a.h.c.h.i.c.InternalHttpClient - ex-0000000A: preparing request execution
2026-02-26 11:49:00 [main] DEBUG c.g.d.z.s.o.a.h.c.h.p.RequestAddCookies - Cookie spec selected: strict
2026-02-26 11:49:00 [main] DEBUG c.g.d.z.s.o.a.h.c.h.p.RequestAuthCache - Auth cache not set in the context
2026-02-26 11:49:00 [main] DEBUG c.g.d.z.s.o.a.h.c.h.i.c.ProtocolExec - ex-0000000A: target auth state: UNCHALLENGED
2026-02-26 11:49:00 [main] DEBUG c.g.d.z.s.o.a.h.c.h.i.c.ProtocolExec - ex-0000000A: proxy auth state: UNCHALLENGED
2026-02-26 11:49:00 [main] DEBUG c.g.d.z.s.o.a.h.c.h.i.c.ConnectExec - ex-0000000A: acquiring connection with route {}->unix://localhost:2375
2026-02-26 11:49:00 [main] DEBUG c.g.d.z.s.o.a.h.c.h.i.c.InternalHttpClient - ex-0000000A: acquiring endpoint (3 MINUTES)
2026-02-26 11:49:00 [main] DEBUG c.g.d.z.s.o.a.h.c.h.i.i.PoolingHttpClientConnectionManager - ex-0000000A: endpoint lease request (3 MINUTES) [route: {}->unix://localhost:2375][total available: 0; route allocated: 0 of 2147483647; total allocated: 0 of 2147483647]
2026-02-26 11:49:00 [main] DEBUG c.g.d.z.s.o.a.h.c.h.i.i.PoolingHttpClientConnectionManager - ex-0000000A: endpoint leased [route: {}->unix://localhost:2375][total available: 0; route allocated: 1 of 2147483647; total allocated: 1 of 2147483647]
2026-02-26 11:49:00 [main] DEBUG c.g.d.z.s.o.a.h.c.h.i.i.PoolingHttpClientConnectionManager - ex-0000000A: acquired ep-00000009
2026-02-26 11:49:00 [main] DEBUG c.g.d.z.s.o.a.h.c.h.i.c.InternalHttpClient - ex-0000000A: acquired endpoint ep-00000009
2026-02-26 11:49:00 [main] DEBUG c.g.d.z.s.o.a.h.c.h.i.c.ConnectExec - ex-0000000A: opening connection {}->unix://localhost:2375
2026-02-26 11:49:00 [main] DEBUG c.g.d.z.s.o.a.h.c.h.i.c.InternalHttpClient - ep-00000009: connecting endpoint (3 MINUTES)
2026-02-26 11:49:00 [main] DEBUG c.g.d.z.s.o.a.h.c.h.i.i.PoolingHttpClientConnectionManager - ep-00000009: connecting endpoint to unix://localhost:2375 (3 MINUTES)
2026-02-26 11:49:00 [main] DEBUG c.g.d.z.s.o.a.h.c.h.i.i.DefaultHttpClientConnectionOperator - http-outgoing-1: connecting to localhost/127.0.0.1:2375
2026-02-26 11:49:00 [main] DEBUG c.g.d.z.s.o.a.h.c.h.i.i.DefaultHttpClientConnectionOperator - http-outgoing-1: connection established /home/artem-brychev/.docker/desktop/docker.sock<->/home/artem-brychev/.docker/desktop/docker.sock
2026-02-26 11:49:00 [main] DEBUG c.g.d.z.s.o.a.h.c.h.i.i.PoolingHttpClientConnectionManager - ep-00000009: connected http-outgoing-1
2026-02-26 11:49:00 [main] DEBUG c.g.d.z.s.o.a.h.c.h.i.c.InternalHttpClient - ep-00000009: endpoint connected
2026-02-26 11:49:00 [main] DEBUG c.g.d.z.s.o.a.h.c.h.i.c.MainClientExec - ex-0000000A: executing POST /v1.32/containers/create HTTP/1.1
2026-02-26 11:49:00 [main] DEBUG c.g.d.z.s.o.a.h.c.h.i.c.InternalHttpClient - ep-00000009: start execution ex-0000000A
2026-02-26 11:49:00 [main] DEBUG c.g.d.z.s.o.a.h.c.h.i.i.PoolingHttpClientConnectionManager - ep-00000009: executing exchange ex-0000000A over http-outgoing-1
2026-02-26 11:49:00 [main] DEBUG c.g.d.z.s.o.a.h.client5.http.headers - http-outgoing-1 >> POST /v1.32/containers/create HTTP/1.1
2026-02-26 11:49:00 [main] DEBUG c.g.d.z.s.o.a.h.client5.http.headers - http-outgoing-1 >> accept: application/json
2026-02-26 11:49:00 [main] DEBUG c.g.d.z.s.o.a.h.client5.http.headers - http-outgoing-1 >> content-type: application/json
2026-02-26 11:49:00 [main] DEBUG c.g.d.z.s.o.a.h.client5.http.headers - http-outgoing-1 >> x-tc-sid: 3988fffa-3d15-4d59-8a3a-e01fc218ba9e
2026-02-26 11:49:00 [main] DEBUG c.g.d.z.s.o.a.h.client5.http.headers - http-outgoing-1 >> User-Agent: tc-java/1.19.8
2026-02-26 11:49:00 [main] DEBUG c.g.d.z.s.o.a.h.client5.http.headers - http-outgoing-1 >> Accept-Encoding: gzip, x-gzip, deflate
2026-02-26 11:49:00 [main] DEBUG c.g.d.z.s.o.a.h.client5.http.headers - http-outgoing-1 >> Content-Length: 1967
2026-02-26 11:49:00 [main] DEBUG c.g.d.z.s.o.a.h.client5.http.headers - http-outgoing-1 >> Host: localhost:2375
2026-02-26 11:49:00 [main] DEBUG c.g.d.z.s.o.a.h.client5.http.headers - http-outgoing-1 >> Connection: keep-alive
2026-02-26 11:49:00 [main] DEBUG c.g.d.z.s.o.a.hc.client5.http.wire - http-outgoing-1 >> "POST /v1.32/containers/create HTTP/1.1[\r][\n]"
2026-02-26 11:49:00 [main] DEBUG c.g.d.z.s.o.a.hc.client5.http.wire - http-outgoing-1 >> "accept: application/json[\r][\n]"
2026-02-26 11:49:00 [main] DEBUG c.g.d.z.s.o.a.hc.client5.http.wire - http-outgoing-1 >> "content-type: application/json[\r][\n]"
2026-02-26 11:49:00 [main] DEBUG c.g.d.z.s.o.a.hc.client5.http.wire - http-outgoing-1 >> "x-tc-sid: 3988fffa-3d15-4d59-8a3a-e01fc218ba9e[\r][\n]"
2026-02-26 11:49:00 [main] DEBUG c.g.d.z.s.o.a.hc.client5.http.wire - http-outgoing-1 >> "User-Agent: tc-java/1.19.8[\r][\n]"
2026-02-26 11:49:00 [main] DEBUG c.g.d.z.s.o.a.hc.client5.http.wire - http-outgoing-1 >> "Accept-Encoding: gzip, x-gzip, deflate[\r][\n]"
2026-02-26 11:49:00 [main] DEBUG c.g.d.z.s.o.a.hc.client5.http.wire - http-outgoing-1 >> "Content-Length: 1967[\r][\n]"
2026-02-26 11:49:00 [main] DEBUG c.g.d.z.s.o.a.hc.client5.http.wire - http-outgoing-1 >> "Host: localhost:2375[\r][\n]"
2026-02-26 11:49:00 [main] DEBUG c.g.d.z.s.o.a.hc.client5.http.wire - http-outgoing-1 >> "Connection: keep-alive[\r][\n]"
2026-02-26 11:49:00 [main] DEBUG c.g.d.z.s.o.a.hc.client5.http.wire - http-outgoing-1 >> "[\r][\n]"
2026-02-26 11:49:00 [main] DEBUG c.g.d.z.s.o.a.hc.client5.http.wire - http-outgoing-1 >> "{"Hostname":null,"Domainname":null,"User":null,"AttachStdin":null,"AttachStdout":null,"AttachStderr":null,"PortSpecs":null,"Tty":null,"OpenStdin":null,"StdinOnce":null,"Env":[],"Cmd":[],"Healthcheck":null,"ArgsEscaped":null,"Entrypoint":null,"Image":"redis:7-alpine","Volumes":{},"WorkingDir":null,"MacAddress":null,"OnBuild":null,"NetworkDisabled":null,"ExposedPorts":{"6379/tcp":{}},"StopSignal":null,"StopTimeout":null,"HostConfig":{"Binds":[],"BlkioWeight":null,"BlkioWeightDevice":null,"BlkioDeviceReadBps":null,"BlkioDeviceWriteBps":null,"BlkioDeviceReadIOps":null,"BlkioDeviceWriteIOps":null,"MemorySwappiness":null,"NanoCpus":null,"CapAdd":null,"CapDrop":null,"ContainerIDFile":null,"CpuPeriod":null,"CpuRealtimePeriod":null,"CpuRealtimeRuntime":null,"CpuShares":null,"CpuQuota":null,"CpusetCpus":null,"CpusetMems":null,"Devices":null,"DeviceCgroupRules":null,"DeviceRequests":null,"DiskQuota":null,"Dns":null,"DnsOptions":null,"DnsSearch":null,"ExtraHosts":[],"GroupAdd":null,"IpcMode":null,"Cgroup":null,"Links":[],"LogConfig":null,"LxcConf":null,"Memory":null,"MemorySwap":null,"MemoryReservation":null,"KernelMemory":null,"NetworkMode":null,"OomKillDisable":null,"Init":null,"AutoRemove":null,"OomScoreAdj":null,"PortBindings":{"6379/tcp":[{"HostIp":"","HostPort":""}]},"Privileged":null,"PublishAllPorts":null,"ReadonlyRootfs":null,"RestartPolicy":null,"Ulimits":null,"CpuCount":null,"CpuPercent":null,"IOMaximumIOps":null,"IOMaximumBandwidth":null,"VolumesFrom":[],"Mounts":null,"PidMode":null,"Isolation":null,"SecurityOpt":null,"StorageOpt":null,"CgroupParent":null,"VolumeDriver":null,"ShmSize":null,"PidsLimit":null,"Runtime":null,"Tmpfs":null,"UTSMode":null,"UsernsMode":null,"Sysctls":null,"ConsoleSize":null,"CgroupnsMode":null},"Labels":{"org.testcontainers":"true","org.testcontainers.lang":"java","org.testcontainers.version":"1.19.8","org.testcontainers.sessionId":"3988fffa-3d15-4d59-8a3a-e01fc218ba9e"},"Shell":null,"NetworkingConfig":null}"
2026-02-26 11:49:00 [main] DEBUG c.g.d.z.s.o.a.hc.client5.http.wire - http-outgoing-1 << "HTTP/1.1 201 Created[\r][\n]"
2026-02-26 11:49:00 [main] DEBUG c.g.d.z.s.o.a.hc.client5.http.wire - http-outgoing-1 << "Api-Version: 1.51[\r][\n]"
2026-02-26 11:49:00 [main] DEBUG c.g.d.z.s.o.a.hc.client5.http.wire - http-outgoing-1 << "Content-Type: application/json[\r][\n]"
2026-02-26 11:49:00 [main] DEBUG c.g.d.z.s.o.a.hc.client5.http.wire - http-outgoing-1 << "Date: Thu, 26 Feb 2026 08:49:00 GMT[\r][\n]"
2026-02-26 11:49:00 [main] DEBUG c.g.d.z.s.o.a.hc.client5.http.wire - http-outgoing-1 << "Docker-Experimental: false[\r][\n]"
2026-02-26 11:49:00 [main] DEBUG c.g.d.z.s.o.a.hc.client5.http.wire - http-outgoing-1 << "Ostype: linux[\r][\n]"
2026-02-26 11:49:00 [main] DEBUG c.g.d.z.s.o.a.hc.client5.http.wire - http-outgoing-1 << "Server: Docker/28.4.0 (linux)[\r][\n]"
2026-02-26 11:49:00 [main] DEBUG c.g.d.z.s.o.a.hc.client5.http.wire - http-outgoing-1 << "Transfer-Encoding: chunked[\r][\n]"
2026-02-26 11:49:00 [main] DEBUG c.g.d.z.s.o.a.hc.client5.http.wire - http-outgoing-1 << "[\r][\n]"
2026-02-26 11:49:00 [main] DEBUG c.g.d.z.s.o.a.hc.client5.http.wire - http-outgoing-1 << "58[\r][\n]"
2026-02-26 11:49:00 [main] DEBUG c.g.d.z.s.o.a.hc.client5.http.wire - http-outgoing-1 << "{"Id":"29ccf648f8e7e3804d86120717d98ee1150ea82687016aa2067a0af65df98092","Warnings":[]}[\n]"
2026-02-26 11:49:00 [main] DEBUG c.g.d.z.s.o.a.hc.client5.http.wire - http-outgoing-1 << "[\r][\n]"
2026-02-26 11:49:00 [main] DEBUG c.g.d.z.s.o.a.h.client5.http.headers - http-outgoing-1 << HTTP/1.1 201 Created
2026-02-26 11:49:00 [main] DEBUG c.g.d.z.s.o.a.h.client5.http.headers - http-outgoing-1 << Api-Version: 1.51
2026-02-26 11:49:00 [main] DEBUG c.g.d.z.s.o.a.h.client5.http.headers - http-outgoing-1 << Content-Type: application/json
2026-02-26 11:49:00 [main] DEBUG c.g.d.z.s.o.a.h.client5.http.headers - http-outgoing-1 << Date: Thu, 26 Feb 2026 08:49:00 GMT
2026-02-26 11:49:00 [main] DEBUG c.g.d.z.s.o.a.h.client5.http.headers - http-outgoing-1 << Docker-Experimental: false
2026-02-26 11:49:00 [main] DEBUG c.g.d.z.s.o.a.h.client5.http.headers - http-outgoing-1 << Ostype: linux
2026-02-26 11:49:00 [main] DEBUG c.g.d.z.s.o.a.h.client5.http.headers - http-outgoing-1 << Server: Docker/28.4.0 (linux)
2026-02-26 11:49:00 [main] DEBUG c.g.d.z.s.o.a.h.client5.http.headers - http-outgoing-1 << Transfer-Encoding: chunked
2026-02-26 11:49:00 [main] DEBUG c.g.d.z.s.o.a.h.c.h.i.c.MainClientExec - ex-0000000A: connection can be kept alive for 3 MINUTES
2026-02-26 11:49:00 [main] DEBUG c.g.d.z.s.o.a.hc.client5.http.wire - http-outgoing-1 << "0[\r][\n]"
2026-02-26 11:49:00 [main] DEBUG c.g.d.z.s.o.a.hc.client5.http.wire - http-outgoing-1 << "[\r][\n]"
2026-02-26 11:49:00 [main] DEBUG c.g.d.z.s.o.a.h.c.h.i.c.InternalHttpClient - ep-00000009: releasing valid endpoint
2026-02-26 11:49:00 [main] DEBUG c.g.d.z.s.o.a.h.c.h.i.i.PoolingHttpClientConnectionManager - ep-00000009: releasing endpoint
2026-02-26 11:49:00 [main] DEBUG c.g.d.z.s.o.a.h.c.h.i.i.PoolingHttpClientConnectionManager - ep-00000009: connection http-outgoing-1 can be kept alive for 3 MINUTES
2026-02-26 11:49:00 [main] DEBUG c.g.d.z.s.o.a.h.c.h.i.i.PoolingHttpClientConnectionManager - ep-00000009: connection released [route: {}->unix://localhost:2375][total available: 1; route allocated: 1 of 2147483647; total allocated: 1 of 2147483647]
2026-02-26 11:49:00 [main] INFO  tc.redis:7-alpine - Container redis:7-alpine is starting: 29ccf648f8e7e3804d86120717d98ee1150ea82687016aa2067a0af65df98092
2026-02-26 11:49:00 [main] DEBUG o.t.s.c.g.d.c.command.AbstrDockerCmd - Cmd: 29ccf648f8e7e3804d86120717d98ee1150ea82687016aa2067a0af65df98092
2026-02-26 11:49:00 [main] DEBUG c.g.d.z.s.o.a.h.c.h.i.c.InternalHttpClient - ex-0000000B: preparing request execution
2026-02-26 11:49:00 [main] DEBUG c.g.d.z.s.o.a.h.c.h.p.RequestAddCookies - Cookie spec selected: strict
2026-02-26 11:49:00 [main] DEBUG c.g.d.z.s.o.a.h.c.h.p.RequestAuthCache - Auth cache not set in the context
2026-02-26 11:49:00 [main] DEBUG c.g.d.z.s.o.a.h.c.h.i.c.ProtocolExec - ex-0000000B: target auth state: UNCHALLENGED
2026-02-26 11:49:00 [main] DEBUG c.g.d.z.s.o.a.h.c.h.i.c.ProtocolExec - ex-0000000B: proxy auth state: UNCHALLENGED
2026-02-26 11:49:00 [main] DEBUG c.g.d.z.s.o.a.h.c.h.i.c.ConnectExec - ex-0000000B: acquiring connection with route {}->unix://localhost:2375
2026-02-26 11:49:00 [main] DEBUG c.g.d.z.s.o.a.h.c.h.i.c.InternalHttpClient - ex-0000000B: acquiring endpoint (3 MINUTES)
2026-02-26 11:49:00 [main] DEBUG c.g.d.z.s.o.a.h.c.h.i.i.PoolingHttpClientConnectionManager - ex-0000000B: endpoint lease request (3 MINUTES) [route: {}->unix://localhost:2375][total available: 1; route allocated: 1 of 2147483647; total allocated: 1 of 2147483647]
2026-02-26 11:49:00 [main] DEBUG c.g.d.z.s.o.a.h.c.h.i.i.PoolingHttpClientConnectionManager - ex-0000000B: endpoint leased [route: {}->unix://localhost:2375][total available: 0; route allocated: 1 of 2147483647; total allocated: 1 of 2147483647]
2026-02-26 11:49:00 [main] DEBUG c.g.d.z.s.o.a.h.c.h.i.i.PoolingHttpClientConnectionManager - ex-0000000B: acquired ep-0000000A
2026-02-26 11:49:00 [main] DEBUG c.g.d.z.s.o.a.h.c.h.i.c.InternalHttpClient - ex-0000000B: acquired endpoint ep-0000000A
2026-02-26 11:49:00 [main] DEBUG c.g.d.z.s.o.a.h.c.h.i.c.MainClientExec - ex-0000000B: executing POST /v1.32/containers/29ccf648f8e7e3804d86120717d98ee1150ea82687016aa2067a0af65df98092/start HTTP/1.1
2026-02-26 11:49:00 [main] DEBUG c.g.d.z.s.o.a.h.c.h.i.c.InternalHttpClient - ep-0000000A: start execution ex-0000000B
2026-02-26 11:49:00 [main] DEBUG c.g.d.z.s.o.a.h.c.h.i.i.PoolingHttpClientConnectionManager - ep-0000000A: executing exchange ex-0000000B over http-outgoing-1
2026-02-26 11:49:00 [main] DEBUG c.g.d.z.s.o.a.h.client5.http.headers - http-outgoing-1 >> POST /v1.32/containers/29ccf648f8e7e3804d86120717d98ee1150ea82687016aa2067a0af65df98092/start HTTP/1.1
2026-02-26 11:49:00 [main] DEBUG c.g.d.z.s.o.a.h.client5.http.headers - http-outgoing-1 >> accept: application/json
2026-02-26 11:49:00 [main] DEBUG c.g.d.z.s.o.a.h.client5.http.headers - http-outgoing-1 >> content-type: application/json
2026-02-26 11:49:00 [main] DEBUG c.g.d.z.s.o.a.h.client5.http.headers - http-outgoing-1 >> x-tc-sid: 3988fffa-3d15-4d59-8a3a-e01fc218ba9e
2026-02-26 11:49:00 [main] DEBUG c.g.d.z.s.o.a.h.client5.http.headers - http-outgoing-1 >> User-Agent: tc-java/1.19.8
2026-02-26 11:49:00 [main] DEBUG c.g.d.z.s.o.a.h.client5.http.headers - http-outgoing-1 >> Accept-Encoding: gzip, x-gzip, deflate
2026-02-26 11:49:00 [main] DEBUG c.g.d.z.s.o.a.h.client5.http.headers - http-outgoing-1 >> Host: localhost:2375
2026-02-26 11:49:00 [main] DEBUG c.g.d.z.s.o.a.h.client5.http.headers - http-outgoing-1 >> Connection: keep-alive
2026-02-26 11:49:00 [main] DEBUG c.g.d.z.s.o.a.hc.client5.http.wire - http-outgoing-1 >> "POST /v1.32/containers/29ccf648f8e7e3804d86120717d98ee1150ea82687016aa2067a0af65df98092/start HTTP/1.1[\r][\n]"
2026-02-26 11:49:00 [main] DEBUG c.g.d.z.s.o.a.hc.client5.http.wire - http-outgoing-1 >> "accept: application/json[\r][\n]"
2026-02-26 11:49:00 [main] DEBUG c.g.d.z.s.o.a.hc.client5.http.wire - http-outgoing-1 >> "content-type: application/json[\r][\n]"
2026-02-26 11:49:00 [main] DEBUG c.g.d.z.s.o.a.hc.client5.http.wire - http-outgoing-1 >> "x-tc-sid: 3988fffa-3d15-4d59-8a3a-e01fc218ba9e[\r][\n]"
2026-02-26 11:49:00 [main] DEBUG c.g.d.z.s.o.a.hc.client5.http.wire - http-outgoing-1 >> "User-Agent: tc-java/1.19.8[\r][\n]"
2026-02-26 11:49:00 [main] DEBUG c.g.d.z.s.o.a.hc.client5.http.wire - http-outgoing-1 >> "Accept-Encoding: gzip, x-gzip, deflate[\r][\n]"
2026-02-26 11:49:00 [main] DEBUG c.g.d.z.s.o.a.hc.client5.http.wire - http-outgoing-1 >> "Host: localhost:2375[\r][\n]"
2026-02-26 11:49:00 [main] DEBUG c.g.d.z.s.o.a.hc.client5.http.wire - http-outgoing-1 >> "Connection: keep-alive[\r][\n]"
2026-02-26 11:49:00 [main] DEBUG c.g.d.z.s.o.a.hc.client5.http.wire - http-outgoing-1 >> "[\r][\n]"
2026-02-26 11:49:00 [main] DEBUG c.g.d.z.s.o.a.hc.client5.http.wire - http-outgoing-1 << "HTTP/1.1 204 No Content[\r][\n]"
2026-02-26 11:49:00 [main] DEBUG c.g.d.z.s.o.a.hc.client5.http.wire - http-outgoing-1 << "Api-Version: 1.51[\r][\n]"
2026-02-26 11:49:00 [main] DEBUG c.g.d.z.s.o.a.hc.client5.http.wire - http-outgoing-1 << "Date: Thu, 26 Feb 2026 08:49:00 GMT[\r][\n]"
2026-02-26 11:49:00 [main] DEBUG c.g.d.z.s.o.a.hc.client5.http.wire - http-outgoing-1 << "Docker-Experimental: false[\r][\n]"
2026-02-26 11:49:00 [main] DEBUG c.g.d.z.s.o.a.hc.client5.http.wire - http-outgoing-1 << "Ostype: linux[\r][\n]"
2026-02-26 11:49:00 [main] DEBUG c.g.d.z.s.o.a.hc.client5.http.wire - http-outgoing-1 << "Server: Docker/28.4.0 (linux)[\r][\n]"
2026-02-26 11:49:00 [main] DEBUG c.g.d.z.s.o.a.hc.client5.http.wire - http-outgoing-1 << "[\r][\n]"
2026-02-26 11:49:00 [main] DEBUG c.g.d.z.s.o.a.h.client5.http.headers - http-outgoing-1 << HTTP/1.1 204 No Content
2026-02-26 11:49:00 [main] DEBUG c.g.d.z.s.o.a.h.client5.http.headers - http-outgoing-1 << Api-Version: 1.51
2026-02-26 11:49:00 [main] DEBUG c.g.d.z.s.o.a.h.client5.http.headers - http-outgoing-1 << Date: Thu, 26 Feb 2026 08:49:00 GMT
2026-02-26 11:49:00 [main] DEBUG c.g.d.z.s.o.a.h.client5.http.headers - http-outgoing-1 << Docker-Experimental: false
2026-02-26 11:49:00 [main] DEBUG c.g.d.z.s.o.a.h.client5.http.headers - http-outgoing-1 << Ostype: linux
2026-02-26 11:49:00 [main] DEBUG c.g.d.z.s.o.a.h.client5.http.headers - http-outgoing-1 << Server: Docker/28.4.0 (linux)
2026-02-26 11:49:00 [main] DEBUG c.g.d.z.s.o.a.h.c.h.i.c.MainClientExec - ex-0000000B: connection can be kept alive for 3 MINUTES
2026-02-26 11:49:00 [main] DEBUG c.g.d.z.s.o.a.h.c.h.i.c.InternalHttpClient - ep-0000000A: releasing valid endpoint
2026-02-26 11:49:00 [main] DEBUG c.g.d.z.s.o.a.h.c.h.i.i.PoolingHttpClientConnectionManager - ep-0000000A: releasing endpoint
2026-02-26 11:49:00 [main] DEBUG c.g.d.z.s.o.a.h.c.h.i.i.PoolingHttpClientConnectionManager - ep-0000000A: connection http-outgoing-1 can be kept alive for 3 MINUTES
2026-02-26 11:49:00 [main] DEBUG c.g.d.z.s.o.a.h.c.h.i.i.PoolingHttpClientConnectionManager - ep-0000000A: connection released [route: {}->unix://localhost:2375][total available: 1; route allocated: 1 of 2147483647; total allocated: 1 of 2147483647]
2026-02-26 11:49:00 [main] DEBUG o.t.s.c.g.d.c.command.AbstrDockerCmd - Cmd: 29ccf648f8e7e3804d86120717d98ee1150ea82687016aa2067a0af65df98092,false
2026-02-26 11:49:00 [main] DEBUG o.t.s.c.g.d.c.e.InspectContainerCmdExec - GET: DefaultWebTarget{path=[/containers/29ccf648f8e7e3804d86120717d98ee1150ea82687016aa2067a0af65df98092/json], queryParams={}}
2026-02-26 11:49:00 [main] DEBUG c.g.d.z.s.o.a.h.c.h.i.c.InternalHttpClient - ex-0000000C: preparing request execution
2026-02-26 11:49:00 [main] DEBUG c.g.d.z.s.o.a.h.c.h.p.RequestAddCookies - Cookie spec selected: strict
2026-02-26 11:49:00 [main] DEBUG c.g.d.z.s.o.a.h.c.h.p.RequestAuthCache - Auth cache not set in the context
2026-02-26 11:49:00 [main] DEBUG c.g.d.z.s.o.a.h.c.h.i.c.ProtocolExec - ex-0000000C: target auth state: UNCHALLENGED
2026-02-26 11:49:00 [main] DEBUG c.g.d.z.s.o.a.h.c.h.i.c.ProtocolExec - ex-0000000C: proxy auth state: UNCHALLENGED
2026-02-26 11:49:00 [main] DEBUG c.g.d.z.s.o.a.h.c.h.i.c.ConnectExec - ex-0000000C: acquiring connection with route {}->unix://localhost:2375
2026-02-26 11:49:00 [main] DEBUG c.g.d.z.s.o.a.h.c.h.i.c.InternalHttpClient - ex-0000000C: acquiring endpoint (3 MINUTES)
2026-02-26 11:49:00 [main] DEBUG c.g.d.z.s.o.a.h.c.h.i.i.PoolingHttpClientConnectionManager - ex-0000000C: endpoint lease request (3 MINUTES) [route: {}->unix://localhost:2375][total available: 1; route allocated: 1 of 2147483647; total allocated: 1 of 2147483647]
2026-02-26 11:49:00 [main] DEBUG c.g.d.z.s.o.a.h.c.h.i.i.PoolingHttpClientConnectionManager - ex-0000000C: endpoint leased [route: {}->unix://localhost:2375][total available: 0; route allocated: 1 of 2147483647; total allocated: 1 of 2147483647]
2026-02-26 11:49:00 [main] DEBUG c.g.d.z.s.o.a.h.c.h.i.i.PoolingHttpClientConnectionManager - ex-0000000C: acquired ep-0000000B
2026-02-26 11:49:00 [main] DEBUG c.g.d.z.s.o.a.h.c.h.i.c.InternalHttpClient - ex-0000000C: acquired endpoint ep-0000000B
2026-02-26 11:49:00 [main] DEBUG c.g.d.z.s.o.a.h.c.h.i.c.MainClientExec - ex-0000000C: executing GET /v1.32/containers/29ccf648f8e7e3804d86120717d98ee1150ea82687016aa2067a0af65df98092/json HTTP/1.1
2026-02-26 11:49:00 [main] DEBUG c.g.d.z.s.o.a.h.c.h.i.c.InternalHttpClient - ep-0000000B: start execution ex-0000000C
2026-02-26 11:49:00 [main] DEBUG c.g.d.z.s.o.a.h.c.h.i.i.PoolingHttpClientConnectionManager - ep-0000000B: executing exchange ex-0000000C over http-outgoing-1
2026-02-26 11:49:00 [main] DEBUG c.g.d.z.s.o.a.h.client5.http.headers - http-outgoing-1 >> GET /v1.32/containers/29ccf648f8e7e3804d86120717d98ee1150ea82687016aa2067a0af65df98092/json HTTP/1.1
2026-02-26 11:49:00 [main] DEBUG c.g.d.z.s.o.a.h.client5.http.headers - http-outgoing-1 >> accept: application/json
2026-02-26 11:49:00 [main] DEBUG c.g.d.z.s.o.a.h.client5.http.headers - http-outgoing-1 >> x-tc-sid: 3988fffa-3d15-4d59-8a3a-e01fc218ba9e
2026-02-26 11:49:00 [main] DEBUG c.g.d.z.s.o.a.h.client5.http.headers - http-outgoing-1 >> User-Agent: tc-java/1.19.8
2026-02-26 11:49:00 [main] DEBUG c.g.d.z.s.o.a.h.client5.http.headers - http-outgoing-1 >> Accept-Encoding: gzip, x-gzip, deflate
2026-02-26 11:49:00 [main] DEBUG c.g.d.z.s.o.a.h.client5.http.headers - http-outgoing-1 >> Host: localhost:2375
2026-02-26 11:49:00 [main] DEBUG c.g.d.z.s.o.a.h.client5.http.headers - http-outgoing-1 >> Connection: keep-alive
2026-02-26 11:49:00 [main] DEBUG c.g.d.z.s.o.a.hc.client5.http.wire - http-outgoing-1 >> "GET /v1.32/containers/29ccf648f8e7e3804d86120717d98ee1150ea82687016aa2067a0af65df98092/json HTTP/1.1[\r][\n]"
2026-02-26 11:49:00 [main] DEBUG c.g.d.z.s.o.a.hc.client5.http.wire - http-outgoing-1 >> "accept: application/json[\r][\n]"
2026-02-26 11:49:00 [main] DEBUG c.g.d.z.s.o.a.hc.client5.http.wire - http-outgoing-1 >> "x-tc-sid: 3988fffa-3d15-4d59-8a3a-e01fc218ba9e[\r][\n]"
2026-02-26 11:49:00 [main] DEBUG c.g.d.z.s.o.a.hc.client5.http.wire - http-outgoing-1 >> "User-Agent: tc-java/1.19.8[\r][\n]"
2026-02-26 11:49:00 [main] DEBUG c.g.d.z.s.o.a.hc.client5.http.wire - http-outgoing-1 >> "Accept-Encoding: gzip, x-gzip, deflate[\r][\n]"
2026-02-26 11:49:00 [main] DEBUG c.g.d.z.s.o.a.hc.client5.http.wire - http-outgoing-1 >> "Host: localhost:2375[\r][\n]"
2026-02-26 11:49:00 [main] DEBUG c.g.d.z.s.o.a.hc.client5.http.wire - http-outgoing-1 >> "Connection: keep-alive[\r][\n]"
2026-02-26 11:49:00 [main] DEBUG c.g.d.z.s.o.a.hc.client5.http.wire - http-outgoing-1 >> "[\r][\n]"
2026-02-26 11:49:00 [main] DEBUG c.g.d.z.s.o.a.hc.client5.http.wire - http-outgoing-1 << "HTTP/1.1 200 OK[\r][\n]"
2026-02-26 11:49:00 [main] DEBUG c.g.d.z.s.o.a.hc.client5.http.wire - http-outgoing-1 << "Api-Version: 1.51[\r][\n]"
2026-02-26 11:49:00 [main] DEBUG c.g.d.z.s.o.a.hc.client5.http.wire - http-outgoing-1 << "Content-Type: application/json[\r][\n]"
2026-02-26 11:49:00 [main] DEBUG c.g.d.z.s.o.a.hc.client5.http.wire - http-outgoing-1 << "Date: Thu, 26 Feb 2026 08:49:00 GMT[\r][\n]"
2026-02-26 11:49:00 [main] DEBUG c.g.d.z.s.o.a.hc.client5.http.wire - http-outgoing-1 << "Docker-Experimental: false[\r][\n]"
2026-02-26 11:49:00 [main] DEBUG c.g.d.z.s.o.a.hc.client5.http.wire - http-outgoing-1 << "Ostype: linux[\r][\n]"
2026-02-26 11:49:00 [main] DEBUG c.g.d.z.s.o.a.hc.client5.http.wire - http-outgoing-1 << "Server: Docker/28.4.0 (linux)[\r][\n]"
2026-02-26 11:49:00 [main] DEBUG c.g.d.z.s.o.a.hc.client5.http.wire - http-outgoing-1 << "Transfer-Encoding: chunked[\r][\n]"
2026-02-26 11:49:00 [main] DEBUG c.g.d.z.s.o.a.hc.client5.http.wire - http-outgoing-1 << "[\r][\n]"
2026-02-26 11:49:00 [main] DEBUG c.g.d.z.s.o.a.hc.client5.http.wire - http-outgoing-1 << "1332[\r][\n]"
2026-02-26 11:49:00 [main] DEBUG c.g.d.z.s.o.a.hc.client5.http.wire - http-outgoing-1 << "{"Id":"29ccf648f8e7e3804d86120717d98ee1150ea82687016aa2067a0af65df98092","Created":"2026-02-26T08:49:00.071054339Z","Path":"docker-entrypoint.sh","Args":["redis-server"],"State":{"Status":"running","Running":true,"Paused":false,"Restarting":false,"OOMKilled":false,"Dead":false,"Pid":679,"ExitCode":0,"Error":"","StartedAt":"2026-02-26T08:49:00.269746509Z","FinishedAt":"0001-01-01T00:00:00Z"},"Image":"sha256:8b81dd37ff027bec4e516d41acfbe9fe2460070dc6d4a4570a2ac5b9d59df065","ResolvConfPath":"/var/lib/docker/containers/29ccf648f8e7e3804d86120717d98ee1150ea82687016aa2067a0af65df98092/resolv.conf","HostnamePath":"/var/lib/docker/containers/29ccf648f8e7e3804d86120717d98ee1150ea82687016aa2067a0af65df98092/hostname","HostsPath":"/var/lib/docker/containers/29ccf648f8e7e3804d86120717d98ee1150ea82687016aa2067a0af65df98092/hosts","LogPath":"/var/lib/docker/containers/29ccf648f8e7e3804d86120717d98ee1150ea82687016aa2067a0af65df98092/29ccf648f8e7e3804d86120717d98ee1150ea82687016aa2067a0af65df98092-json.log","Name":"/zen_ptolemy","RestartCount":0,"Driver":"overlayfs","Platform":"linux","MountLabel":"","ProcessLabel":"","AppArmorProfile":"","ExecIDs":null,"HostConfig":{"Binds":[],"ContainerIDFile":"","LogConfig":{"Type":"json-file","Config":{}},"NetworkMode":"bridge","PortBindings":{"6379/tcp":[{"HostIp":"","HostPort":""}]},"RestartPolicy":{"Name":"no","MaximumRetryCount":0},"AutoRemove":false,"VolumeDriver":"","VolumesFrom":[],"ConsoleSize":[0,0],"CapAdd":null,"CapDrop":null,"CgroupnsMode":"private","Dns":null,"DnsOptions":null,"DnsSearch":null,"ExtraHosts":[],"GroupAdd":null,"IpcMode":"shareable","Cgroup":"","Links":null,"OomScoreAdj":0,"PidMode":"","Privileged":false,"PublishAllPorts":false,"ReadonlyRootfs":false,"SecurityOpt":null,"UTSMode":"","UsernsMode":"","ShmSize":67108864,"Runtime":"runc","Isolation":"","CpuShares":0,"Memory":0,"NanoCpus":0,"CgroupParent":"","BlkioWeight":0,"BlkioWeightDevice":null,"BlkioDeviceReadBps":null,"BlkioDeviceWriteBps":null,"BlkioDeviceReadIOps":null,"BlkioDeviceWriteIOps":null,"CpuPeriod":0,"CpuQuota":0,"CpuRealtimePeriod":0,"CpuRealtimeRuntime":0,"CpusetCpus":"","CpusetMems":"","Devices":null,"DeviceCgroupRules":null,"DeviceRequests":null,"MemoryReservation":0,"MemorySwap":0,"MemorySwappiness":null,"OomKillDisable":null,"PidsLimit":null,"Ulimits":null,"CpuCount":0,"CpuPercent":0,"IOMaximumIOps":0,"IOMaximumBandwidth":0,"MaskedPaths":["/proc/asound","/proc/acpi","/proc/interrupts","/proc/kcore","/proc/keys","/proc/latency_stats","/proc/timer_list","/proc/timer_stats","/proc/sched_debug","/proc/scsi","/sys/firmware","/sys/devices/virtual/powercap"],"ReadonlyPaths":["/proc/bus","/proc/fs","/proc/irq","/proc/sys","/proc/sysrq-trigger"]},"GraphDriver":{"Data":null,"Name":"overlayfs"},"Mounts":[{"Type":"volume","Name":"ef1d91046f6c9e9848cf2f4f6f743083f3840ded45dc5b499ced7de98c703366","Source":"/var/lib/docker/volumes/ef1d91046f6c9e9848cf2f4f6f743083f3840ded45dc5b499ced7de98c703366/_data","Destination":"/data","Driver":"local","Mode":"","RW":true,"Propagation":""}],"Config":{"Hostname":"29ccf648f8e7","Domainname":"","User":"","AttachStdin":false,"AttachStdout":false,"AttachStderr":false,"ExposedPorts":{"6379/tcp":{}},"Tty":false,"OpenStdin":false,"StdinOnce":false,"Env":["PATH=/usr/local/sbin:/usr/local/bin:/usr/sbin:/usr/bin:/sbin:/bin","GOSU_VERSION=1.17","REDIS_VERSION=7.4.8","REDIS_DOWNLOAD_URL=http://download.redis.io/releases/redis-7.4.8.tar.gz","REDIS_DOWNLOAD_SHA=f6773cb7d63be236c59c2917a82f1f08e47b77d89b2f0c9f53becb22b8ea4172"],"Cmd":["redis-server"],"Image":"redis:7-alpine","Volumes":{"/data":{}},"WorkingDir":"/data","Entrypoint":["docker-entrypoint.sh"],"OnBuild":null,"Labels":{"org.testcontainers":"true","org.testcontainers.lang":"java","org.testcontainers.sessionId":"3988fffa-3d15-4d59-8a3a-e01fc218ba9e","org.testcontainers.version":"1.19.8"}},"NetworkSettings":{"Bridge":"","SandboxID":"26881b47c566d83e39d83ef6896dbf7a73733bd29078315020ed32ca7aeaa34b","SandboxKey":"/var/run/docker/netns/26881b47c566","Ports":{"6379/tcp":[{"HostIp":"0.0.0.0","HostPort":"40465"},{"HostIp":"::","HostPort":"40465"}]},"HairpinMode":false,"LinkLocalIPv6Address":"","LinkLocalIPv6PrefixLen":0,"SecondaryIPAddresses":null,"SecondaryIPv6Addresses":null,"EndpointID":"086576cdf300271bbaaa1600f47c9101b8e8d81ccec31f8192fde042558ceda4","Gateway":"172.17.0.1","GlobalIPv6Address":"","GlobalIPv6PrefixLen":0,"IPAddress":"172.17.0.3","IPPrefixLen":16,"IPv6Gateway":"","MacAddress":"16:e4:5a:29:84:5e","Networks":{"bridge":{"IPAMConfig":null,"Links":null,"Aliases":null,"MacAddress":"16:e4:5a:29:84:5e","DriverOpts":null,"GwPriority":0,"NetworkID":"3d2b1ff79ad788ceacbe0a31d8809e1b169bea8cd21b32b06f23fe4e292c9b28","EndpointID":"086576cdf300271bbaaa1600f47c9101b8e8d81ccec31f8192fde042558ceda4","Gateway":"172.17.0.1","IPAddress":"172.17.0.3","IPPrefixLen":16,"IPv6Gateway":"","GlobalIPv6Address":"","GlobalIPv6PrefixLen":0,"DNSNames":null}}}}[\n]"
2026-02-26 11:49:00 [main] DEBUG c.g.d.z.s.o.a.hc.client5.http.wire - http-outgoing-1 << "[\r][\n]"
2026-02-26 11:49:00 [main] DEBUG c.g.d.z.s.o.a.hc.client5.http.wire - http-outgoing-1 << "0[\r][\n]"
2026-02-26 11:49:00 [main] DEBUG c.g.d.z.s.o.a.hc.client5.http.wire - http-outgoing-1 << "[\r][\n]"
2026-02-26 11:49:00 [main] DEBUG c.g.d.z.s.o.a.h.client5.http.headers - http-outgoing-1 << HTTP/1.1 200 OK
2026-02-26 11:49:00 [main] DEBUG c.g.d.z.s.o.a.h.client5.http.headers - http-outgoing-1 << Api-Version: 1.51
2026-02-26 11:49:00 [main] DEBUG c.g.d.z.s.o.a.h.client5.http.headers - http-outgoing-1 << Content-Type: application/json
2026-02-26 11:49:00 [main] DEBUG c.g.d.z.s.o.a.h.client5.http.headers - http-outgoing-1 << Date: Thu, 26 Feb 2026 08:49:00 GMT
2026-02-26 11:49:00 [main] DEBUG c.g.d.z.s.o.a.h.client5.http.headers - http-outgoing-1 << Docker-Experimental: false
2026-02-26 11:49:00 [main] DEBUG c.g.d.z.s.o.a.h.client5.http.headers - http-outgoing-1 << Ostype: linux
2026-02-26 11:49:00 [main] DEBUG c.g.d.z.s.o.a.h.client5.http.headers - http-outgoing-1 << Server: Docker/28.4.0 (linux)
2026-02-26 11:49:00 [main] DEBUG c.g.d.z.s.o.a.h.client5.http.headers - http-outgoing-1 << Transfer-Encoding: chunked
2026-02-26 11:49:00 [main] DEBUG c.g.d.z.s.o.a.h.c.h.i.c.MainClientExec - ex-0000000C: connection can be kept alive for 3 MINUTES
2026-02-26 11:49:00 [main] DEBUG c.g.d.z.s.o.a.h.c.h.i.c.InternalHttpClient - ep-0000000B: releasing valid endpoint
2026-02-26 11:49:00 [main] DEBUG c.g.d.z.s.o.a.h.c.h.i.i.PoolingHttpClientConnectionManager - ep-0000000B: releasing endpoint
2026-02-26 11:49:00 [main] DEBUG c.g.d.z.s.o.a.h.c.h.i.i.PoolingHttpClientConnectionManager - ep-0000000B: connection http-outgoing-1 can be kept alive for 3 MINUTES
2026-02-26 11:49:00 [main] DEBUG c.g.d.z.s.o.a.h.c.h.i.i.PoolingHttpClientConnectionManager - ep-0000000B: connection released [route: {}->unix://localhost:2375][total available: 1; route allocated: 1 of 2147483647; total allocated: 1 of 2147483647]
2026-02-26 11:49:00 [main] DEBUG o.t.s.c.g.d.c.command.AbstrDockerCmd - Cmd: sha256:8b81dd37ff027bec4e516d41acfbe9fe2460070dc6d4a4570a2ac5b9d59df065
2026-02-26 11:49:00 [main] DEBUG c.g.d.z.s.o.a.h.c.h.i.c.InternalHttpClient - ex-0000000D: preparing request execution
2026-02-26 11:49:00 [main] DEBUG c.g.d.z.s.o.a.h.c.h.p.RequestAddCookies - Cookie spec selected: strict
2026-02-26 11:49:00 [main] DEBUG c.g.d.z.s.o.a.h.c.h.p.RequestAuthCache - Auth cache not set in the context
2026-02-26 11:49:00 [main] DEBUG c.g.d.z.s.o.a.h.c.h.i.c.ProtocolExec - ex-0000000D: target auth state: UNCHALLENGED
2026-02-26 11:49:00 [main] DEBUG c.g.d.z.s.o.a.h.c.h.i.c.ProtocolExec - ex-0000000D: proxy auth state: UNCHALLENGED
2026-02-26 11:49:00 [main] DEBUG c.g.d.z.s.o.a.h.c.h.i.c.ConnectExec - ex-0000000D: acquiring connection with route {}->unix://localhost:2375
2026-02-26 11:49:00 [main] DEBUG c.g.d.z.s.o.a.h.c.h.i.c.InternalHttpClient - ex-0000000D: acquiring endpoint (3 MINUTES)
2026-02-26 11:49:00 [main] DEBUG c.g.d.z.s.o.a.h.c.h.i.i.PoolingHttpClientConnectionManager - ex-0000000D: endpoint lease request (3 MINUTES) [route: {}->unix://localhost:2375][total available: 1; route allocated: 1 of 2147483647; total allocated: 1 of 2147483647]
2026-02-26 11:49:00 [main] DEBUG c.g.d.z.s.o.a.h.c.h.i.i.PoolingHttpClientConnectionManager - ex-0000000D: endpoint leased [route: {}->unix://localhost:2375][total available: 0; route allocated: 1 of 2147483647; total allocated: 1 of 2147483647]
2026-02-26 11:49:00 [main] DEBUG c.g.d.z.s.o.a.h.c.h.i.i.PoolingHttpClientConnectionManager - ex-0000000D: acquired ep-0000000C
2026-02-26 11:49:00 [main] DEBUG c.g.d.z.s.o.a.h.c.h.i.c.InternalHttpClient - ex-0000000D: acquired endpoint ep-0000000C
2026-02-26 11:49:00 [main] DEBUG c.g.d.z.s.o.a.h.c.h.i.c.MainClientExec - ex-0000000D: executing GET /v1.32/images/sha256:8b81dd37ff027bec4e516d41acfbe9fe2460070dc6d4a4570a2ac5b9d59df065/json HTTP/1.1
2026-02-26 11:49:00 [main] DEBUG c.g.d.z.s.o.a.h.c.h.i.c.InternalHttpClient - ep-0000000C: start execution ex-0000000D
2026-02-26 11:49:00 [main] DEBUG c.g.d.z.s.o.a.h.c.h.i.i.PoolingHttpClientConnectionManager - ep-0000000C: executing exchange ex-0000000D over http-outgoing-1
2026-02-26 11:49:00 [main] DEBUG c.g.d.z.s.o.a.h.client5.http.headers - http-outgoing-1 >> GET /v1.32/images/sha256:8b81dd37ff027bec4e516d41acfbe9fe2460070dc6d4a4570a2ac5b9d59df065/json HTTP/1.1
2026-02-26 11:49:00 [main] DEBUG c.g.d.z.s.o.a.h.client5.http.headers - http-outgoing-1 >> accept: application/json
2026-02-26 11:49:00 [main] DEBUG c.g.d.z.s.o.a.h.client5.http.headers - http-outgoing-1 >> x-tc-sid: 3988fffa-3d15-4d59-8a3a-e01fc218ba9e
2026-02-26 11:49:00 [main] DEBUG c.g.d.z.s.o.a.h.client5.http.headers - http-outgoing-1 >> User-Agent: tc-java/1.19.8
2026-02-26 11:49:00 [main] DEBUG c.g.d.z.s.o.a.h.client5.http.headers - http-outgoing-1 >> Accept-Encoding: gzip, x-gzip, deflate
2026-02-26 11:49:00 [main] DEBUG c.g.d.z.s.o.a.h.client5.http.headers - http-outgoing-1 >> Host: localhost:2375
2026-02-26 11:49:00 [main] DEBUG c.g.d.z.s.o.a.h.client5.http.headers - http-outgoing-1 >> Connection: keep-alive
2026-02-26 11:49:00 [main] DEBUG c.g.d.z.s.o.a.hc.client5.http.wire - http-outgoing-1 >> "GET /v1.32/images/sha256:8b81dd37ff027bec4e516d41acfbe9fe2460070dc6d4a4570a2ac5b9d59df065/json HTTP/1.1[\r][\n]"
2026-02-26 11:49:00 [main] DEBUG c.g.d.z.s.o.a.hc.client5.http.wire - http-outgoing-1 >> "accept: application/json[\r][\n]"
2026-02-26 11:49:00 [main] DEBUG c.g.d.z.s.o.a.hc.client5.http.wire - http-outgoing-1 >> "x-tc-sid: 3988fffa-3d15-4d59-8a3a-e01fc218ba9e[\r][\n]"
2026-02-26 11:49:00 [main] DEBUG c.g.d.z.s.o.a.hc.client5.http.wire - http-outgoing-1 >> "User-Agent: tc-java/1.19.8[\r][\n]"
2026-02-26 11:49:00 [main] DEBUG c.g.d.z.s.o.a.hc.client5.http.wire - http-outgoing-1 >> "Accept-Encoding: gzip, x-gzip, deflate[\r][\n]"
2026-02-26 11:49:00 [main] DEBUG c.g.d.z.s.o.a.hc.client5.http.wire - http-outgoing-1 >> "Host: localhost:2375[\r][\n]"
2026-02-26 11:49:00 [main] DEBUG c.g.d.z.s.o.a.hc.client5.http.wire - http-outgoing-1 >> "Connection: keep-alive[\r][\n]"
2026-02-26 11:49:00 [main] DEBUG c.g.d.z.s.o.a.hc.client5.http.wire - http-outgoing-1 >> "[\r][\n]"
2026-02-26 11:49:00 [main] DEBUG c.g.d.z.s.o.a.hc.client5.http.wire - http-outgoing-1 << "HTTP/1.1 200 OK[\r][\n]"
2026-02-26 11:49:00 [main] DEBUG c.g.d.z.s.o.a.hc.client5.http.wire - http-outgoing-1 << "Api-Version: 1.51[\r][\n]"
2026-02-26 11:49:00 [main] DEBUG c.g.d.z.s.o.a.hc.client5.http.wire - http-outgoing-1 << "Content-Type: application/json[\r][\n]"
2026-02-26 11:49:00 [main] DEBUG c.g.d.z.s.o.a.hc.client5.http.wire - http-outgoing-1 << "Date: Thu, 26 Feb 2026 08:49:00 GMT[\r][\n]"
2026-02-26 11:49:00 [main] DEBUG c.g.d.z.s.o.a.hc.client5.http.wire - http-outgoing-1 << "Docker-Experimental: false[\r][\n]"
2026-02-26 11:49:00 [main] DEBUG c.g.d.z.s.o.a.hc.client5.http.wire - http-outgoing-1 << "Ostype: linux[\r][\n]"
2026-02-26 11:49:00 [main] DEBUG c.g.d.z.s.o.a.hc.client5.http.wire - http-outgoing-1 << "Server: Docker/28.4.0 (linux)[\r][\n]"
2026-02-26 11:49:00 [main] DEBUG c.g.d.z.s.o.a.hc.client5.http.wire - http-outgoing-1 << "Transfer-Encoding: chunked[\r][\n]"
2026-02-26 11:49:00 [main] DEBUG c.g.d.z.s.o.a.hc.client5.http.wire - http-outgoing-1 << "[\r][\n]"
2026-02-26 11:49:00 [main] DEBUG c.g.d.z.s.o.a.hc.client5.http.wire - http-outgoing-1 << "6db[\r][\n]"
2026-02-26 11:49:00 [main] DEBUG c.g.d.z.s.o.a.hc.client5.http.wire - http-outgoing-1 << "{"Id":"sha256:8b81dd37ff027bec4e516d41acfbe9fe2460070dc6d4a4570a2ac5b9d59df065","RepoTags":["redis:7-alpine"],"RepoDigests":["redis@sha256:8b81dd37ff027bec4e516d41acfbe9fe2460070dc6d4a4570a2ac5b9d59df065"],"Parent":"","Comment":"buildkit.dockerfile.v0","Created":"2026-02-23T17:35:24.435278745Z","DockerVersion":"","Author":"","Architecture":"amd64","Os":"linux","Size":17253707,"VirtualSize":17253707,"GraphDriver":{"Data":null,"Name":"overlayfs"},"RootFS":{"Type":"layers","Layers":["sha256:23e75c9dd3ec742dcf0b41994dd6e581b011fb29044efa7b1921f92f59e3e11e","sha256:31507fdd2290278228f05ba493c147725f7c7d15356dd58432fc87b09767ebe0","sha256:600081b7a4023fcd90916665161c4cb13dccb74a8863c410716efaa02622afa5","sha256:0bd88c6f3bb2d1b012ebc1f807d5f968422e0b0dca705607d132afb4417dd469","sha256:eb2e1daa6eab7feb9285d002e79e24f1280e9b458c97b97348da1be623b04b54","sha256:63edc2d331e26801ef3a391d7659b0f9138fbf2134ba89f84d94fd32c205b273","sha256:5f70bf18a086007016e948b04aed3b82103a36bea41755b6cddfaf10ace3c6ef","sha256:ce3b1596d89b0d767a288c0697ac40da8b8318d74dad7c7a750d0ffdafcb340a"]},"Metadata":{"LastTagTime":"2026-02-25T17:07:52.659528592Z"},"Config":{"AttachStderr":false,"AttachStdin":false,"AttachStdout":false,"Cmd":["redis-server"],"Domainname":"","Entrypoint":["docker-entrypoint.sh"],"Env":["PATH=/usr/local/sbin:/usr/local/bin:/usr/sbin:/usr/bin:/sbin:/bin","GOSU_VERSION=1.17","REDIS_VERSION=7.4.8","REDIS_DOWNLOAD_URL=http://download.redis.io/releases/redis-7.4.8.tar.gz","REDIS_DOWNLOAD_SHA=f6773cb7d63be236c59c2917a82f1f08e47b77d89b2f0c9f53becb22b8ea4172"],"ExposedPorts":{"6379/tcp":{}},"Hostname":"","Image":"","Labels":null,"OnBuild":null,"OpenStdin":false,"StdinOnce":false,"Tty":false,"User":"","Volumes":{"/data":{}},"WorkingDir":"/data"}}[\n]"
2026-02-26 11:49:00 [main] DEBUG c.g.d.z.s.o.a.hc.client5.http.wire - http-outgoing-1 << "[\r][\n]"
2026-02-26 11:49:00 [main] DEBUG c.g.d.z.s.o.a.hc.client5.http.wire - http-outgoing-1 << "0[\r][\n]"
2026-02-26 11:49:00 [main] DEBUG c.g.d.z.s.o.a.hc.client5.http.wire - http-outgoing-1 << "[\r][\n]"
2026-02-26 11:49:00 [main] DEBUG c.g.d.z.s.o.a.h.client5.http.headers - http-outgoing-1 << HTTP/1.1 200 OK
2026-02-26 11:49:00 [main] DEBUG c.g.d.z.s.o.a.h.client5.http.headers - http-outgoing-1 << Api-Version: 1.51
2026-02-26 11:49:00 [main] DEBUG c.g.d.z.s.o.a.h.client5.http.headers - http-outgoing-1 << Content-Type: application/json
2026-02-26 11:49:00 [main] DEBUG c.g.d.z.s.o.a.h.client5.http.headers - http-outgoing-1 << Date: Thu, 26 Feb 2026 08:49:00 GMT
2026-02-26 11:49:00 [main] DEBUG c.g.d.z.s.o.a.h.client5.http.headers - http-outgoing-1 << Docker-Experimental: false
2026-02-26 11:49:00 [main] DEBUG c.g.d.z.s.o.a.h.client5.http.headers - http-outgoing-1 << Ostype: linux
2026-02-26 11:49:00 [main] DEBUG c.g.d.z.s.o.a.h.client5.http.headers - http-outgoing-1 << Server: Docker/28.4.0 (linux)
2026-02-26 11:49:00 [main] DEBUG c.g.d.z.s.o.a.h.client5.http.headers - http-outgoing-1 << Transfer-Encoding: chunked
2026-02-26 11:49:00 [main] DEBUG c.g.d.z.s.o.a.h.c.h.i.c.MainClientExec - ex-0000000D: connection can be kept alive for 3 MINUTES
2026-02-26 11:49:00 [main] DEBUG c.g.d.z.s.o.a.h.c.h.i.c.InternalHttpClient - ep-0000000C: releasing valid endpoint
2026-02-26 11:49:00 [main] DEBUG c.g.d.z.s.o.a.h.c.h.i.i.PoolingHttpClientConnectionManager - ep-0000000C: releasing endpoint
2026-02-26 11:49:00 [main] DEBUG c.g.d.z.s.o.a.h.c.h.i.i.PoolingHttpClientConnectionManager - ep-0000000C: connection http-outgoing-1 can be kept alive for 3 MINUTES
2026-02-26 11:49:00 [main] DEBUG c.g.d.z.s.o.a.h.c.h.i.i.PoolingHttpClientConnectionManager - ep-0000000C: connection released [route: {}->unix://localhost:2375][total available: 1; route allocated: 1 of 2147483647; total allocated: 1 of 2147483647]
2026-02-26 11:49:00 [main] DEBUG o.t.s.c.g.d.c.command.AbstrDockerCmd - Cmd: 
2026-02-26 11:49:00 [main] DEBUG c.g.d.z.s.o.a.h.c.h.i.c.InternalHttpClient - ex-0000000E: preparing request execution
2026-02-26 11:49:00 [main] DEBUG c.g.d.z.s.o.a.h.c.h.p.RequestAddCookies - Cookie spec selected: strict
2026-02-26 11:49:00 [main] DEBUG c.g.d.z.s.o.a.h.c.h.p.RequestAuthCache - Auth cache not set in the context
2026-02-26 11:49:00 [main] DEBUG c.g.d.z.s.o.a.h.c.h.i.c.ProtocolExec - ex-0000000E: target auth state: UNCHALLENGED
2026-02-26 11:49:00 [main] DEBUG c.g.d.z.s.o.a.h.c.h.i.c.ProtocolExec - ex-0000000E: proxy auth state: UNCHALLENGED
2026-02-26 11:49:00 [main] DEBUG c.g.d.z.s.o.a.h.c.h.i.c.ConnectExec - ex-0000000E: acquiring connection with route {}->unix://localhost:2375
2026-02-26 11:49:00 [main] DEBUG c.g.d.z.s.o.a.h.c.h.i.c.InternalHttpClient - ex-0000000E: acquiring endpoint (3 MINUTES)
2026-02-26 11:49:00 [main] DEBUG c.g.d.z.s.o.a.h.c.h.i.i.PoolingHttpClientConnectionManager - ex-0000000E: endpoint lease request (3 MINUTES) [route: {}->unix://localhost:2375][total available: 1; route allocated: 1 of 2147483647; total allocated: 1 of 2147483647]
2026-02-26 11:49:00 [main] DEBUG c.g.d.z.s.o.a.h.c.h.i.i.PoolingHttpClientConnectionManager - ex-0000000E: endpoint leased [route: {}->unix://localhost:2375][total available: 0; route allocated: 1 of 2147483647; total allocated: 1 of 2147483647]
2026-02-26 11:49:00 [main] DEBUG c.g.d.z.s.o.a.h.c.h.i.i.PoolingHttpClientConnectionManager - ex-0000000E: acquired ep-0000000D
2026-02-26 11:49:00 [main] DEBUG c.g.d.z.s.o.a.h.c.h.i.c.InternalHttpClient - ex-0000000E: acquired endpoint ep-0000000D
2026-02-26 11:49:00 [main] DEBUG c.g.d.z.s.o.a.h.c.h.i.c.MainClientExec - ex-0000000E: executing GET /v1.32/version HTTP/1.1
2026-02-26 11:49:00 [main] DEBUG c.g.d.z.s.o.a.h.c.h.i.c.InternalHttpClient - ep-0000000D: start execution ex-0000000E
2026-02-26 11:49:00 [main] DEBUG c.g.d.z.s.o.a.h.c.h.i.i.PoolingHttpClientConnectionManager - ep-0000000D: executing exchange ex-0000000E over http-outgoing-1
2026-02-26 11:49:00 [main] DEBUG c.g.d.z.s.o.a.h.client5.http.headers - http-outgoing-1 >> GET /v1.32/version HTTP/1.1
2026-02-26 11:49:00 [main] DEBUG c.g.d.z.s.o.a.h.client5.http.headers - http-outgoing-1 >> accept: application/json
2026-02-26 11:49:00 [main] DEBUG c.g.d.z.s.o.a.h.client5.http.headers - http-outgoing-1 >> x-tc-sid: 3988fffa-3d15-4d59-8a3a-e01fc218ba9e
2026-02-26 11:49:00 [main] DEBUG c.g.d.z.s.o.a.h.client5.http.headers - http-outgoing-1 >> User-Agent: tc-java/1.19.8
2026-02-26 11:49:00 [main] DEBUG c.g.d.z.s.o.a.h.client5.http.headers - http-outgoing-1 >> Accept-Encoding: gzip, x-gzip, deflate
2026-02-26 11:49:00 [main] DEBUG c.g.d.z.s.o.a.h.client5.http.headers - http-outgoing-1 >> Host: localhost:2375
2026-02-26 11:49:00 [main] DEBUG c.g.d.z.s.o.a.h.client5.http.headers - http-outgoing-1 >> Connection: keep-alive
2026-02-26 11:49:00 [main] DEBUG c.g.d.z.s.o.a.hc.client5.http.wire - http-outgoing-1 >> "GET /v1.32/version HTTP/1.1[\r][\n]"
2026-02-26 11:49:00 [main] DEBUG c.g.d.z.s.o.a.hc.client5.http.wire - http-outgoing-1 >> "accept: application/json[\r][\n]"
2026-02-26 11:49:00 [main] DEBUG c.g.d.z.s.o.a.hc.client5.http.wire - http-outgoing-1 >> "x-tc-sid: 3988fffa-3d15-4d59-8a3a-e01fc218ba9e[\r][\n]"
2026-02-26 11:49:00 [main] DEBUG c.g.d.z.s.o.a.hc.client5.http.wire - http-outgoing-1 >> "User-Agent: tc-java/1.19.8[\r][\n]"
2026-02-26 11:49:00 [main] DEBUG c.g.d.z.s.o.a.hc.client5.http.wire - http-outgoing-1 >> "Accept-Encoding: gzip, x-gzip, deflate[\r][\n]"
2026-02-26 11:49:00 [main] DEBUG c.g.d.z.s.o.a.hc.client5.http.wire - http-outgoing-1 >> "Host: localhost:2375[\r][\n]"
2026-02-26 11:49:00 [main] DEBUG c.g.d.z.s.o.a.hc.client5.http.wire - http-outgoing-1 >> "Connection: keep-alive[\r][\n]"
2026-02-26 11:49:00 [main] DEBUG c.g.d.z.s.o.a.hc.client5.http.wire - http-outgoing-1 >> "[\r][\n]"
2026-02-26 11:49:00 [main] DEBUG c.g.d.z.s.o.a.hc.client5.http.wire - http-outgoing-1 << "HTTP/1.1 200 OK[\r][\n]"
2026-02-26 11:49:00 [main] DEBUG c.g.d.z.s.o.a.hc.client5.http.wire - http-outgoing-1 << "Api-Version: 1.51[\r][\n]"
2026-02-26 11:49:00 [main] DEBUG c.g.d.z.s.o.a.hc.client5.http.wire - http-outgoing-1 << "Content-Type: application/json[\r][\n]"
2026-02-26 11:49:00 [main] DEBUG c.g.d.z.s.o.a.hc.client5.http.wire - http-outgoing-1 << "Date: Thu, 26 Feb 2026 08:49:00 GMT[\r][\n]"
2026-02-26 11:49:00 [main] DEBUG c.g.d.z.s.o.a.hc.client5.http.wire - http-outgoing-1 << "Docker-Experimental: false[\r][\n]"
2026-02-26 11:49:00 [main] DEBUG c.g.d.z.s.o.a.hc.client5.http.wire - http-outgoing-1 << "Ostype: linux[\r][\n]"
2026-02-26 11:49:00 [main] DEBUG c.g.d.z.s.o.a.hc.client5.http.wire - http-outgoing-1 << "Server: Docker/28.4.0 (linux)[\r][\n]"
2026-02-26 11:49:00 [main] DEBUG c.g.d.z.s.o.a.hc.client5.http.wire - http-outgoing-1 << "Transfer-Encoding: chunked[\r][\n]"
2026-02-26 11:49:00 [main] DEBUG c.g.d.z.s.o.a.hc.client5.http.wire - http-outgoing-1 << "[\r][\n]"
2026-02-26 11:49:00 [main] DEBUG c.g.d.z.s.o.a.hc.client5.http.wire - http-outgoing-1 << "339[\r][\n]"
2026-02-26 11:49:00 [main] DEBUG c.g.d.z.s.o.a.hc.client5.http.wire - http-outgoing-1 << "{"Platform":{"Name":"Docker Desktop 4.46.0 (204649)"},"Components":[{"Name":"Engine","Version":"28.4.0","Details":{"ApiVersion":"1.51","Arch":"amd64","BuildTime":"2025-09-03T20:57:37.000000000+00:00","Experimental":"false","GitCommit":"249d679","GoVersion":"go1.24.7","KernelVersion":"6.10.14-linuxkit","MinAPIVersion":"1.24","Os":"linux"}},{"Name":"containerd","Version":"1.7.27","Details":{"GitCommit":"05044ec0a9a75232cad458027ca83437aae3f4da"}},{"Name":"runc","Version":"1.2.5","Details":{"GitCommit":"v1.2.5-0-g59923ef"}},{"Name":"docker-init","Version":"0.19.0","Details":{"GitCommit":"de40ad0"}}],"Version":"28.4.0","ApiVersion":"1.51","MinAPIVersion":"1.24","GitCommit":"249d679","GoVersion":"go1.24.7","Os":"linux","Arch":"amd64","KernelVersion":"6.10.14-linuxkit","BuildTime":"2025-09-03T20:57:37.000000000+00:00"}[\n]"
2026-02-26 11:49:00 [main] DEBUG c.g.d.z.s.o.a.hc.client5.http.wire - http-outgoing-1 << "[\r][\n]"
2026-02-26 11:49:00 [main] DEBUG c.g.d.z.s.o.a.h.client5.http.headers - http-outgoing-1 << HTTP/1.1 200 OK
2026-02-26 11:49:00 [main] DEBUG c.g.d.z.s.o.a.h.client5.http.headers - http-outgoing-1 << Api-Version: 1.51
2026-02-26 11:49:00 [main] DEBUG c.g.d.z.s.o.a.h.client5.http.headers - http-outgoing-1 << Content-Type: application/json
2026-02-26 11:49:00 [main] DEBUG c.g.d.z.s.o.a.h.client5.http.headers - http-outgoing-1 << Date: Thu, 26 Feb 2026 08:49:00 GMT
2026-02-26 11:49:00 [main] DEBUG c.g.d.z.s.o.a.h.client5.http.headers - http-outgoing-1 << Docker-Experimental: false
2026-02-26 11:49:00 [main] DEBUG c.g.d.z.s.o.a.h.client5.http.headers - http-outgoing-1 << Ostype: linux
2026-02-26 11:49:00 [main] DEBUG c.g.d.z.s.o.a.h.client5.http.headers - http-outgoing-1 << Server: Docker/28.4.0 (linux)
2026-02-26 11:49:00 [main] DEBUG c.g.d.z.s.o.a.h.client5.http.headers - http-outgoing-1 << Transfer-Encoding: chunked
2026-02-26 11:49:00 [main] DEBUG c.g.d.z.s.o.a.h.c.h.i.c.MainClientExec - ex-0000000E: connection can be kept alive for 3 MINUTES
2026-02-26 11:49:00 [main] DEBUG c.g.d.z.s.o.a.hc.client5.http.wire - http-outgoing-1 << "0[\r][\n]"
2026-02-26 11:49:00 [main] DEBUG c.g.d.z.s.o.a.hc.client5.http.wire - http-outgoing-1 << "[\r][\n]"
2026-02-26 11:49:00 [main] DEBUG c.g.d.z.s.o.a.h.c.h.i.c.InternalHttpClient - ep-0000000D: releasing valid endpoint
2026-02-26 11:49:00 [main] DEBUG c.g.d.z.s.o.a.h.c.h.i.i.PoolingHttpClientConnectionManager - ep-0000000D: releasing endpoint
2026-02-26 11:49:00 [main] DEBUG c.g.d.z.s.o.a.h.c.h.i.i.PoolingHttpClientConnectionManager - ep-0000000D: connection http-outgoing-1 can be kept alive for 3 MINUTES
2026-02-26 11:49:00 [main] DEBUG c.g.d.z.s.o.a.h.c.h.i.i.PoolingHttpClientConnectionManager - ep-0000000D: connection released [route: {}->unix://localhost:2375][total available: 1; route allocated: 1 of 2147483647; total allocated: 1 of 2147483647]
2026-02-26 11:49:00 [testcontainers-wait-0] DEBUG o.t.c.ExecInContainerPattern - /zen_ptolemy: Running "exec" command: /bin/sh -c while true; do ( true  &&  (grep -i ':0*18eb' /proc/net/tcp* || nc -vz -w 1 localhost 6379 || /bin/bash -c '</dev/tcp/localhost/6379') ) && exit 0 || sleep 0.1; done
2026-02-26 11:49:00 [testcontainers-wait-1] DEBUG o.t.s.c.g.d.c.command.AbstrDockerCmd - Cmd: 29ccf648f8e7e3804d86120717d98ee1150ea82687016aa2067a0af65df98092,false
2026-02-26 11:49:00 [testcontainers-wait-1] DEBUG o.t.s.c.g.d.c.e.InspectContainerCmdExec - GET: DefaultWebTarget{path=[/containers/29ccf648f8e7e3804d86120717d98ee1150ea82687016aa2067a0af65df98092/json], queryParams={}}
2026-02-26 11:49:00 [testcontainers-wait-1] DEBUG c.g.d.z.s.o.a.h.c.h.i.c.InternalHttpClient - ex-0000000F: preparing request execution
2026-02-26 11:49:00 [testcontainers-wait-1] DEBUG c.g.d.z.s.o.a.h.c.h.p.RequestAddCookies - Cookie spec selected: strict
2026-02-26 11:49:00 [testcontainers-wait-1] DEBUG c.g.d.z.s.o.a.h.c.h.p.RequestAuthCache - Auth cache not set in the context
2026-02-26 11:49:00 [testcontainers-wait-1] DEBUG c.g.d.z.s.o.a.h.c.h.i.c.ProtocolExec - ex-0000000F: target auth state: UNCHALLENGED
2026-02-26 11:49:00 [testcontainers-wait-1] DEBUG c.g.d.z.s.o.a.h.c.h.i.c.ProtocolExec - ex-0000000F: proxy auth state: UNCHALLENGED
2026-02-26 11:49:00 [testcontainers-wait-1] DEBUG c.g.d.z.s.o.a.h.c.h.i.c.ConnectExec - ex-0000000F: acquiring connection with route {}->unix://localhost:2375
2026-02-26 11:49:00 [testcontainers-wait-1] DEBUG c.g.d.z.s.o.a.h.c.h.i.c.InternalHttpClient - ex-0000000F: acquiring endpoint (3 MINUTES)
2026-02-26 11:49:00 [testcontainers-wait-1] DEBUG c.g.d.z.s.o.a.h.c.h.i.i.PoolingHttpClientConnectionManager - ex-0000000F: endpoint lease request (3 MINUTES) [route: {}->unix://localhost:2375][total available: 1; route allocated: 1 of 2147483647; total allocated: 1 of 2147483647]
2026-02-26 11:49:00 [testcontainers-wait-0] DEBUG o.t.s.c.g.d.c.command.AbstrDockerCmd - Cmd: true,<null>,true,{/bin/sh,-c,while true; do ( true  &&  (grep -i ':0*18eb' /proc/net/tcp* || nc -vz -w 1 localhost 6379 || /bin/bash -c '</dev/tcp/localhost/6379') ) && exit 0 || sleep 0.1; done},29ccf648f8e7e3804d86120717d98ee1150ea82687016aa2067a0af65df98092,<null>,<null>,<null>,<null>,<null>
2026-02-26 11:49:00 [testcontainers-wait-1] DEBUG c.g.d.z.s.o.a.h.c.h.i.i.PoolingHttpClientConnectionManager - ex-0000000F: endpoint leased [route: {}->unix://localhost:2375][total available: 0; route allocated: 1 of 2147483647; total allocated: 1 of 2147483647]
2026-02-26 11:49:00 [testcontainers-wait-1] DEBUG c.g.d.z.s.o.a.h.c.h.i.i.PoolingHttpClientConnectionManager - ex-0000000F: acquired ep-0000000E
2026-02-26 11:49:00 [testcontainers-wait-1] DEBUG c.g.d.z.s.o.a.h.c.h.i.c.InternalHttpClient - ex-0000000F: acquired endpoint ep-0000000E
2026-02-26 11:49:00 [testcontainers-wait-1] DEBUG c.g.d.z.s.o.a.h.c.h.i.c.MainClientExec - ex-0000000F: executing GET /v1.32/containers/29ccf648f8e7e3804d86120717d98ee1150ea82687016aa2067a0af65df98092/json HTTP/1.1
2026-02-26 11:49:00 [testcontainers-wait-1] DEBUG c.g.d.z.s.o.a.h.c.h.i.c.InternalHttpClient - ep-0000000E: start execution ex-0000000F
2026-02-26 11:49:00 [testcontainers-wait-1] DEBUG c.g.d.z.s.o.a.h.c.h.i.i.PoolingHttpClientConnectionManager - ep-0000000E: executing exchange ex-0000000F over http-outgoing-1
2026-02-26 11:49:00 [testcontainers-wait-1] DEBUG c.g.d.z.s.o.a.h.client5.http.headers - http-outgoing-1 >> GET /v1.32/containers/29ccf648f8e7e3804d86120717d98ee1150ea82687016aa2067a0af65df98092/json HTTP/1.1
2026-02-26 11:49:00 [testcontainers-wait-1] DEBUG c.g.d.z.s.o.a.h.client5.http.headers - http-outgoing-1 >> accept: application/json
2026-02-26 11:49:00 [testcontainers-wait-1] DEBUG c.g.d.z.s.o.a.h.client5.http.headers - http-outgoing-1 >> x-tc-sid: 3988fffa-3d15-4d59-8a3a-e01fc218ba9e
2026-02-26 11:49:00 [testcontainers-wait-1] DEBUG c.g.d.z.s.o.a.h.client5.http.headers - http-outgoing-1 >> User-Agent: tc-java/1.19.8
2026-02-26 11:49:00 [testcontainers-wait-1] DEBUG c.g.d.z.s.o.a.h.client5.http.headers - http-outgoing-1 >> Accept-Encoding: gzip, x-gzip, deflate
2026-02-26 11:49:00 [testcontainers-wait-1] DEBUG c.g.d.z.s.o.a.h.client5.http.headers - http-outgoing-1 >> Host: localhost:2375
2026-02-26 11:49:00 [testcontainers-wait-1] DEBUG c.g.d.z.s.o.a.h.client5.http.headers - http-outgoing-1 >> Connection: keep-alive
2026-02-26 11:49:00 [testcontainers-wait-1] DEBUG c.g.d.z.s.o.a.hc.client5.http.wire - http-outgoing-1 >> "GET /v1.32/containers/29ccf648f8e7e3804d86120717d98ee1150ea82687016aa2067a0af65df98092/json HTTP/1.1[\r][\n]"
2026-02-26 11:49:00 [testcontainers-wait-1] DEBUG c.g.d.z.s.o.a.hc.client5.http.wire - http-outgoing-1 >> "accept: application/json[\r][\n]"
2026-02-26 11:49:00 [testcontainers-wait-1] DEBUG c.g.d.z.s.o.a.hc.client5.http.wire - http-outgoing-1 >> "x-tc-sid: 3988fffa-3d15-4d59-8a3a-e01fc218ba9e[\r][\n]"
2026-02-26 11:49:00 [testcontainers-wait-1] DEBUG c.g.d.z.s.o.a.hc.client5.http.wire - http-outgoing-1 >> "User-Agent: tc-java/1.19.8[\r][\n]"
2026-02-26 11:49:00 [testcontainers-wait-1] DEBUG c.g.d.z.s.o.a.hc.client5.http.wire - http-outgoing-1 >> "Accept-Encoding: gzip, x-gzip, deflate[\r][\n]"
2026-02-26 11:49:00 [testcontainers-wait-1] DEBUG c.g.d.z.s.o.a.hc.client5.http.wire - http-outgoing-1 >> "Host: localhost:2375[\r][\n]"
2026-02-26 11:49:00 [testcontainers-wait-1] DEBUG c.g.d.z.s.o.a.hc.client5.http.wire - http-outgoing-1 >> "Connection: keep-alive[\r][\n]"
2026-02-26 11:49:00 [testcontainers-wait-1] DEBUG c.g.d.z.s.o.a.hc.client5.http.wire - http-outgoing-1 >> "[\r][\n]"
2026-02-26 11:49:00 [testcontainers-wait-0] DEBUG c.g.d.z.s.o.a.h.c.h.i.c.InternalHttpClient - ex-00000010: preparing request execution
2026-02-26 11:49:00 [testcontainers-wait-0] DEBUG c.g.d.z.s.o.a.h.c.h.p.RequestAddCookies - Cookie spec selected: strict
2026-02-26 11:49:00 [testcontainers-wait-0] DEBUG c.g.d.z.s.o.a.h.c.h.p.RequestAuthCache - Auth cache not set in the context
2026-02-26 11:49:00 [testcontainers-wait-0] DEBUG c.g.d.z.s.o.a.h.c.h.i.c.ProtocolExec - ex-00000010: target auth state: UNCHALLENGED
2026-02-26 11:49:00 [testcontainers-wait-0] DEBUG c.g.d.z.s.o.a.h.c.h.i.c.ProtocolExec - ex-00000010: proxy auth state: UNCHALLENGED
2026-02-26 11:49:00 [testcontainers-wait-0] DEBUG c.g.d.z.s.o.a.h.c.h.i.c.ConnectExec - ex-00000010: acquiring connection with route {}->unix://localhost:2375
2026-02-26 11:49:00 [testcontainers-wait-0] DEBUG c.g.d.z.s.o.a.h.c.h.i.c.InternalHttpClient - ex-00000010: acquiring endpoint (3 MINUTES)
2026-02-26 11:49:00 [testcontainers-wait-0] DEBUG c.g.d.z.s.o.a.h.c.h.i.i.PoolingHttpClientConnectionManager - ex-00000010: endpoint lease request (3 MINUTES) [route: {}->unix://localhost:2375][total available: 0; route allocated: 1 of 2147483647; total allocated: 1 of 2147483647]
2026-02-26 11:49:00 [testcontainers-wait-0] DEBUG c.g.d.z.s.o.a.h.c.h.i.i.PoolingHttpClientConnectionManager - ex-00000010: endpoint leased [route: {}->unix://localhost:2375][total available: 0; route allocated: 2 of 2147483647; total allocated: 2 of 2147483647]
2026-02-26 11:49:00 [testcontainers-wait-0] DEBUG c.g.d.z.s.o.a.h.c.h.i.i.PoolingHttpClientConnectionManager - ex-00000010: acquired ep-0000000F
2026-02-26 11:49:00 [testcontainers-wait-0] DEBUG c.g.d.z.s.o.a.h.c.h.i.c.InternalHttpClient - ex-00000010: acquired endpoint ep-0000000F
2026-02-26 11:49:00 [testcontainers-wait-0] DEBUG c.g.d.z.s.o.a.h.c.h.i.c.ConnectExec - ex-00000010: opening connection {}->unix://localhost:2375
2026-02-26 11:49:00 [testcontainers-wait-0] DEBUG c.g.d.z.s.o.a.h.c.h.i.c.InternalHttpClient - ep-0000000F: connecting endpoint (3 MINUTES)
2026-02-26 11:49:00 [testcontainers-wait-0] DEBUG c.g.d.z.s.o.a.h.c.h.i.i.PoolingHttpClientConnectionManager - ep-0000000F: connecting endpoint to unix://localhost:2375 (3 MINUTES)
2026-02-26 11:49:00 [testcontainers-wait-0] DEBUG c.g.d.z.s.o.a.h.c.h.i.i.DefaultHttpClientConnectionOperator - http-outgoing-2: connecting to localhost/127.0.0.1:2375
2026-02-26 11:49:00 [testcontainers-wait-0] DEBUG c.g.d.z.s.o.a.h.c.h.i.i.DefaultHttpClientConnectionOperator - http-outgoing-2: connection established /home/artem-brychev/.docker/desktop/docker.sock<->/home/artem-brychev/.docker/desktop/docker.sock
2026-02-26 11:49:00 [testcontainers-wait-0] DEBUG c.g.d.z.s.o.a.h.c.h.i.i.PoolingHttpClientConnectionManager - ep-0000000F: connected http-outgoing-2
2026-02-26 11:49:00 [testcontainers-wait-0] DEBUG c.g.d.z.s.o.a.h.c.h.i.c.InternalHttpClient - ep-0000000F: endpoint connected
2026-02-26 11:49:00 [testcontainers-wait-0] DEBUG c.g.d.z.s.o.a.h.c.h.i.c.MainClientExec - ex-00000010: executing POST /v1.32/containers/29ccf648f8e7e3804d86120717d98ee1150ea82687016aa2067a0af65df98092/exec HTTP/1.1
2026-02-26 11:49:00 [testcontainers-wait-0] DEBUG c.g.d.z.s.o.a.h.c.h.i.c.InternalHttpClient - ep-0000000F: start execution ex-00000010
2026-02-26 11:49:00 [testcontainers-wait-0] DEBUG c.g.d.z.s.o.a.h.c.h.i.i.PoolingHttpClientConnectionManager - ep-0000000F: executing exchange ex-00000010 over http-outgoing-2
2026-02-26 11:49:00 [testcontainers-wait-0] DEBUG c.g.d.z.s.o.a.h.client5.http.headers - http-outgoing-2 >> POST /v1.32/containers/29ccf648f8e7e3804d86120717d98ee1150ea82687016aa2067a0af65df98092/exec HTTP/1.1
2026-02-26 11:49:00 [testcontainers-wait-0] DEBUG c.g.d.z.s.o.a.h.client5.http.headers - http-outgoing-2 >> accept: application/json
2026-02-26 11:49:00 [testcontainers-wait-0] DEBUG c.g.d.z.s.o.a.h.client5.http.headers - http-outgoing-2 >> content-type: application/json
2026-02-26 11:49:00 [testcontainers-wait-0] DEBUG c.g.d.z.s.o.a.h.client5.http.headers - http-outgoing-2 >> x-tc-sid: 3988fffa-3d15-4d59-8a3a-e01fc218ba9e
2026-02-26 11:49:00 [testcontainers-wait-0] DEBUG c.g.d.z.s.o.a.h.client5.http.headers - http-outgoing-2 >> User-Agent: tc-java/1.19.8
2026-02-26 11:49:00 [testcontainers-wait-0] DEBUG c.g.d.z.s.o.a.h.client5.http.headers - http-outgoing-2 >> Accept-Encoding: gzip, x-gzip, deflate
2026-02-26 11:49:00 [testcontainers-wait-0] DEBUG c.g.d.z.s.o.a.h.client5.http.headers - http-outgoing-2 >> Content-Length: 402
2026-02-26 11:49:00 [testcontainers-wait-0] DEBUG c.g.d.z.s.o.a.h.client5.http.headers - http-outgoing-2 >> Host: localhost:2375
2026-02-26 11:49:00 [testcontainers-wait-0] DEBUG c.g.d.z.s.o.a.h.client5.http.headers - http-outgoing-2 >> Connection: keep-alive
2026-02-26 11:49:00 [testcontainers-wait-0] DEBUG c.g.d.z.s.o.a.hc.client5.http.wire - http-outgoing-2 >> "POST /v1.32/containers/29ccf648f8e7e3804d86120717d98ee1150ea82687016aa2067a0af65df98092/exec HTTP/1.1[\r][\n]"
2026-02-26 11:49:00 [testcontainers-wait-0] DEBUG c.g.d.z.s.o.a.hc.client5.http.wire - http-outgoing-2 >> "accept: application/json[\r][\n]"
2026-02-26 11:49:00 [testcontainers-wait-0] DEBUG c.g.d.z.s.o.a.hc.client5.http.wire - http-outgoing-2 >> "content-type: application/json[\r][\n]"
2026-02-26 11:49:00 [testcontainers-wait-0] DEBUG c.g.d.z.s.o.a.hc.client5.http.wire - http-outgoing-2 >> "x-tc-sid: 3988fffa-3d15-4d59-8a3a-e01fc218ba9e[\r][\n]"
2026-02-26 11:49:00 [testcontainers-wait-0] DEBUG c.g.d.z.s.o.a.hc.client5.http.wire - http-outgoing-2 >> "User-Agent: tc-java/1.19.8[\r][\n]"
2026-02-26 11:49:00 [testcontainers-wait-0] DEBUG c.g.d.z.s.o.a.hc.client5.http.wire - http-outgoing-2 >> "Accept-Encoding: gzip, x-gzip, deflate[\r][\n]"
2026-02-26 11:49:00 [testcontainers-wait-0] DEBUG c.g.d.z.s.o.a.hc.client5.http.wire - http-outgoing-2 >> "Content-Length: 402[\r][\n]"
2026-02-26 11:49:00 [testcontainers-wait-0] DEBUG c.g.d.z.s.o.a.hc.client5.http.wire - http-outgoing-2 >> "Host: localhost:2375[\r][\n]"
2026-02-26 11:49:00 [testcontainers-wait-0] DEBUG c.g.d.z.s.o.a.hc.client5.http.wire - http-outgoing-2 >> "Connection: keep-alive[\r][\n]"
2026-02-26 11:49:00 [testcontainers-wait-0] DEBUG c.g.d.z.s.o.a.hc.client5.http.wire - http-outgoing-2 >> "[\r][\n]"
2026-02-26 11:49:00 [testcontainers-wait-0] DEBUG c.g.d.z.s.o.a.hc.client5.http.wire - http-outgoing-2 >> "{"containerId":"29ccf648f8e7e3804d86120717d98ee1150ea82687016aa2067a0af65df98092","AttachStdin":null,"AttachStdout":true,"AttachStderr":true,"Tty":null,"Privileged":null,"User":null,"Cmd":["/bin/sh","-c","while true; do ( true  &&  (grep -i ':0*18eb' /proc/net/tcp* || nc -vz -w 1 localhost 6379 || /bin/bash -c '</dev/tcp/localhost/6379') ) && exit 0 || sleep 0.1; done"],"Env":null,"WorkingDir":null}"
2026-02-26 11:49:00 [testcontainers-wait-1] DEBUG c.g.d.z.s.o.a.hc.client5.http.wire - http-outgoing-1 << "HTTP/1.1 200 OK[\r][\n]"
2026-02-26 11:49:00 [testcontainers-wait-1] DEBUG c.g.d.z.s.o.a.hc.client5.http.wire - http-outgoing-1 << "Api-Version: 1.51[\r][\n]"
2026-02-26 11:49:00 [testcontainers-wait-1] DEBUG c.g.d.z.s.o.a.hc.client5.http.wire - http-outgoing-1 << "Content-Type: application/json[\r][\n]"
2026-02-26 11:49:00 [testcontainers-wait-1] DEBUG c.g.d.z.s.o.a.hc.client5.http.wire - http-outgoing-1 << "Date: Thu, 26 Feb 2026 08:49:00 GMT[\r][\n]"
2026-02-26 11:49:00 [testcontainers-wait-1] DEBUG c.g.d.z.s.o.a.hc.client5.http.wire - http-outgoing-1 << "Docker-Experimental: false[\r][\n]"
2026-02-26 11:49:00 [testcontainers-wait-1] DEBUG c.g.d.z.s.o.a.hc.client5.http.wire - http-outgoing-1 << "Ostype: linux[\r][\n]"
2026-02-26 11:49:00 [testcontainers-wait-1] DEBUG c.g.d.z.s.o.a.hc.client5.http.wire - http-outgoing-1 << "Server: Docker/28.4.0 (linux)[\r][\n]"
2026-02-26 11:49:00 [testcontainers-wait-1] DEBUG c.g.d.z.s.o.a.hc.client5.http.wire - http-outgoing-1 << "Transfer-Encoding: chunked[\r][\n]"
2026-02-26 11:49:00 [testcontainers-wait-1] DEBUG c.g.d.z.s.o.a.hc.client5.http.wire - http-outgoing-1 << "[\r][\n]"
2026-02-26 11:49:00 [testcontainers-wait-1] DEBUG c.g.d.z.s.o.a.hc.client5.http.wire - http-outgoing-1 << "1332[\r][\n]"
2026-02-26 11:49:00 [testcontainers-wait-1] DEBUG c.g.d.z.s.o.a.hc.client5.http.wire - http-outgoing-1 << "{"Id":"29ccf648f8e7e3804d86120717d98ee1150ea82687016aa2067a0af65df98092","Created":"2026-02-26T08:49:00.071054339Z","Path":"docker-entrypoint.sh","Args":["redis-server"],"State":{"Status":"running","Running":true,"Paused":false,"Restarting":false,"OOMKilled":false,"Dead":false,"Pid":679,"ExitCode":0,"Error":"","StartedAt":"2026-02-26T08:49:00.269746509Z","FinishedAt":"0001-01-01T00:00:00Z"},"Image":"sha256:8b81dd37ff027bec4e516d41acfbe9fe2460070dc6d4a4570a2ac5b9d59df065","ResolvConfPath":"/var/lib/docker/containers/29ccf648f8e7e3804d86120717d98ee1150ea82687016aa2067a0af65df98092/resolv.conf","HostnamePath":"/var/lib/docker/containers/29ccf648f8e7e3804d86120717d98ee1150ea82687016aa2067a0af65df98092/hostname","HostsPath":"/var/lib/docker/containers/29ccf648f8e7e3804d86120717d98ee1150ea82687016aa2067a0af65df98092/hosts","LogPath":"/var/lib/docker/containers/29ccf648f8e7e3804d86120717d98ee1150ea82687016aa2067a0af65df98092/29ccf648f8e7e3804d86120717d98ee1150ea82687016aa2067a0af65df98092-json.log","Name":"/zen_ptolemy","RestartCount":0,"Driver":"overlayfs","Platform":"linux","MountLabel":"","ProcessLabel":"","AppArmorProfile":"","ExecIDs":null,"HostConfig":{"Binds":[],"ContainerIDFile":"","LogConfig":{"Type":"json-file","Config":{}},"NetworkMode":"bridge","PortBindings":{"6379/tcp":[{"HostIp":"","HostPort":""}]},"RestartPolicy":{"Name":"no","MaximumRetryCount":0},"AutoRemove":false,"VolumeDriver":"","VolumesFrom":[],"ConsoleSize":[0,0],"CapAdd":null,"CapDrop":null,"CgroupnsMode":"private","Dns":null,"DnsOptions":null,"DnsSearch":null,"ExtraHosts":[],"GroupAdd":null,"IpcMode":"shareable","Cgroup":"","Links":null,"OomScoreAdj":0,"PidMode":"","Privileged":false,"PublishAllPorts":false,"ReadonlyRootfs":false,"SecurityOpt":null,"UTSMode":"","UsernsMode":"","ShmSize":67108864,"Runtime":"runc","Isolation":"","CpuShares":0,"Memory":0,"NanoCpus":0,"CgroupParent":"","BlkioWeight":0,"BlkioWeightDevice":null,"BlkioDeviceReadBps":null,"BlkioDeviceWriteBps":null,"BlkioDeviceReadIOps":null,"BlkioDeviceWriteIOps":null,"CpuPeriod":0,"CpuQuota":0,"CpuRealtimePeriod":0,"CpuRealtimeRuntime":0,"CpusetCpus":"","CpusetMems":"","Devices":null,"DeviceCgroupRules":null,"DeviceRequests":null,"MemoryReservation":0,"MemorySwap":0,"MemorySwappiness":null,"OomKillDisable":null,"PidsLimit":null,"Ulimits":null,"CpuCount":0,"CpuPercent":0,"IOMaximumIOps":0,"IOMaximumBandwidth":0,"MaskedPaths":["/proc/asound","/proc/acpi","/proc/interrupts","/proc/kcore","/proc/keys","/proc/latency_stats","/proc/timer_list","/proc/timer_stats","/proc/sched_debug","/proc/scsi","/sys/firmware","/sys/devices/virtual/powercap"],"ReadonlyPaths":["/proc/bus","/proc/fs","/proc/irq","/proc/sys","/proc/sysrq-trigger"]},"GraphDriver":{"Data":null,"Name":"overlayfs"},"Mounts":[{"Type":"volume","Name":"ef1d91046f6c9e9848cf2f4f6f743083f3840ded45dc5b499ced7de98c703366","Source":"/var/lib/docker/volumes/ef1d91046f6c9e9848cf2f4f6f743083f3840ded45dc5b499ced7de98c703366/_data","Destination":"/data","Driver":"local","Mode":"","RW":true,"Propagation":""}],"Config":{"Hostname":"29ccf648f8e7","Domainname":"","User":"","AttachStdin":false,"AttachStdout":false,"AttachStderr":false,"ExposedPorts":{"6379/tcp":{}},"Tty":false,"OpenStdin":false,"StdinOnce":false,"Env":["PATH=/usr/local/sbin:/usr/local/bin:/usr/sbin:/usr/bin:/sbin:/bin","GOSU_VERSION=1.17","REDIS_VERSION=7.4.8","REDIS_DOWNLOAD_URL=http://download.redis.io/releases/redis-7.4.8.tar.gz","REDIS_DOWNLOAD_SHA=f6773cb7d63be236c59c2917a82f1f08e47b77d89b2f0c9f53becb22b8ea4172"],"Cmd":["redis-server"],"Image":"redis:7-alpine","Volumes":{"/data":{}},"WorkingDir":"/data","Entrypoint":["docker-entrypoint.sh"],"OnBuild":null,"Labels":{"org.testcontainers":"true","org.testcontainers.lang":"java","org.testcontainers.sessionId":"3988fffa-3d15-4d59-8a3a-e01fc218ba9e","org.testcontainers.version":"1.19.8"}},"NetworkSettings":{"Bridge":"","SandboxID":"26881b47c566d83e39d83ef6896dbf7a73733bd29078315020ed32ca7aeaa34b","SandboxKey":"/var/run/docker/netns/26881b47c566","Ports":{"6379/tcp":[{"HostIp":"0.0.0.0","HostPort":"40465"},{"HostIp":"::","HostPort":"40465"}]},"HairpinMode":false,"LinkLocalIPv6Address":"","LinkLocalIPv6PrefixLen":0,"SecondaryIPAddresses":null,"SecondaryIPv6Addresses":null,"EndpointID":"086576cdf300271bbaaa1600f47c9101b8e8d81ccec31f8192fde042558ceda4","Gateway":"172.17.0.1","GlobalIPv6Address":"","GlobalIPv6PrefixLen":0,"IPAddress":"172.17.0.3","IPPrefixLen":16,"IPv6Gateway":"","MacAddress":"16:e4:5a:29:84:5e","Networks":{"bridge":{"IPAMConfig":null,"Links":null,"Aliases":null,"MacAddress":"16:e4:5a:29:84:5e","DriverOpts":null,"GwPriority":0,"NetworkID":"3d2b1ff79ad788ceacbe0a31d8809e1b169bea8cd21b32b06f23fe4e292c9b28","EndpointID":"086576cdf300271bbaaa1600f47c9101b8e8d81ccec31f8192fde042558ceda4","Gateway":"172.17.0.1","IPAddress":"172.17.0.3","IPPrefixLen":16,"IPv6Gateway":"","GlobalIPv6Address":"","GlobalIPv6PrefixLen":0,"DNSNames":null}}}}[\n]"
2026-02-26 11:49:00 [testcontainers-wait-1] DEBUG c.g.d.z.s.o.a.hc.client5.http.wire - http-outgoing-1 << "[\r][\n]"
2026-02-26 11:49:00 [testcontainers-wait-1] DEBUG c.g.d.z.s.o.a.h.client5.http.headers - http-outgoing-1 << HTTP/1.1 200 OK
2026-02-26 11:49:00 [testcontainers-wait-1] DEBUG c.g.d.z.s.o.a.h.client5.http.headers - http-outgoing-1 << Api-Version: 1.51
2026-02-26 11:49:00 [testcontainers-wait-1] DEBUG c.g.d.z.s.o.a.h.client5.http.headers - http-outgoing-1 << Content-Type: application/json
2026-02-26 11:49:00 [testcontainers-wait-1] DEBUG c.g.d.z.s.o.a.h.client5.http.headers - http-outgoing-1 << Date: Thu, 26 Feb 2026 08:49:00 GMT
2026-02-26 11:49:00 [testcontainers-wait-1] DEBUG c.g.d.z.s.o.a.h.client5.http.headers - http-outgoing-1 << Docker-Experimental: false
2026-02-26 11:49:00 [testcontainers-wait-1] DEBUG c.g.d.z.s.o.a.h.client5.http.headers - http-outgoing-1 << Ostype: linux
2026-02-26 11:49:00 [testcontainers-wait-1] DEBUG c.g.d.z.s.o.a.h.client5.http.headers - http-outgoing-1 << Server: Docker/28.4.0 (linux)
2026-02-26 11:49:00 [testcontainers-wait-1] DEBUG c.g.d.z.s.o.a.h.client5.http.headers - http-outgoing-1 << Transfer-Encoding: chunked
2026-02-26 11:49:00 [testcontainers-wait-1] DEBUG c.g.d.z.s.o.a.h.c.h.i.c.MainClientExec - ex-0000000F: connection can be kept alive for 3 MINUTES
2026-02-26 11:49:00 [testcontainers-wait-0] DEBUG c.g.d.z.s.o.a.hc.client5.http.wire - http-outgoing-2 << "HTTP/1.1 201 Created[\r][\n]"
2026-02-26 11:49:00 [testcontainers-wait-0] DEBUG c.g.d.z.s.o.a.hc.client5.http.wire - http-outgoing-2 << "Api-Version: 1.51[\r][\n]"
2026-02-26 11:49:00 [testcontainers-wait-0] DEBUG c.g.d.z.s.o.a.hc.client5.http.wire - http-outgoing-2 << "Content-Type: application/json[\r][\n]"
2026-02-26 11:49:00 [testcontainers-wait-0] DEBUG c.g.d.z.s.o.a.hc.client5.http.wire - http-outgoing-2 << "Date: Thu, 26 Feb 2026 08:49:00 GMT[\r][\n]"
2026-02-26 11:49:00 [testcontainers-wait-0] DEBUG c.g.d.z.s.o.a.hc.client5.http.wire - http-outgoing-2 << "Docker-Experimental: false[\r][\n]"
2026-02-26 11:49:00 [testcontainers-wait-0] DEBUG c.g.d.z.s.o.a.hc.client5.http.wire - http-outgoing-2 << "Ostype: linux[\r][\n]"
2026-02-26 11:49:00 [testcontainers-wait-0] DEBUG c.g.d.z.s.o.a.hc.client5.http.wire - http-outgoing-2 << "Server: Docker/28.4.0 (linux)[\r][\n]"
2026-02-26 11:49:00 [testcontainers-wait-0] DEBUG c.g.d.z.s.o.a.hc.client5.http.wire - http-outgoing-2 << "Transfer-Encoding: chunked[\r][\n]"
2026-02-26 11:49:00 [testcontainers-wait-0] DEBUG c.g.d.z.s.o.a.hc.client5.http.wire - http-outgoing-2 << "[\r][\n]"
2026-02-26 11:49:00 [testcontainers-wait-1] DEBUG c.g.d.z.s.o.a.hc.client5.http.wire - http-outgoing-1 << "0[\r][\n]"
2026-02-26 11:49:00 [testcontainers-wait-1] DEBUG c.g.d.z.s.o.a.hc.client5.http.wire - http-outgoing-1 << "[\r][\n]"
2026-02-26 11:49:00 [testcontainers-wait-0] DEBUG c.g.d.z.s.o.a.h.client5.http.headers - http-outgoing-2 << HTTP/1.1 201 Created
2026-02-26 11:49:00 [testcontainers-wait-1] DEBUG c.g.d.z.s.o.a.h.c.h.i.c.InternalHttpClient - ep-0000000E: releasing valid endpoint
2026-02-26 11:49:00 [testcontainers-wait-0] DEBUG c.g.d.z.s.o.a.h.client5.http.headers - http-outgoing-2 << Api-Version: 1.51
2026-02-26 11:49:00 [testcontainers-wait-0] DEBUG c.g.d.z.s.o.a.h.client5.http.headers - http-outgoing-2 << Content-Type: application/json
2026-02-26 11:49:00 [testcontainers-wait-1] DEBUG c.g.d.z.s.o.a.h.c.h.i.i.PoolingHttpClientConnectionManager - ep-0000000E: releasing endpoint
2026-02-26 11:49:00 [testcontainers-wait-0] DEBUG c.g.d.z.s.o.a.h.client5.http.headers - http-outgoing-2 << Date: Thu, 26 Feb 2026 08:49:00 GMT
2026-02-26 11:49:00 [testcontainers-wait-0] DEBUG c.g.d.z.s.o.a.h.client5.http.headers - http-outgoing-2 << Docker-Experimental: false
2026-02-26 11:49:00 [testcontainers-wait-0] DEBUG c.g.d.z.s.o.a.h.client5.http.headers - http-outgoing-2 << Ostype: linux
2026-02-26 11:49:00 [testcontainers-wait-0] DEBUG c.g.d.z.s.o.a.h.client5.http.headers - http-outgoing-2 << Server: Docker/28.4.0 (linux)
2026-02-26 11:49:00 [testcontainers-wait-0] DEBUG c.g.d.z.s.o.a.h.client5.http.headers - http-outgoing-2 << Transfer-Encoding: chunked
2026-02-26 11:49:00 [testcontainers-wait-1] DEBUG c.g.d.z.s.o.a.h.c.h.i.i.PoolingHttpClientConnectionManager - ep-0000000E: connection http-outgoing-1 can be kept alive for 3 MINUTES
2026-02-26 11:49:00 [testcontainers-wait-0] DEBUG c.g.d.z.s.o.a.h.c.h.i.c.MainClientExec - ex-00000010: connection can be kept alive for 3 MINUTES
2026-02-26 11:49:00 [testcontainers-wait-0] DEBUG c.g.d.z.s.o.a.hc.client5.http.wire - http-outgoing-2 << "4a[\r][\n]"
2026-02-26 11:49:00 [testcontainers-wait-0] DEBUG c.g.d.z.s.o.a.hc.client5.http.wire - http-outgoing-2 << "{"Id":"ea6cd93942788bbcdd29cdcfabee44ec648b372eed49087b4826c35a62019d2c"}[\n]"
2026-02-26 11:49:00 [testcontainers-wait-0] DEBUG c.g.d.z.s.o.a.hc.client5.http.wire - http-outgoing-2 << "[\r][\n]"
2026-02-26 11:49:00 [testcontainers-wait-1] DEBUG c.g.d.z.s.o.a.h.c.h.i.i.PoolingHttpClientConnectionManager - ep-0000000E: connection released [route: {}->unix://localhost:2375][total available: 1; route allocated: 2 of 2147483647; total allocated: 2 of 2147483647]
2026-02-26 11:49:00 [testcontainers-wait-1] DEBUG o.t.c.w.s.HostPortWaitStrategy - External port check passed for [6379] mapped as [40465] in PT0.017260799S
2026-02-26 11:49:00 [testcontainers-wait-0] DEBUG c.g.d.z.s.o.a.hc.client5.http.wire - http-outgoing-2 << "0[\r][\n]"
2026-02-26 11:49:00 [testcontainers-wait-0] DEBUG c.g.d.z.s.o.a.hc.client5.http.wire - http-outgoing-2 << "[\r][\n]"
2026-02-26 11:49:00 [testcontainers-wait-0] DEBUG c.g.d.z.s.o.a.h.c.h.i.c.InternalHttpClient - ep-0000000F: releasing valid endpoint
2026-02-26 11:49:00 [testcontainers-wait-0] DEBUG c.g.d.z.s.o.a.h.c.h.i.i.PoolingHttpClientConnectionManager - ep-0000000F: releasing endpoint
2026-02-26 11:49:00 [testcontainers-wait-0] DEBUG c.g.d.z.s.o.a.h.c.h.i.i.PoolingHttpClientConnectionManager - ep-0000000F: connection http-outgoing-2 can be kept alive for 3 MINUTES
2026-02-26 11:49:00 [testcontainers-wait-0] DEBUG c.g.d.z.s.o.a.h.c.h.i.i.PoolingHttpClientConnectionManager - ep-0000000F: connection released [route: {}->unix://localhost:2375][total available: 2; route allocated: 2 of 2147483647; total allocated: 2 of 2147483647]
2026-02-26 11:49:00 [docker-java-stream--2109447004] DEBUG c.g.d.z.s.o.a.h.c.h.i.c.InternalHttpClient - ex-00000011: preparing request execution
2026-02-26 11:49:00 [docker-java-stream--2109447004] DEBUG c.g.d.z.s.o.a.h.c.h.p.RequestAddCookies - Cookie spec selected: strict
2026-02-26 11:49:00 [docker-java-stream--2109447004] DEBUG c.g.d.z.s.o.a.h.c.h.p.RequestAuthCache - Auth cache not set in the context
2026-02-26 11:49:00 [docker-java-stream--2109447004] DEBUG c.g.d.z.s.o.a.h.c.h.i.c.ProtocolExec - ex-00000011: target auth state: UNCHALLENGED
2026-02-26 11:49:00 [docker-java-stream--2109447004] DEBUG c.g.d.z.s.o.a.h.c.h.i.c.ProtocolExec - ex-00000011: proxy auth state: UNCHALLENGED
2026-02-26 11:49:00 [docker-java-stream--2109447004] DEBUG c.g.d.z.s.o.a.h.c.h.i.c.ConnectExec - ex-00000011: acquiring connection with route {}->unix://localhost:2375
2026-02-26 11:49:00 [docker-java-stream--2109447004] DEBUG c.g.d.z.s.o.a.h.c.h.i.c.InternalHttpClient - ex-00000011: acquiring endpoint (3 MINUTES)
2026-02-26 11:49:00 [docker-java-stream--2109447004] DEBUG c.g.d.z.s.o.a.h.c.h.i.i.PoolingHttpClientConnectionManager - ex-00000011: endpoint lease request (3 MINUTES) [route: {}->unix://localhost:2375][total available: 2; route allocated: 2 of 2147483647; total allocated: 2 of 2147483647]
2026-02-26 11:49:00 [docker-java-stream--2109447004] DEBUG c.g.d.z.s.o.a.h.c.h.i.i.PoolingHttpClientConnectionManager - ex-00000011: endpoint leased [route: {}->unix://localhost:2375][total available: 1; route allocated: 2 of 2147483647; total allocated: 2 of 2147483647]
2026-02-26 11:49:00 [docker-java-stream--2109447004] DEBUG c.g.d.z.s.o.a.h.c.h.i.i.PoolingHttpClientConnectionManager - ex-00000011: acquired ep-00000010
2026-02-26 11:49:00 [docker-java-stream--2109447004] DEBUG c.g.d.z.s.o.a.h.c.h.i.c.InternalHttpClient - ex-00000011: acquired endpoint ep-00000010
2026-02-26 11:49:00 [docker-java-stream--2109447004] DEBUG c.g.d.z.s.o.a.h.c.h.i.c.MainClientExec - ex-00000011: executing POST /v1.32/exec/ea6cd93942788bbcdd29cdcfabee44ec648b372eed49087b4826c35a62019d2c/start HTTP/1.1
2026-02-26 11:49:00 [docker-java-stream--2109447004] DEBUG c.g.d.z.s.o.a.h.c.h.i.c.InternalHttpClient - ep-00000010: start execution ex-00000011
2026-02-26 11:49:00 [docker-java-stream--2109447004] DEBUG c.g.d.z.s.o.a.h.c.h.i.i.PoolingHttpClientConnectionManager - ep-00000010: executing exchange ex-00000011 over http-outgoing-2
2026-02-26 11:49:00 [docker-java-stream--2109447004] DEBUG c.g.d.z.s.o.a.h.client5.http.headers - http-outgoing-2 >> POST /v1.32/exec/ea6cd93942788bbcdd29cdcfabee44ec648b372eed49087b4826c35a62019d2c/start HTTP/1.1
2026-02-26 11:49:00 [docker-java-stream--2109447004] DEBUG c.g.d.z.s.o.a.h.client5.http.headers - http-outgoing-2 >> accept: application/json
2026-02-26 11:49:00 [docker-java-stream--2109447004] DEBUG c.g.d.z.s.o.a.h.client5.http.headers - http-outgoing-2 >> content-type: application/json
2026-02-26 11:49:00 [docker-java-stream--2109447004] DEBUG c.g.d.z.s.o.a.h.client5.http.headers - http-outgoing-2 >> x-tc-sid: 3988fffa-3d15-4d59-8a3a-e01fc218ba9e
2026-02-26 11:49:00 [docker-java-stream--2109447004] DEBUG c.g.d.z.s.o.a.h.client5.http.headers - http-outgoing-2 >> User-Agent: tc-java/1.19.8
2026-02-26 11:49:00 [docker-java-stream--2109447004] DEBUG c.g.d.z.s.o.a.h.client5.http.headers - http-outgoing-2 >> Accept-Encoding: gzip, x-gzip, deflate
2026-02-26 11:49:00 [docker-java-stream--2109447004] DEBUG c.g.d.z.s.o.a.h.client5.http.headers - http-outgoing-2 >> Content-Length: 26
2026-02-26 11:49:00 [docker-java-stream--2109447004] DEBUG c.g.d.z.s.o.a.h.client5.http.headers - http-outgoing-2 >> Host: localhost:2375
2026-02-26 11:49:00 [docker-java-stream--2109447004] DEBUG c.g.d.z.s.o.a.h.client5.http.headers - http-outgoing-2 >> Connection: keep-alive
2026-02-26 11:49:00 [docker-java-stream--2109447004] DEBUG c.g.d.z.s.o.a.hc.client5.http.wire - http-outgoing-2 >> "POST /v1.32/exec/ea6cd93942788bbcdd29cdcfabee44ec648b372eed49087b4826c35a62019d2c/start HTTP/1.1[\r][\n]"
2026-02-26 11:49:00 [docker-java-stream--2109447004] DEBUG c.g.d.z.s.o.a.hc.client5.http.wire - http-outgoing-2 >> "accept: application/json[\r][\n]"
2026-02-26 11:49:00 [docker-java-stream--2109447004] DEBUG c.g.d.z.s.o.a.hc.client5.http.wire - http-outgoing-2 >> "content-type: application/json[\r][\n]"
2026-02-26 11:49:00 [docker-java-stream--2109447004] DEBUG c.g.d.z.s.o.a.hc.client5.http.wire - http-outgoing-2 >> "x-tc-sid: 3988fffa-3d15-4d59-8a3a-e01fc218ba9e[\r][\n]"
2026-02-26 11:49:00 [docker-java-stream--2109447004] DEBUG c.g.d.z.s.o.a.hc.client5.http.wire - http-outgoing-2 >> "User-Agent: tc-java/1.19.8[\r][\n]"
2026-02-26 11:49:00 [docker-java-stream--2109447004] DEBUG c.g.d.z.s.o.a.hc.client5.http.wire - http-outgoing-2 >> "Accept-Encoding: gzip, x-gzip, deflate[\r][\n]"
2026-02-26 11:49:00 [docker-java-stream--2109447004] DEBUG c.g.d.z.s.o.a.hc.client5.http.wire - http-outgoing-2 >> "Content-Length: 26[\r][\n]"
2026-02-26 11:49:00 [docker-java-stream--2109447004] DEBUG c.g.d.z.s.o.a.hc.client5.http.wire - http-outgoing-2 >> "Host: localhost:2375[\r][\n]"
2026-02-26 11:49:00 [docker-java-stream--2109447004] DEBUG c.g.d.z.s.o.a.hc.client5.http.wire - http-outgoing-2 >> "Connection: keep-alive[\r][\n]"
2026-02-26 11:49:00 [docker-java-stream--2109447004] DEBUG c.g.d.z.s.o.a.hc.client5.http.wire - http-outgoing-2 >> "[\r][\n]"
2026-02-26 11:49:00 [docker-java-stream--2109447004] DEBUG c.g.d.z.s.o.a.hc.client5.http.wire - http-outgoing-2 >> "{"Detach":null,"Tty":null}"
2026-02-26 11:49:00 [docker-java-stream--2109447004] DEBUG c.g.d.z.s.o.a.hc.client5.http.wire - http-outgoing-2 << "HTTP/1.1 200 OK[\r][\n]"
2026-02-26 11:49:00 [docker-java-stream--2109447004] DEBUG c.g.d.z.s.o.a.hc.client5.http.wire - http-outgoing-2 << "Api-Version: 1.51[\r][\n]"
2026-02-26 11:49:00 [docker-java-stream--2109447004] DEBUG c.g.d.z.s.o.a.hc.client5.http.wire - http-outgoing-2 << "Content-Type: application/vnd.docker.raw-stream[\r][\n]"
2026-02-26 11:49:00 [docker-java-stream--2109447004] DEBUG c.g.d.z.s.o.a.hc.client5.http.wire - http-outgoing-2 << "Date: Thu, 26 Feb 2026 08:49:00 GMT[\r][\n]"
2026-02-26 11:49:00 [docker-java-stream--2109447004] DEBUG c.g.d.z.s.o.a.hc.client5.http.wire - http-outgoing-2 << "Docker-Experimental: false[\r][\n]"
2026-02-26 11:49:00 [docker-java-stream--2109447004] DEBUG c.g.d.z.s.o.a.hc.client5.http.wire - http-outgoing-2 << "Ostype: linux[\r][\n]"
2026-02-26 11:49:00 [docker-java-stream--2109447004] DEBUG c.g.d.z.s.o.a.hc.client5.http.wire - http-outgoing-2 << "Server: Docker/28.4.0 (linux)[\r][\n]"
2026-02-26 11:49:00 [docker-java-stream--2109447004] DEBUG c.g.d.z.s.o.a.hc.client5.http.wire - http-outgoing-2 << "Transfer-Encoding: chunked[\r][\n]"
2026-02-26 11:49:00 [docker-java-stream--2109447004] DEBUG c.g.d.z.s.o.a.hc.client5.http.wire - http-outgoing-2 << "[\r][\n]"
2026-02-26 11:49:00 [docker-java-stream--2109447004] DEBUG c.g.d.z.s.o.a.h.client5.http.headers - http-outgoing-2 << HTTP/1.1 200 OK
2026-02-26 11:49:00 [docker-java-stream--2109447004] DEBUG c.g.d.z.s.o.a.h.client5.http.headers - http-outgoing-2 << Api-Version: 1.51
2026-02-26 11:49:00 [docker-java-stream--2109447004] DEBUG c.g.d.z.s.o.a.h.client5.http.headers - http-outgoing-2 << Content-Type: application/vnd.docker.raw-stream
2026-02-26 11:49:00 [docker-java-stream--2109447004] DEBUG c.g.d.z.s.o.a.h.client5.http.headers - http-outgoing-2 << Date: Thu, 26 Feb 2026 08:49:00 GMT
2026-02-26 11:49:00 [docker-java-stream--2109447004] DEBUG c.g.d.z.s.o.a.h.client5.http.headers - http-outgoing-2 << Docker-Experimental: false
2026-02-26 11:49:00 [docker-java-stream--2109447004] DEBUG c.g.d.z.s.o.a.h.client5.http.headers - http-outgoing-2 << Ostype: linux
2026-02-26 11:49:00 [docker-java-stream--2109447004] DEBUG c.g.d.z.s.o.a.h.client5.http.headers - http-outgoing-2 << Server: Docker/28.4.0 (linux)
2026-02-26 11:49:00 [docker-java-stream--2109447004] DEBUG c.g.d.z.s.o.a.h.client5.http.headers - http-outgoing-2 << Transfer-Encoding: chunked
2026-02-26 11:49:00 [docker-java-stream--2109447004] DEBUG c.g.d.z.s.o.a.h.c.h.i.c.MainClientExec - ex-00000011: connection can be kept alive for 3 MINUTES
2026-02-26 11:49:00 [docker-java-stream--2109447004] DEBUG c.g.d.z.s.o.a.hc.client5.http.wire - http-outgoing-2 << "ac[\r][\n]"
2026-02-26 11:49:00 [docker-java-stream--2109447004] DEBUG c.g.d.z.s.o.a.hc.client5.http.wire - http-outgoing-2 << "[0x1][0x0][0x0][0x0][0x0][0x0][0x0][0xffffffa4]/proc/net/tcp:   0: 00000000:18EB 00000000:0000 0A 00000000:00000000 00:00000000 00000000   999        0 5953 1 000000006236b5a8 100 0 0 10 0                      [\n]"
2026-02-26 11:49:00 [docker-java-stream--2109447004] DEBUG c.g.d.z.s.o.a.hc.client5.http.wire - http-outgoing-2 << "[\r][\n]"
2026-02-26 11:49:00 [docker-java-stream--2109447004] DEBUG c.g.d.z.s.o.a.hc.client5.http.wire - http-outgoing-2 << "c7[\r][\n]"
2026-02-26 11:49:00 [docker-java-stream--2109447004] DEBUG c.g.d.z.s.o.a.hc.client5.http.wire - http-outgoing-2 << "[0x1][0x0][0x0][0x0][0x0][0x0][0x0][0xffffffbf]/proc/net/tcp6:   0: 00000000000000000000000000000000:18EB 00000000000000000000000000000000:0000 0A 00000000:00000000 00:00000000 00000000   999        0 5954 1 00000000cab95802 100 0 0 10 0[\n]"
2026-02-26 11:49:00 [docker-java-stream--2109447004] DEBUG c.g.d.z.s.o.a.hc.client5.http.wire - http-outgoing-2 << "[\r][\n]"
2026-02-26 11:49:00 [docker-java-stream--2109447004] DEBUG c.g.d.z.s.o.a.hc.client5.http.wire - http-outgoing-2 << "0[\r][\n]"
2026-02-26 11:49:00 [docker-java-stream--2109447004] DEBUG c.g.d.z.s.o.a.hc.client5.http.wire - http-outgoing-2 << "[\r][\n]"
2026-02-26 11:49:00 [docker-java-stream--2109447004] DEBUG c.g.d.z.s.o.a.h.c.h.i.c.InternalHttpClient - ep-00000010: releasing valid endpoint
2026-02-26 11:49:00 [docker-java-stream--2109447004] DEBUG c.g.d.z.s.o.a.h.c.h.i.i.PoolingHttpClientConnectionManager - ep-00000010: releasing endpoint
2026-02-26 11:49:00 [docker-java-stream--2109447004] DEBUG c.g.d.z.s.o.a.h.c.h.i.i.PoolingHttpClientConnectionManager - ep-00000010: connection http-outgoing-2 can be kept alive for 3 MINUTES
2026-02-26 11:49:00 [docker-java-stream--2109447004] DEBUG c.g.d.z.s.o.a.h.c.h.i.i.PoolingHttpClientConnectionManager - ep-00000010: connection released [route: {}->unix://localhost:2375][total available: 2; route allocated: 2 of 2147483647; total allocated: 2 of 2147483647]
2026-02-26 11:49:00 [testcontainers-wait-0] DEBUG o.t.s.c.g.d.c.command.AbstrDockerCmd - Cmd: ea6cd93942788bbcdd29cdcfabee44ec648b372eed49087b4826c35a62019d2c
2026-02-26 11:49:00 [testcontainers-wait-0] DEBUG o.t.s.c.g.d.c.e.InspectExecCmdExec - GET: DefaultWebTarget{path=[/exec/ea6cd93942788bbcdd29cdcfabee44ec648b372eed49087b4826c35a62019d2c/json], queryParams={}}
2026-02-26 11:49:00 [testcontainers-wait-0] DEBUG c.g.d.z.s.o.a.h.c.h.i.c.InternalHttpClient - ex-00000012: preparing request execution
2026-02-26 11:49:00 [testcontainers-wait-0] DEBUG c.g.d.z.s.o.a.h.c.h.p.RequestAddCookies - Cookie spec selected: strict
2026-02-26 11:49:00 [testcontainers-wait-0] DEBUG c.g.d.z.s.o.a.h.c.h.p.RequestAuthCache - Auth cache not set in the context
2026-02-26 11:49:00 [testcontainers-wait-0] DEBUG c.g.d.z.s.o.a.h.c.h.i.c.ProtocolExec - ex-00000012: target auth state: UNCHALLENGED
2026-02-26 11:49:00 [testcontainers-wait-0] DEBUG c.g.d.z.s.o.a.h.c.h.i.c.ProtocolExec - ex-00000012: proxy auth state: UNCHALLENGED
2026-02-26 11:49:00 [testcontainers-wait-0] DEBUG c.g.d.z.s.o.a.h.c.h.i.c.ConnectExec - ex-00000012: acquiring connection with route {}->unix://localhost:2375
2026-02-26 11:49:00 [testcontainers-wait-0] DEBUG c.g.d.z.s.o.a.h.c.h.i.c.InternalHttpClient - ex-00000012: acquiring endpoint (3 MINUTES)
2026-02-26 11:49:00 [testcontainers-wait-0] DEBUG c.g.d.z.s.o.a.h.c.h.i.i.PoolingHttpClientConnectionManager - ex-00000012: endpoint lease request (3 MINUTES) [route: {}->unix://localhost:2375][total available: 2; route allocated: 2 of 2147483647; total allocated: 2 of 2147483647]
2026-02-26 11:49:00 [testcontainers-wait-0] DEBUG c.g.d.z.s.o.a.h.c.h.i.i.PoolingHttpClientConnectionManager - ex-00000012: endpoint leased [route: {}->unix://localhost:2375][total available: 1; route allocated: 2 of 2147483647; total allocated: 2 of 2147483647]
2026-02-26 11:49:00 [testcontainers-wait-0] DEBUG c.g.d.z.s.o.a.h.c.h.i.i.PoolingHttpClientConnectionManager - ex-00000012: acquired ep-00000011
2026-02-26 11:49:00 [testcontainers-wait-0] DEBUG c.g.d.z.s.o.a.h.c.h.i.c.InternalHttpClient - ex-00000012: acquired endpoint ep-00000011
2026-02-26 11:49:00 [testcontainers-wait-0] DEBUG c.g.d.z.s.o.a.h.c.h.i.c.MainClientExec - ex-00000012: executing GET /v1.32/exec/ea6cd93942788bbcdd29cdcfabee44ec648b372eed49087b4826c35a62019d2c/json HTTP/1.1
2026-02-26 11:49:00 [testcontainers-wait-0] DEBUG c.g.d.z.s.o.a.h.c.h.i.c.InternalHttpClient - ep-00000011: start execution ex-00000012
2026-02-26 11:49:00 [testcontainers-wait-0] DEBUG c.g.d.z.s.o.a.h.c.h.i.i.PoolingHttpClientConnectionManager - ep-00000011: executing exchange ex-00000012 over http-outgoing-2
2026-02-26 11:49:00 [testcontainers-wait-0] DEBUG c.g.d.z.s.o.a.h.client5.http.headers - http-outgoing-2 >> GET /v1.32/exec/ea6cd93942788bbcdd29cdcfabee44ec648b372eed49087b4826c35a62019d2c/json HTTP/1.1
2026-02-26 11:49:00 [testcontainers-wait-0] DEBUG c.g.d.z.s.o.a.h.client5.http.headers - http-outgoing-2 >> accept: application/json
2026-02-26 11:49:00 [testcontainers-wait-0] DEBUG c.g.d.z.s.o.a.h.client5.http.headers - http-outgoing-2 >> x-tc-sid: 3988fffa-3d15-4d59-8a3a-e01fc218ba9e
2026-02-26 11:49:00 [testcontainers-wait-0] DEBUG c.g.d.z.s.o.a.h.client5.http.headers - http-outgoing-2 >> User-Agent: tc-java/1.19.8
2026-02-26 11:49:00 [testcontainers-wait-0] DEBUG c.g.d.z.s.o.a.h.client5.http.headers - http-outgoing-2 >> Accept-Encoding: gzip, x-gzip, deflate
2026-02-26 11:49:00 [testcontainers-wait-0] DEBUG c.g.d.z.s.o.a.h.client5.http.headers - http-outgoing-2 >> Host: localhost:2375
2026-02-26 11:49:00 [testcontainers-wait-0] DEBUG c.g.d.z.s.o.a.h.client5.http.headers - http-outgoing-2 >> Connection: keep-alive
2026-02-26 11:49:00 [testcontainers-wait-0] DEBUG c.g.d.z.s.o.a.hc.client5.http.wire - http-outgoing-2 >> "GET /v1.32/exec/ea6cd93942788bbcdd29cdcfabee44ec648b372eed49087b4826c35a62019d2c/json HTTP/1.1[\r][\n]"
2026-02-26 11:49:00 [testcontainers-wait-0] DEBUG c.g.d.z.s.o.a.hc.client5.http.wire - http-outgoing-2 >> "accept: application/json[\r][\n]"
2026-02-26 11:49:00 [testcontainers-wait-0] DEBUG c.g.d.z.s.o.a.hc.client5.http.wire - http-outgoing-2 >> "x-tc-sid: 3988fffa-3d15-4d59-8a3a-e01fc218ba9e[\r][\n]"
2026-02-26 11:49:00 [testcontainers-wait-0] DEBUG c.g.d.z.s.o.a.hc.client5.http.wire - http-outgoing-2 >> "User-Agent: tc-java/1.19.8[\r][\n]"
2026-02-26 11:49:00 [testcontainers-wait-0] DEBUG c.g.d.z.s.o.a.hc.client5.http.wire - http-outgoing-2 >> "Accept-Encoding: gzip, x-gzip, deflate[\r][\n]"
2026-02-26 11:49:00 [testcontainers-wait-0] DEBUG c.g.d.z.s.o.a.hc.client5.http.wire - http-outgoing-2 >> "Host: localhost:2375[\r][\n]"
2026-02-26 11:49:00 [testcontainers-wait-0] DEBUG c.g.d.z.s.o.a.hc.client5.http.wire - http-outgoing-2 >> "Connection: keep-alive[\r][\n]"
2026-02-26 11:49:00 [testcontainers-wait-0] DEBUG c.g.d.z.s.o.a.hc.client5.http.wire - http-outgoing-2 >> "[\r][\n]"
2026-02-26 11:49:00 [testcontainers-wait-0] DEBUG c.g.d.z.s.o.a.hc.client5.http.wire - http-outgoing-2 << "HTTP/1.1 200 OK[\r][\n]"
2026-02-26 11:49:00 [testcontainers-wait-0] DEBUG c.g.d.z.s.o.a.hc.client5.http.wire - http-outgoing-2 << "Api-Version: 1.51[\r][\n]"
2026-02-26 11:49:00 [testcontainers-wait-0] DEBUG c.g.d.z.s.o.a.hc.client5.http.wire - http-outgoing-2 << "Content-Type: application/json[\r][\n]"
2026-02-26 11:49:00 [testcontainers-wait-0] DEBUG c.g.d.z.s.o.a.hc.client5.http.wire - http-outgoing-2 << "Date: Thu, 26 Feb 2026 08:49:00 GMT[\r][\n]"
2026-02-26 11:49:00 [testcontainers-wait-0] DEBUG c.g.d.z.s.o.a.hc.client5.http.wire - http-outgoing-2 << "Docker-Experimental: false[\r][\n]"
2026-02-26 11:49:00 [testcontainers-wait-0] DEBUG c.g.d.z.s.o.a.hc.client5.http.wire - http-outgoing-2 << "Ostype: linux[\r][\n]"
2026-02-26 11:49:00 [testcontainers-wait-0] DEBUG c.g.d.z.s.o.a.hc.client5.http.wire - http-outgoing-2 << "Server: Docker/28.4.0 (linux)[\r][\n]"
2026-02-26 11:49:00 [testcontainers-wait-0] DEBUG c.g.d.z.s.o.a.hc.client5.http.wire - http-outgoing-2 << "Transfer-Encoding: chunked[\r][\n]"
2026-02-26 11:49:00 [testcontainers-wait-0] DEBUG c.g.d.z.s.o.a.hc.client5.http.wire - http-outgoing-2 << "[\r][\n]"
2026-02-26 11:49:00 [testcontainers-wait-0] DEBUG c.g.d.z.s.o.a.h.client5.http.headers - http-outgoing-2 << HTTP/1.1 200 OK
2026-02-26 11:49:00 [testcontainers-wait-0] DEBUG c.g.d.z.s.o.a.h.client5.http.headers - http-outgoing-2 << Api-Version: 1.51
2026-02-26 11:49:00 [testcontainers-wait-0] DEBUG c.g.d.z.s.o.a.h.client5.http.headers - http-outgoing-2 << Content-Type: application/json
2026-02-26 11:49:00 [testcontainers-wait-0] DEBUG c.g.d.z.s.o.a.h.client5.http.headers - http-outgoing-2 << Date: Thu, 26 Feb 2026 08:49:00 GMT
2026-02-26 11:49:00 [testcontainers-wait-0] DEBUG c.g.d.z.s.o.a.h.client5.http.headers - http-outgoing-2 << Docker-Experimental: false
2026-02-26 11:49:00 [testcontainers-wait-0] DEBUG c.g.d.z.s.o.a.h.client5.http.headers - http-outgoing-2 << Ostype: linux
2026-02-26 11:49:00 [testcontainers-wait-0] DEBUG c.g.d.z.s.o.a.h.client5.http.headers - http-outgoing-2 << Server: Docker/28.4.0 (linux)
2026-02-26 11:49:00 [testcontainers-wait-0] DEBUG c.g.d.z.s.o.a.h.client5.http.headers - http-outgoing-2 << Transfer-Encoding: chunked
2026-02-26 11:49:00 [testcontainers-wait-0] DEBUG c.g.d.z.s.o.a.h.c.h.i.c.MainClientExec - ex-00000012: connection can be kept alive for 3 MINUTES
2026-02-26 11:49:00 [testcontainers-wait-0] DEBUG c.g.d.z.s.o.a.hc.client5.http.wire - http-outgoing-2 << "21d[\r][\n]"
2026-02-26 11:49:00 [testcontainers-wait-0] DEBUG c.g.d.z.s.o.a.hc.client5.http.wire - http-outgoing-2 << "{"ID":"ea6cd93942788bbcdd29cdcfabee44ec648b372eed49087b4826c35a62019d2c","Running":false,"ExitCode":0,"ProcessConfig":{"tty":false,"entrypoint":"/bin/sh","arguments":["-c","while true; do ( true  &&  (grep -i ':0*18eb' /proc/net/tcp* || nc -vz -w 1 localhost 6379 || /bin/bash -c '</dev/tcp/localhost/6379') ) && exit 0 || sleep 0.1; done"],"privileged":false},"OpenStdin":false,"OpenStderr":true,"OpenStdout":true,"CanRemove":false,"ContainerID":"29ccf648f8e7e3804d86120717d98ee1150ea82687016aa2067a0af65df98092","DetachKeys":"","Pid":734}[\n]"
2026-02-26 11:49:00 [testcontainers-wait-0] DEBUG c.g.d.z.s.o.a.hc.client5.http.wire - http-outgoing-2 << "[\r][\n]"
2026-02-26 11:49:00 [testcontainers-wait-0] DEBUG c.g.d.z.s.o.a.hc.client5.http.wire - http-outgoing-2 << "0[\r][\n]"
2026-02-26 11:49:00 [testcontainers-wait-0] DEBUG c.g.d.z.s.o.a.hc.client5.http.wire - http-outgoing-2 << "[\r][\n]"
2026-02-26 11:49:00 [testcontainers-wait-0] DEBUG c.g.d.z.s.o.a.h.c.h.i.c.InternalHttpClient - ep-00000011: releasing valid endpoint
2026-02-26 11:49:00 [testcontainers-wait-0] DEBUG c.g.d.z.s.o.a.h.c.h.i.i.PoolingHttpClientConnectionManager - ep-00000011: releasing endpoint
2026-02-26 11:49:00 [testcontainers-wait-0] DEBUG c.g.d.z.s.o.a.h.c.h.i.i.PoolingHttpClientConnectionManager - ep-00000011: connection http-outgoing-2 can be kept alive for 3 MINUTES
2026-02-26 11:49:00 [testcontainers-wait-0] DEBUG c.g.d.z.s.o.a.h.c.h.i.i.PoolingHttpClientConnectionManager - ep-00000011: connection released [route: {}->unix://localhost:2375][total available: 2; route allocated: 2 of 2147483647; total allocated: 2 of 2147483647]
2026-02-26 11:49:00 [testcontainers-wait-0] DEBUG o.t.c.w.s.HostPortWaitStrategy - Internal port check passed for [6379] in PT0.094470102S
2026-02-26 11:49:00 [main] INFO  tc.redis:7-alpine - Container redis:7-alpine started in PT0.548642434S
2026-02-26 11:49:00 [main] DEBUG RedisTests.RedisRepositoryTest - setup method, redis url:redis://localhost:40465
2026-02-26 11:49:00 [main] DEBUG o.e.repositories.redis.RedisManager - In RedisManager initialization block
2026-02-26 11:49:00 [main] INFO  o.e.repositories.redis.RedisManager - Redis url=redis://localhost:40465
2026-02-26 11:49:00 [main] DEBUG i.n.u.i.l.InternalLoggerFactory - Using SLF4J as the default logging framework
2026-02-26 11:49:00 [main] DEBUG reactor.util.Loggers - Using Slf4j logging framework
2026-02-26 11:49:00 [main] DEBUG io.netty.util.NetUtil - -Djava.net.preferIPv4Stack: false
2026-02-26 11:49:00 [main] DEBUG io.netty.util.NetUtil - -Djava.net.preferIPv6Addresses: false
2026-02-26 11:49:00 [main] DEBUG i.netty.util.NetUtilInitializations - Loopback interface: lo (lo, 0:0:0:0:0:0:0:1%lo)
2026-02-26 11:49:00 [main] DEBUG i.n.util.internal.PlatformDependent0 - Java version: 21
2026-02-26 11:49:00 [main] DEBUG i.n.util.internal.PlatformDependent0 - -Dio.netty.noUnsafe: false
2026-02-26 11:49:00 [main] DEBUG i.n.util.internal.PlatformDependent0 - sun.misc.Unsafe.theUnsafe: available
2026-02-26 11:49:00 [main] DEBUG i.n.util.internal.PlatformDependent0 - sun.misc.Unsafe base methods: all available
2026-02-26 11:49:00 [main] DEBUG i.n.util.internal.PlatformDependent0 - java.nio.Buffer.address: available
2026-02-26 11:49:00 [main] DEBUG i.n.util.internal.PlatformDependent0 - direct buffer constructor: unavailable: Reflective setAccessible(true) disabled
2026-02-26 11:49:00 [main] DEBUG i.n.util.internal.PlatformDependent0 - java.nio.Bits.unaligned: available, true
2026-02-26 11:49:00 [main] DEBUG i.n.util.internal.PlatformDependent0 - jdk.internal.misc.Unsafe.allocateUninitializedArray(int): unavailable: symbolic reference class is not accessible: class jdk.internal.misc.Unsafe, from class io.netty.util.internal.PlatformDependent0 (unnamed module @7b23ec81)
2026-02-26 11:49:00 [main] DEBUG i.n.util.internal.PlatformDependent0 - java.nio.DirectByteBuffer.<init>(long, {int,long}): unavailable
2026-02-26 11:49:00 [main] DEBUG i.n.util.internal.PlatformDependent - sun.misc.Unsafe: available
2026-02-26 11:49:00 [main] DEBUG i.n.util.internal.PlatformDependent - -Dio.netty.tmpdir: /tmp (java.io.tmpdir)
2026-02-26 11:49:00 [main] DEBUG i.n.util.internal.PlatformDependent - -Dio.netty.bitMode: 64 (sun.arch.data.model)
2026-02-26 11:49:00 [main] DEBUG i.n.util.internal.PlatformDependent - -Dio.netty.maxDirectMemory: -1 bytes
2026-02-26 11:49:00 [main] DEBUG io.netty.util.internal.CleanerJava9 - java.nio.ByteBuffer.cleaner(): available
2026-02-26 11:49:00 [main] DEBUG i.n.util.internal.PlatformDependent - -Dio.netty.noPreferDirect: false
2026-02-26 11:49:00 [main] DEBUG i.n.util.internal.PlatformDependent - -Dio.netty.jfr.enabled: true
2026-02-26 11:49:00 [main] DEBUG io.netty.util.NetUtil - /proc/sys/net/core/somaxconn: 4096
2026-02-26 11:49:00 [main] DEBUG i.netty.resolver.dns.DnsNameResolver - Default ResolvedAddressTypes: IPV4_ONLY
2026-02-26 11:49:00 [main] DEBUG i.netty.resolver.dns.DnsNameResolver - Localhost address: localhost/127.0.0.1
2026-02-26 11:49:00 [main] DEBUG i.netty.resolver.dns.DnsNameResolver - Windows hostname: null
2026-02-26 11:49:00 [main] DEBUG i.netty.resolver.dns.DnsNameResolver - Default search domains: [.]
2026-02-26 11:49:00 [main] DEBUG i.netty.resolver.dns.DnsNameResolver - Default UnixResolverOptions{ndots=1, timeout=5, attempts=16}
2026-02-26 11:49:00 [main] DEBUG i.n.u.i.InternalThreadLocalMap - -Dio.netty.threadLocalMap.stringBuilder.initialSize: 1024
2026-02-26 11:49:00 [main] DEBUG i.n.u.i.InternalThreadLocalMap - -Dio.netty.threadLocalMap.stringBuilder.maxSize: 4096
2026-02-26 11:49:00 [main] DEBUG i.n.r.DefaultHostsFileEntriesResolver - -Dio.netty.hostsFileRefreshInterval: 0
2026-02-26 11:49:00 [main] DEBUG i.l.core.resource.KqueueProvider - Starting without optional kqueue library
2026-02-26 11:49:00 [main] DEBUG i.l.core.resource.IOUringProvider - Starting without optional io_uring library
2026-02-26 11:49:00 [main] DEBUG i.l.core.resource.EpollProvider - Starting without optional epoll library
2026-02-26 11:49:00 [main] DEBUG i.l.c.r.DefaultClientResources - -Dio.netty.eventLoopThreads: 8
2026-02-26 11:49:00 [main] DEBUG i.l.c.r.DefaultEventLoopGroupProvider - Creating executor io.netty.util.concurrent.DefaultEventExecutorGroup
2026-02-26 11:49:00 [main] DEBUG i.n.u.concurrent.GlobalEventExecutor - -Dio.netty.globalEventExecutor.quietPeriodSeconds: 1
2026-02-26 11:49:00 [main] DEBUG io.netty.util.ResourceLeakDetector - -Dio.netty.leakDetection.level: simple
2026-02-26 11:49:00 [main] DEBUG io.netty.util.ResourceLeakDetector - -Dio.netty.leakDetection.targetRecords: 4
2026-02-26 11:49:00 [main] DEBUG i.n.util.ResourceLeakDetectorFactory - Loaded default ResourceLeakDetector: io.netty.util.ResourceLeakDetector@52d97ab6
2026-02-26 11:49:00 [main] DEBUG i.n.util.internal.PlatformDependent - org.jctools-core.MpscChunkedArrayQueue: available
2026-02-26 11:49:00 [main] DEBUG i.l.c.event.jfr.EventRecorderHolder - Starting with JFR support
2026-02-26 11:49:00 [main] DEBUG i.l.c.r.DefaultClientResources - LatencyUtils/HdrUtils are not available, metrics are disabled
2026-02-26 11:49:00 [main] DEBUG io.lettuce.core.RedisClient - Trying to get a Redis connection for: redis://localhost:40465
2026-02-26 11:49:00 [main] DEBUG i.n.buffer.AdaptiveByteBufAllocator - -Dio.netty.allocator.useCachedMagazinesForNonEventLoopThreads: false
2026-02-26 11:49:00 [main] DEBUG io.netty.util.Recycler - -Dio.netty.recycler.maxCapacityPerThread: 4096
2026-02-26 11:49:00 [main] DEBUG io.netty.util.Recycler - -Dio.netty.recycler.ratio: 8
2026-02-26 11:49:00 [main] DEBUG io.netty.util.Recycler - -Dio.netty.recycler.chunkSize: 32
2026-02-26 11:49:00 [main] DEBUG io.netty.util.Recycler - -Dio.netty.recycler.blocking: false
2026-02-26 11:49:00 [main] DEBUG io.netty.util.Recycler - -Dio.netty.recycler.batchFastThreadLocalOnly: true
2026-02-26 11:49:00 [main] DEBUG io.netty.buffer.ByteBufUtil - -Dio.netty.allocator.type: adaptive
2026-02-26 11:49:00 [main] DEBUG io.netty.buffer.ByteBufUtil - -Dio.netty.threadLocalDirectBufferSize: 0
2026-02-26 11:49:00 [main] DEBUG io.netty.buffer.ByteBufUtil - -Dio.netty.maxThreadLocalCharBufferSize: 16384
2026-02-26 11:49:00 [main] DEBUG i.l.c.r.DefaultEventLoopGroupProvider - Allocating executor io.netty.channel.nio.NioEventLoopGroup
2026-02-26 11:49:00 [main] DEBUG i.l.c.r.DefaultEventLoopGroupProvider - Creating executor io.netty.channel.nio.NioEventLoopGroup
2026-02-26 11:49:00 [main] DEBUG i.n.c.MultithreadEventLoopGroup - -Dio.netty.eventLoopThreads: 16
2026-02-26 11:49:00 [main] DEBUG io.netty.channel.nio.NioIoHandler - -Dio.netty.noKeySetOptimization: false
2026-02-26 11:49:00 [main] DEBUG io.netty.channel.nio.NioIoHandler - -Dio.netty.selectorAutoRebuildThreshold: 512
2026-02-26 11:49:00 [main] DEBUG i.l.c.r.DefaultEventLoopGroupProvider - Adding reference to io.netty.channel.nio.NioEventLoopGroup@91f565d, existing ref count 0
2026-02-26 11:49:01 [main] DEBUG io.lettuce.core.RedisClient - Resolved SocketAddress localhost/<unresolved>:40465 using redis://localhost:40465
2026-02-26 11:49:01 [main] DEBUG io.lettuce.core.AbstractRedisClient - Connecting to Redis at localhost/<unresolved>:40465
2026-02-26 11:49:01 [main] DEBUG io.netty.channel.DefaultChannelId - -Dio.netty.processId: 9301 (auto-detected)
2026-02-26 11:49:01 [main] DEBUG io.netty.channel.DefaultChannelId - -Dio.netty.machineId: f4:6a:dd:ff:fe:3e:0b:f7 (auto-detected)
2026-02-26 11:49:01 [main] DEBUG i.n.b.ChannelInitializerExtensions - -Dio.netty.bootstrap.extensions: null
2026-02-26 11:49:01 [lettuce-nioEventLoop-4-1] DEBUG i.l.core.protocol.CommandHandler - [channel=0x86364390, [id: 0xa50bc3a6] (inactive), epid=0x1, chid=0x1] channelRegistered()
2026-02-26 11:49:01 [lettuce-nioEventLoop-4-1] DEBUG io.netty.buffer.AbstractByteBuf - -Dio.netty.buffer.checkAccessible: true
2026-02-26 11:49:01 [lettuce-nioEventLoop-4-1] DEBUG io.netty.buffer.AbstractByteBuf - -Dio.netty.buffer.checkBounds: true
2026-02-26 11:49:01 [lettuce-nioEventLoop-4-1] DEBUG i.n.util.ResourceLeakDetectorFactory - Loaded default ResourceLeakDetector: io.netty.util.ResourceLeakDetector@38e00dc3
2026-02-26 11:49:01 [lettuce-nioEventLoop-4-1] DEBUG i.l.core.protocol.CommandHandler - [channel=0x86364390, /127.0.0.1:59480 -> localhost/127.0.0.1:40465, epid=0x1, chid=0x1] write(ctx, AsyncCommand [type=HELLO, output=GenericMapOutput [output=null, error='null'], commandType=io.lettuce.core.protocol.Command], promise)
2026-02-26 11:49:01 [lettuce-nioEventLoop-4-1] DEBUG i.l.core.protocol.CommandEncoder - [channel=0x86364390, /127.0.0.1:59480 -> localhost/127.0.0.1:40465] writing command AsyncCommand [type=HELLO, output=GenericMapOutput [output=null, error='null'], commandType=io.lettuce.core.protocol.Command]
2026-02-26 11:49:01 [lettuce-nioEventLoop-4-1] DEBUG i.l.core.protocol.CommandHandler - [channel=0x86364390, /127.0.0.1:59480 -> localhost/127.0.0.1:40465, epid=0x1, chid=0x1] Received: 144 bytes, 1 commands in the stack
2026-02-26 11:49:01 [lettuce-nioEventLoop-4-1] DEBUG i.l.core.protocol.CommandHandler - [channel=0x86364390, /127.0.0.1:59480 -> localhost/127.0.0.1:40465, epid=0x1, chid=0x1] Stack contains: 1 commands
2026-02-26 11:49:01 [lettuce-nioEventLoop-4-1] DEBUG i.l.core.protocol.RedisStateMachine - Decode done, empty stack: true
2026-02-26 11:49:01 [lettuce-nioEventLoop-4-1] DEBUG i.l.core.protocol.CommandHandler - [channel=0x86364390, /127.0.0.1:59480 -> localhost/127.0.0.1:40465, epid=0x1, chid=0x1] Completing command AsyncCommand [type=HELLO, output=GenericMapOutput [output={server=redis, version=7.4.8, proto=3, id=4, mode=standalone, role=master}, error='null'], commandType=io.lettuce.core.protocol.Command]
2026-02-26 11:49:01 [lettuce-nioEventLoop-4-1] DEBUG i.l.core.protocol.CommandHandler - [channel=0x86364390, /127.0.0.1:59480 -> localhost/127.0.0.1:40465, epid=0x1, chid=0x1] write(ctx, [AsyncCommand [type=CLIENT, output=StatusOutput [output=null, error='null'], commandType=io.lettuce.core.protocol.Command], AsyncCommand [type=CLIENT, output=StatusOutput [output=null, error='null'], commandType=io.lettuce.core.protocol.Command]], promise)
2026-02-26 11:49:01 [lettuce-nioEventLoop-4-1] DEBUG i.l.core.protocol.CommandEncoder - [channel=0x86364390, /127.0.0.1:59480 -> localhost/127.0.0.1:40465] writing command AsyncCommand [type=CLIENT, output=StatusOutput [output=null, error='null'], commandType=io.lettuce.core.protocol.Command]
2026-02-26 11:49:01 [lettuce-nioEventLoop-4-1] DEBUG i.l.core.protocol.CommandEncoder - [channel=0x86364390, /127.0.0.1:59480 -> localhost/127.0.0.1:40465] writing command AsyncCommand [type=CLIENT, output=StatusOutput [output=null, error='null'], commandType=io.lettuce.core.protocol.Command]
2026-02-26 11:49:01 [lettuce-nioEventLoop-4-1] DEBUG i.l.core.protocol.CommandHandler - [channel=0x86364390, /127.0.0.1:59480 -> localhost/127.0.0.1:40465, epid=0x1, chid=0x1] Received: 10 bytes, 2 commands in the stack
2026-02-26 11:49:01 [lettuce-nioEventLoop-4-1] DEBUG i.l.core.protocol.CommandHandler - [channel=0x86364390, /127.0.0.1:59480 -> localhost/127.0.0.1:40465, epid=0x1, chid=0x1] Stack contains: 2 commands
2026-02-26 11:49:01 [lettuce-nioEventLoop-4-1] DEBUG i.l.core.protocol.RedisStateMachine - Decode done, empty stack: true
2026-02-26 11:49:01 [lettuce-nioEventLoop-4-1] DEBUG i.l.core.protocol.CommandHandler - [channel=0x86364390, /127.0.0.1:59480 -> localhost/127.0.0.1:40465, epid=0x1, chid=0x1] Completing command AsyncCommand [type=CLIENT, output=StatusOutput [output=OK, error='null'], commandType=io.lettuce.core.protocol.Command]
2026-02-26 11:49:01 [lettuce-nioEventLoop-4-1] DEBUG i.l.core.protocol.CommandHandler - [channel=0x86364390, /127.0.0.1:59480 -> localhost/127.0.0.1:40465, epid=0x1, chid=0x1] Stack contains: 1 commands
2026-02-26 11:49:01 [lettuce-nioEventLoop-4-1] DEBUG i.l.core.protocol.RedisStateMachine - Decode done, empty stack: true
2026-02-26 11:49:01 [lettuce-nioEventLoop-4-1] DEBUG i.l.core.protocol.CommandHandler - [channel=0x86364390, /127.0.0.1:59480 -> localhost/127.0.0.1:40465, epid=0x1, chid=0x1] Completing command AsyncCommand [type=CLIENT, output=StatusOutput [output=OK, error='null'], commandType=io.lettuce.core.protocol.Command]
2026-02-26 11:49:01 [lettuce-nioEventLoop-4-1] DEBUG i.l.core.protocol.CommandHandler - [channel=0x86364390, /127.0.0.1:59480 -> localhost/127.0.0.1:40465, epid=0x1, chid=0x1] write(ctx, [AsyncCommand [type=CLIENT, output=StatusOutput [output=null, error='null'], commandType=io.lettuce.core.protocol.Command]], promise)
2026-02-26 11:49:01 [lettuce-nioEventLoop-4-1] DEBUG i.l.core.protocol.CommandEncoder - [channel=0x86364390, /127.0.0.1:59480 -> localhost/127.0.0.1:40465] writing command AsyncCommand [type=CLIENT, output=StatusOutput [output=null, error='null'], commandType=io.lettuce.core.protocol.Command]
2026-02-26 11:49:01 [lettuce-nioEventLoop-4-1] DEBUG i.l.core.protocol.CommandHandler - [channel=0x86364390, /127.0.0.1:59480 -> localhost/127.0.0.1:40465, epid=0x1, chid=0x1] Received: 65 bytes, 1 commands in the stack
2026-02-26 11:49:01 [lettuce-nioEventLoop-4-1] DEBUG i.l.core.protocol.CommandHandler - [channel=0x86364390, /127.0.0.1:59480 -> localhost/127.0.0.1:40465, epid=0x1, chid=0x1] Stack contains: 1 commands
2026-02-26 11:49:01 [lettuce-nioEventLoop-4-1] DEBUG i.l.core.protocol.RedisStateMachine - Decode done, empty stack: true
2026-02-26 11:49:01 [lettuce-nioEventLoop-4-1] DEBUG i.l.core.protocol.CommandHandler - [channel=0x86364390, /127.0.0.1:59480 -> localhost/127.0.0.1:40465, epid=0x1, chid=0x1] Completing command AsyncCommand [type=CLIENT, output=StatusOutput [output=null, error='ERR unknown subcommand 'MAINT_NOTIFICATIONS'. Try CLIENT HELP.'], commandType=io.lettuce.core.protocol.Command]
2026-02-26 11:49:01 [lettuce-nioEventLoop-4-1] INFO  io.lettuce.core.RedisHandshake - Maintenance events not supported.
2026-02-26 11:49:01 [lettuce-nioEventLoop-4-1] DEBUG io.lettuce.core.RedisHandshake - Maintenance events not enabled
java.util.concurrent.CompletionException: io.lettuce.core.RedisCommandExecutionException: ERR unknown subcommand 'MAINT_NOTIFICATIONS'. Try CLIENT HELP.
	at java.base/java.util.concurrent.CompletableFuture.encodeThrowable(CompletableFuture.java:332)
	at java.base/java.util.concurrent.CompletableFuture.completeThrowable(CompletableFuture.java:347)
	at java.base/java.util.concurrent.CompletableFuture$BiRelay.tryFire(CompletableFuture.java:1498)
	at java.base/java.util.concurrent.CompletableFuture$CoCompletion.tryFire(CompletableFuture.java:1219)
	at java.base/java.util.concurrent.CompletableFuture.postComplete(CompletableFuture.java:510)
	at java.base/java.util.concurrent.CompletableFuture.completeExceptionally(CompletableFuture.java:2194)
	at io.lettuce.core.protocol.AsyncCommand.doCompleteExceptionally(AsyncCommand.java:143)
	at io.lettuce.core.protocol.AsyncCommand.completeResult(AsyncCommand.java:124)
	at io.lettuce.core.protocol.AsyncCommand.complete(AsyncCommand.java:115)
	at io.lettuce.core.protocol.CommandHandler.complete(CommandHandler.java:773)
	at io.lettuce.core.protocol.CommandHandler.decode(CommandHandler.java:693)
	at io.lettuce.core.protocol.CommandHandler.channelRead(CommandHandler.java:610)
	at io.netty.channel.AbstractChannelHandlerContext.fireChannelRead(AbstractChannelHandlerContext.java:354)
	at io.netty.channel.DefaultChannelPipeline$HeadContext.channelRead(DefaultChannelPipeline.java:1429)
	at io.netty.channel.DefaultChannelPipeline.fireChannelRead(DefaultChannelPipeline.java:918)
	at io.netty.channel.nio.AbstractNioByteChannel$NioByteUnsafe.read(AbstractNioByteChannel.java:167)
	at io.netty.channel.nio.AbstractNioChannel$AbstractNioUnsafe.handle(AbstractNioChannel.java:445)
	at io.netty.channel.nio.NioIoHandler$DefaultNioRegistration.handle(NioIoHandler.java:381)
	at io.netty.channel.nio.NioIoHandler.processSelectedKey(NioIoHandler.java:587)
	at io.netty.channel.nio.NioIoHandler.processSelectedKeysOptimized(NioIoHandler.java:562)
	at io.netty.channel.nio.NioIoHandler.processSelectedKeys(NioIoHandler.java:503)
	at io.netty.channel.nio.NioIoHandler.run(NioIoHandler.java:475)
	at io.netty.channel.SingleThreadIoEventLoop.runIo(SingleThreadIoEventLoop.java:225)
	at io.netty.channel.SingleThreadIoEventLoop.run(SingleThreadIoEventLoop.java:196)
	at io.netty.util.concurrent.SingleThreadEventExecutor$5.run(SingleThreadEventExecutor.java:1193)
	at io.netty.util.internal.ThreadExecutorMap$2.run(ThreadExecutorMap.java:74)
	at io.netty.util.concurrent.FastThreadLocalRunnable.run(FastThreadLocalRunnable.java:30)
	at java.base/java.lang.Thread.run(Thread.java:1583)
Caused by: io.lettuce.core.RedisCommandExecutionException: ERR unknown subcommand 'MAINT_NOTIFICATIONS'. Try CLIENT HELP.
	at io.lettuce.core.internal.ExceptionFactory.createExecutionException(ExceptionFactory.java:151)
	at io.lettuce.core.internal.ExceptionFactory.createExecutionException(ExceptionFactory.java:120)
	... 21 common frames omitted
2026-02-26 11:49:01 [lettuce-nioEventLoop-4-1] DEBUG i.l.core.protocol.CommandHandler - [channel=0x86364390, /127.0.0.1:59480 -> localhost/127.0.0.1:40465, epid=0x1, chid=0x1] channelActive()
2026-02-26 11:49:01 [lettuce-nioEventLoop-4-1] DEBUG i.l.core.protocol.DefaultEndpoint - [channel=0x86364390, /127.0.0.1:59480 -> localhost/127.0.0.1:40465, epid=0x1] activateEndpointAndExecuteBufferedCommands 0 command(s) buffered
2026-02-26 11:49:01 [lettuce-nioEventLoop-4-1] DEBUG i.l.core.protocol.DefaultEndpoint - [channel=0x86364390, /127.0.0.1:59480 -> localhost/127.0.0.1:40465, epid=0x1] activating endpoint
2026-02-26 11:49:01 [lettuce-nioEventLoop-4-1] DEBUG i.l.core.protocol.DefaultEndpoint - [channel=0x86364390, /127.0.0.1:59480 -> localhost/127.0.0.1:40465, epid=0x1] flushCommands()
2026-02-26 11:49:01 [lettuce-nioEventLoop-4-1] DEBUG i.l.core.protocol.DefaultEndpoint - [channel=0x86364390, /127.0.0.1:59480 -> localhost/127.0.0.1:40465, epid=0x1] flushCommands() Flushing 0 commands
2026-02-26 11:49:01 [lettuce-nioEventLoop-4-1] DEBUG i.l.core.protocol.ConnectionWatchdog - [channel=0x86364390, /127.0.0.1:59480 -> localhost/127.0.0.1:40465, last known addr=localhost/127.0.0.1:40465] channelActive()
2026-02-26 11:49:01 [lettuce-nioEventLoop-4-1] DEBUG i.l.core.protocol.CommandHandler - [channel=0x86364390, /127.0.0.1:59480 -> localhost/127.0.0.1:40465, epid=0x1, chid=0x1] channelActive() done
2026-02-26 11:49:01 [lettuce-nioEventLoop-4-1] DEBUG io.lettuce.core.AbstractRedisClient - Connecting to Redis at localhost/<unresolved>:40465: Success
2026-02-26 11:49:01 [main] DEBUG io.lettuce.core.RedisChannelHandler - dispatching command AsyncCommand [type=GET, output=ValueOutput [output=null, error='null'], commandType=io.lettuce.core.protocol.Command]
2026-02-26 11:49:01 [main] DEBUG i.l.core.protocol.DefaultEndpoint - [channel=0x86364390, /127.0.0.1:59480 -> localhost/127.0.0.1:40465, epid=0x1] write() writeAndFlush command AsyncCommand [type=GET, output=ValueOutput [output=null, error='null'], commandType=io.lettuce.core.protocol.Command]
2026-02-26 11:49:01 [lettuce-nioEventLoop-4-1] DEBUG i.l.core.protocol.CommandHandler - [channel=0x86364390, /127.0.0.1:59480 -> localhost/127.0.0.1:40465, epid=0x1, chid=0x1] write(ctx, AsyncCommand [type=GET, output=ValueOutput [output=null, error='null'], commandType=io.lettuce.core.protocol.Command], promise)
2026-02-26 11:49:01 [main] DEBUG i.l.core.protocol.DefaultEndpoint - [channel=0x86364390, /127.0.0.1:59480 -> localhost/127.0.0.1:40465, epid=0x1] write() done
2026-02-26 11:49:01 [lettuce-nioEventLoop-4-1] DEBUG i.l.core.protocol.CommandEncoder - [channel=0x86364390, /127.0.0.1:59480 -> localhost/127.0.0.1:40465] writing command AsyncCommand [type=GET, output=ValueOutput [output=null, error='null'], commandType=io.lettuce.core.protocol.Command]
2026-02-26 11:49:01 [lettuce-nioEventLoop-4-1] DEBUG i.l.core.protocol.CommandHandler - [channel=0x86364390, /127.0.0.1:59480 -> localhost/127.0.0.1:40465, epid=0x1, chid=0x1] Received: 3 bytes, 1 commands in the stack
2026-02-26 11:49:01 [lettuce-nioEventLoop-4-1] DEBUG i.l.core.protocol.CommandHandler - [channel=0x86364390, /127.0.0.1:59480 -> localhost/127.0.0.1:40465, epid=0x1, chid=0x1] Stack contains: 1 commands
2026-02-26 11:49:01 [lettuce-nioEventLoop-4-1] DEBUG i.l.core.protocol.RedisStateMachine - Decode done, empty stack: true
2026-02-26 11:49:01 [lettuce-nioEventLoop-4-1] DEBUG i.l.core.protocol.CommandHandler - [channel=0x86364390, /127.0.0.1:59480 -> localhost/127.0.0.1:40465, epid=0x1, chid=0x1] Completing command AsyncCommand [type=GET, output=ValueOutput [output=null, error='null'], commandType=io.lettuce.core.protocol.Command]
2026-02-26 11:49:01 [main] DEBUG io.lettuce.core.RedisChannelHandler - dispatching command AsyncCommand [type=SETEX, output=StatusOutput [output=null, error='null'], commandType=io.lettuce.core.protocol.Command]
2026-02-26 11:49:01 [main] DEBUG i.l.core.protocol.DefaultEndpoint - [channel=0x86364390, /127.0.0.1:59480 -> localhost/127.0.0.1:40465, epid=0x1] write() writeAndFlush command AsyncCommand [type=SETEX, output=StatusOutput [output=null, error='null'], commandType=io.lettuce.core.protocol.Command]
2026-02-26 11:49:01 [main] DEBUG i.l.core.protocol.DefaultEndpoint - [channel=0x86364390, /127.0.0.1:59480 -> localhost/127.0.0.1:40465, epid=0x1] write() done
2026-02-26 11:49:01 [lettuce-nioEventLoop-4-1] DEBUG i.l.core.protocol.CommandHandler - [channel=0x86364390, /127.0.0.1:59480 -> localhost/127.0.0.1:40465, epid=0x1, chid=0x1] write(ctx, AsyncCommand [type=SETEX, output=StatusOutput [output=null, error='null'], commandType=io.lettuce.core.protocol.Command], promise)
2026-02-26 11:49:01 [lettuce-nioEventLoop-4-1] DEBUG i.l.core.protocol.CommandEncoder - [channel=0x86364390, /127.0.0.1:59480 -> localhost/127.0.0.1:40465] writing command AsyncCommand [type=SETEX, output=StatusOutput [output=null, error='null'], commandType=io.lettuce.core.protocol.Command]
2026-02-26 11:49:01 [lettuce-nioEventLoop-4-1] DEBUG i.l.core.protocol.CommandHandler - [channel=0x86364390, /127.0.0.1:59480 -> localhost/127.0.0.1:40465, epid=0x1, chid=0x1] Received: 5 bytes, 1 commands in the stack
2026-02-26 11:49:01 [lettuce-nioEventLoop-4-1] DEBUG i.l.core.protocol.CommandHandler - [channel=0x86364390, /127.0.0.1:59480 -> localhost/127.0.0.1:40465, epid=0x1, chid=0x1] Stack contains: 1 commands
2026-02-26 11:49:01 [lettuce-nioEventLoop-4-1] DEBUG i.l.core.protocol.RedisStateMachine - Decode done, empty stack: true
2026-02-26 11:49:01 [lettuce-nioEventLoop-4-1] DEBUG i.l.core.protocol.CommandHandler - [channel=0x86364390, /127.0.0.1:59480 -> localhost/127.0.0.1:40465, epid=0x1, chid=0x1] Completing command AsyncCommand [type=SETEX, output=StatusOutput [output=OK, error='null'], commandType=io.lettuce.core.protocol.Command]
2026-02-26 11:49:01 [main] DEBUG o.e.r.redis.RedisRepository - Added id={1} oldUrl={url.com} bewUrl={null} to Redis
2026-02-26 11:49:01 [main] DEBUG io.lettuce.core.RedisChannelHandler - dispatching command AsyncCommand [type=SCAN, output=KeyScanOutput [output=io.lettuce.core.KeyScanCursor@6ee88e21, error='null'], commandType=io.lettuce.core.protocol.Command]
2026-02-26 11:49:01 [main] DEBUG i.l.core.protocol.DefaultEndpoint - [channel=0x86364390, /127.0.0.1:59480 -> localhost/127.0.0.1:40465, epid=0x1] write() writeAndFlush command AsyncCommand [type=SCAN, output=KeyScanOutput [output=io.lettuce.core.KeyScanCursor@6ee88e21, error='null'], commandType=io.lettuce.core.protocol.Command]
2026-02-26 11:49:01 [main] DEBUG i.l.core.protocol.DefaultEndpoint - [channel=0x86364390, /127.0.0.1:59480 -> localhost/127.0.0.1:40465, epid=0x1] write() done
2026-02-26 11:49:01 [lettuce-nioEventLoop-4-1] DEBUG i.l.core.protocol.CommandHandler - [channel=0x86364390, /127.0.0.1:59480 -> localhost/127.0.0.1:40465, epid=0x1, chid=0x1] write(ctx, AsyncCommand [type=SCAN, output=KeyScanOutput [output=io.lettuce.core.KeyScanCursor@6ee88e21, error='null'], commandType=io.lettuce.core.protocol.Command], promise)
2026-02-26 11:49:01 [lettuce-nioEventLoop-4-1] DEBUG i.l.core.protocol.CommandEncoder - [channel=0x86364390, /127.0.0.1:59480 -> localhost/127.0.0.1:40465] writing command AsyncCommand [type=SCAN, output=KeyScanOutput [output=io.lettuce.core.KeyScanCursor@6ee88e21, error='null'], commandType=io.lettuce.core.protocol.Command]
2026-02-26 11:49:01 [lettuce-nioEventLoop-4-1] DEBUG i.l.core.protocol.CommandHandler - [channel=0x86364390, /127.0.0.1:59480 -> localhost/127.0.0.1:40465, epid=0x1, chid=0x1] Received: 22 bytes, 1 commands in the stack
2026-02-26 11:49:01 [lettuce-nioEventLoop-4-1] DEBUG i.l.core.protocol.CommandHandler - [channel=0x86364390, /127.0.0.1:59480 -> localhost/127.0.0.1:40465, epid=0x1, chid=0x1] Stack contains: 1 commands
2026-02-26 11:49:01 [lettuce-nioEventLoop-4-1] DEBUG i.l.core.protocol.RedisStateMachine - Decode done, empty stack: true
2026-02-26 11:49:01 [lettuce-nioEventLoop-4-1] DEBUG i.l.core.protocol.CommandHandler - [channel=0x86364390, /127.0.0.1:59480 -> localhost/127.0.0.1:40465, epid=0x1, chid=0x1] Completing command AsyncCommand [type=SCAN, output=KeyScanOutput [output=io.lettuce.core.KeyScanCursor@6ee88e21, error='null'], commandType=io.lettuce.core.protocol.Command]
2026-02-26 11:49:01 [main] DEBUG io.lettuce.core.RedisChannelHandler - dispatching command AsyncCommand [type=GET, output=ValueOutput [output=null, error='null'], commandType=io.lettuce.core.protocol.Command]
2026-02-26 11:49:01 [main] DEBUG i.l.core.protocol.DefaultEndpoint - [channel=0x86364390, /127.0.0.1:59480 -> localhost/127.0.0.1:40465, epid=0x1] write() writeAndFlush command AsyncCommand [type=GET, output=ValueOutput [output=null, error='null'], commandType=io.lettuce.core.protocol.Command]
2026-02-26 11:49:01 [main] DEBUG i.l.core.protocol.DefaultEndpoint - [channel=0x86364390, /127.0.0.1:59480 -> localhost/127.0.0.1:40465, epid=0x1] write() done
2026-02-26 11:49:01 [lettuce-nioEventLoop-4-1] DEBUG i.l.core.protocol.CommandHandler - [channel=0x86364390, /127.0.0.1:59480 -> localhost/127.0.0.1:40465, epid=0x1, chid=0x1] write(ctx, AsyncCommand [type=GET, output=ValueOutput [output=null, error='null'], commandType=io.lettuce.core.protocol.Command], promise)
2026-02-26 11:49:01 [lettuce-nioEventLoop-4-1] DEBUG i.l.core.protocol.CommandEncoder - [channel=0x86364390, /127.0.0.1:59480 -> localhost/127.0.0.1:40465] writing command AsyncCommand [type=GET, output=ValueOutput [output=null, error='null'], commandType=io.lettuce.core.protocol.Command]
2026-02-26 11:49:01 [lettuce-nioEventLoop-4-1] DEBUG i.l.core.protocol.CommandHandler - [channel=0x86364390, /127.0.0.1:59480 -> localhost/127.0.0.1:40465, epid=0x1, chid=0x1] Received: 13 bytes, 1 commands in the stack
2026-02-26 11:49:01 [lettuce-nioEventLoop-4-1] DEBUG i.l.core.protocol.CommandHandler - [channel=0x86364390, /127.0.0.1:59480 -> localhost/127.0.0.1:40465, epid=0x1, chid=0x1] Stack contains: 1 commands
2026-02-26 11:49:01 [lettuce-nioEventLoop-4-1] DEBUG i.l.core.protocol.RedisStateMachine - Decode done, empty stack: true
2026-02-26 11:49:01 [lettuce-nioEventLoop-4-1] DEBUG i.l.core.protocol.CommandHandler - [channel=0x86364390, /127.0.0.1:59480 -> localhost/127.0.0.1:40465, epid=0x1, chid=0x1] Completing command AsyncCommand [type=GET, output=ValueOutput [output=url.com, error='null'], commandType=io.lettuce.core.protocol.Command]
2026-02-26 11:49:01 [main] DEBUG io.lettuce.core.RedisChannelHandler - dispatching command AsyncCommand [type=SCAN, output=KeyScanOutput [output=io.lettuce.core.KeyScanCursor@7aea704c, error='null'], commandType=io.lettuce.core.protocol.Command]
2026-02-26 11:49:01 [main] DEBUG i.l.core.protocol.DefaultEndpoint - [channel=0x86364390, /127.0.0.1:59480 -> localhost/127.0.0.1:40465, epid=0x1] write() writeAndFlush command AsyncCommand [type=SCAN, output=KeyScanOutput [output=io.lettuce.core.KeyScanCursor@7aea704c, error='null'], commandType=io.lettuce.core.protocol.Command]
2026-02-26 11:49:01 [main] DEBUG i.l.core.protocol.DefaultEndpoint - [channel=0x86364390, /127.0.0.1:59480 -> localhost/127.0.0.1:40465, epid=0x1] write() done
2026-02-26 11:49:01 [lettuce-nioEventLoop-4-1] DEBUG i.l.core.protocol.CommandHandler - [channel=0x86364390, /127.0.0.1:59480 -> localhost/127.0.0.1:40465, epid=0x1, chid=0x1] write(ctx, AsyncCommand [type=SCAN, output=KeyScanOutput [output=io.lettuce.core.KeyScanCursor@7aea704c, error='null'], commandType=io.lettuce.core.protocol.Command], promise)
2026-02-26 11:49:01 [lettuce-nioEventLoop-4-1] DEBUG i.l.core.protocol.CommandEncoder - [channel=0x86364390, /127.0.0.1:59480 -> localhost/127.0.0.1:40465] writing command AsyncCommand [type=SCAN, output=KeyScanOutput [output=io.lettuce.core.KeyScanCursor@7aea704c, error='null'], commandType=io.lettuce.core.protocol.Command]
2026-02-26 11:49:01 [lettuce-nioEventLoop-4-1] DEBUG i.l.core.protocol.CommandHandler - [channel=0x86364390, /127.0.0.1:59480 -> localhost/127.0.0.1:40465, epid=0x1, chid=0x1] Received: 22 bytes, 1 commands in the stack
2026-02-26 11:49:01 [lettuce-nioEventLoop-4-1] DEBUG i.l.core.protocol.CommandHandler - [channel=0x86364390, /127.0.0.1:59480 -> localhost/127.0.0.1:40465, epid=0x1, chid=0x1] Stack contains: 1 commands
2026-02-26 11:49:01 [lettuce-nioEventLoop-4-1] DEBUG i.l.core.protocol.RedisStateMachine - Decode done, empty stack: true
2026-02-26 11:49:01 [lettuce-nioEventLoop-4-1] DEBUG i.l.core.protocol.CommandHandler - [channel=0x86364390, /127.0.0.1:59480 -> localhost/127.0.0.1:40465, epid=0x1, chid=0x1] Completing command AsyncCommand [type=SCAN, output=KeyScanOutput [output=io.lettuce.core.KeyScanCursor@7aea704c, error='null'], commandType=io.lettuce.core.protocol.Command]
2026-02-26 11:49:01 [main] DEBUG io.lettuce.core.RedisChannelHandler - dispatching command AsyncCommand [type=GET, output=ValueOutput [output=null, error='null'], commandType=io.lettuce.core.protocol.Command]
2026-02-26 11:49:01 [main] DEBUG i.l.core.protocol.DefaultEndpoint - [channel=0x86364390, /127.0.0.1:59480 -> localhost/127.0.0.1:40465, epid=0x1] write() writeAndFlush command AsyncCommand [type=GET, output=ValueOutput [output=null, error='null'], commandType=io.lettuce.core.protocol.Command]
2026-02-26 11:49:01 [main] DEBUG i.l.core.protocol.DefaultEndpoint - [channel=0x86364390, /127.0.0.1:59480 -> localhost/127.0.0.1:40465, epid=0x1] write() done
2026-02-26 11:49:01 [lettuce-nioEventLoop-4-1] DEBUG i.l.core.protocol.CommandHandler - [channel=0x86364390, /127.0.0.1:59480 -> localhost/127.0.0.1:40465, epid=0x1, chid=0x1] write(ctx, AsyncCommand [type=GET, output=ValueOutput [output=null, error='null'], commandType=io.lettuce.core.protocol.Command], promise)
2026-02-26 11:49:01 [lettuce-nioEventLoop-4-1] DEBUG i.l.core.protocol.CommandEncoder - [channel=0x86364390, /127.0.0.1:59480 -> localhost/127.0.0.1:40465] writing command AsyncCommand [type=GET, output=ValueOutput [output=null, error='null'], commandType=io.lettuce.core.protocol.Command]
2026-02-26 11:49:01 [lettuce-nioEventLoop-4-1] DEBUG i.l.core.protocol.CommandHandler - [channel=0x86364390, /127.0.0.1:59480 -> localhost/127.0.0.1:40465, epid=0x1, chid=0x1] Received: 13 bytes, 1 commands in the stack
2026-02-26 11:49:01 [lettuce-nioEventLoop-4-1] DEBUG i.l.core.protocol.CommandHandler - [channel=0x86364390, /127.0.0.1:59480 -> localhost/127.0.0.1:40465, epid=0x1, chid=0x1] Stack contains: 1 commands
2026-02-26 11:49:01 [lettuce-nioEventLoop-4-1] DEBUG i.l.core.protocol.RedisStateMachine - Decode done, empty stack: true
2026-02-26 11:49:01 [lettuce-nioEventLoop-4-1] DEBUG i.l.core.protocol.CommandHandler - [channel=0x86364390, /127.0.0.1:59480 -> localhost/127.0.0.1:40465, epid=0x1, chid=0x1] Completing command AsyncCommand [type=GET, output=ValueOutput [output=url.com, error='null'], commandType=io.lettuce.core.protocol.Command]
2026-02-26 11:49:01 [main] DEBUG io.lettuce.core.RedisChannelHandler - dispatching command AsyncCommand [type=GET, output=ValueOutput [output=null, error='null'], commandType=io.lettuce.core.protocol.Command]
2026-02-26 11:49:01 [main] DEBUG i.l.core.protocol.DefaultEndpoint - [channel=0x86364390, /127.0.0.1:59480 -> localhost/127.0.0.1:40465, epid=0x1] write() writeAndFlush command AsyncCommand [type=GET, output=ValueOutput [output=null, error='null'], commandType=io.lettuce.core.protocol.Command]
2026-02-26 11:49:01 [main] DEBUG i.l.core.protocol.DefaultEndpoint - [channel=0x86364390, /127.0.0.1:59480 -> localhost/127.0.0.1:40465, epid=0x1] write() done
2026-02-26 11:49:01 [lettuce-nioEventLoop-4-1] DEBUG i.l.core.protocol.CommandHandler - [channel=0x86364390, /127.0.0.1:59480 -> localhost/127.0.0.1:40465, epid=0x1, chid=0x1] write(ctx, AsyncCommand [type=GET, output=ValueOutput [output=null, error='null'], commandType=io.lettuce.core.protocol.Command], promise)
2026-02-26 11:49:01 [lettuce-nioEventLoop-4-1] DEBUG i.l.core.protocol.CommandEncoder - [channel=0x86364390, /127.0.0.1:59480 -> localhost/127.0.0.1:40465] writing command AsyncCommand [type=GET, output=ValueOutput [output=null, error='null'], commandType=io.lettuce.core.protocol.Command]
2026-02-26 11:49:01 [lettuce-nioEventLoop-4-1] DEBUG i.l.core.protocol.CommandHandler - [channel=0x86364390, /127.0.0.1:59480 -> localhost/127.0.0.1:40465, epid=0x1, chid=0x1] Received: 13 bytes, 1 commands in the stack
2026-02-26 11:49:01 [lettuce-nioEventLoop-4-1] DEBUG i.l.core.protocol.CommandHandler - [channel=0x86364390, /127.0.0.1:59480 -> localhost/127.0.0.1:40465, epid=0x1, chid=0x1] Stack contains: 1 commands
2026-02-26 11:49:01 [lettuce-nioEventLoop-4-1] DEBUG i.l.core.protocol.RedisStateMachine - Decode done, empty stack: true
2026-02-26 11:49:01 [lettuce-nioEventLoop-4-1] DEBUG i.l.core.protocol.CommandHandler - [channel=0x86364390, /127.0.0.1:59480 -> localhost/127.0.0.1:40465, epid=0x1, chid=0x1] Completing command AsyncCommand [type=GET, output=ValueOutput [output=url.com, error='null'], commandType=io.lettuce.core.protocol.Command]
2026-02-26 11:49:01 [main] DEBUG io.lettuce.core.RedisChannelHandler - dispatching command AsyncCommand [type=DEL, output=IntegerOutput [output=null, error='null'], commandType=io.lettuce.core.protocol.Command]
2026-02-26 11:49:01 [main] DEBUG i.l.core.protocol.DefaultEndpoint - [channel=0x86364390, /127.0.0.1:59480 -> localhost/127.0.0.1:40465, epid=0x1] write() writeAndFlush command AsyncCommand [type=DEL, output=IntegerOutput [output=null, error='null'], commandType=io.lettuce.core.protocol.Command]
2026-02-26 11:49:01 [main] DEBUG i.l.core.protocol.DefaultEndpoint - [channel=0x86364390, /127.0.0.1:59480 -> localhost/127.0.0.1:40465, epid=0x1] write() done
2026-02-26 11:49:01 [lettuce-nioEventLoop-4-1] DEBUG i.l.core.protocol.CommandHandler - [channel=0x86364390, /127.0.0.1:59480 -> localhost/127.0.0.1:40465, epid=0x1, chid=0x1] write(ctx, AsyncCommand [type=DEL, output=IntegerOutput [output=null, error='null'], commandType=io.lettuce.core.protocol.Command], promise)
2026-02-26 11:49:01 [lettuce-nioEventLoop-4-1] DEBUG i.l.core.protocol.CommandEncoder - [channel=0x86364390, /127.0.0.1:59480 -> localhost/127.0.0.1:40465] writing command AsyncCommand [type=DEL, output=IntegerOutput [output=null, error='null'], commandType=io.lettuce.core.protocol.Command]
2026-02-26 11:49:01 [lettuce-nioEventLoop-4-1] DEBUG i.l.core.protocol.CommandHandler - [channel=0x86364390, /127.0.0.1:59480 -> localhost/127.0.0.1:40465, epid=0x1, chid=0x1] Received: 4 bytes, 1 commands in the stack
2026-02-26 11:49:01 [lettuce-nioEventLoop-4-1] DEBUG i.l.core.protocol.CommandHandler - [channel=0x86364390, /127.0.0.1:59480 -> localhost/127.0.0.1:40465, epid=0x1, chid=0x1] Stack contains: 1 commands
2026-02-26 11:49:01 [lettuce-nioEventLoop-4-1] DEBUG i.l.core.protocol.RedisStateMachine - Decode done, empty stack: true
2026-02-26 11:49:01 [lettuce-nioEventLoop-4-1] DEBUG i.l.core.protocol.CommandHandler - [channel=0x86364390, /127.0.0.1:59480 -> localhost/127.0.0.1:40465, epid=0x1, chid=0x1] Completing command AsyncCommand [type=DEL, output=IntegerOutput [output=1, error='null'], commandType=io.lettuce.core.protocol.Command]
2026-02-26 11:49:01 [main] DEBUG o.e.r.redis.RedisRepository - Removed 1 from Redis storage
2026-02-26 11:49:01 [main] DEBUG io.lettuce.core.RedisChannelHandler - dispatching command AsyncCommand [type=GET, output=ValueOutput [output=null, error='null'], commandType=io.lettuce.core.protocol.Command]
2026-02-26 11:49:01 [main] DEBUG i.l.core.protocol.DefaultEndpoint - [channel=0x86364390, /127.0.0.1:59480 -> localhost/127.0.0.1:40465, epid=0x1] write() writeAndFlush command AsyncCommand [type=GET, output=ValueOutput [output=null, error='null'], commandType=io.lettuce.core.protocol.Command]
2026-02-26 11:49:01 [main] DEBUG i.l.core.protocol.DefaultEndpoint - [channel=0x86364390, /127.0.0.1:59480 -> localhost/127.0.0.1:40465, epid=0x1] write() done
2026-02-26 11:49:01 [lettuce-nioEventLoop-4-1] DEBUG i.l.core.protocol.CommandHandler - [channel=0x86364390, /127.0.0.1:59480 -> localhost/127.0.0.1:40465, epid=0x1, chid=0x1] write(ctx, AsyncCommand [type=GET, output=ValueOutput [output=null, error='null'], commandType=io.lettuce.core.protocol.Command], promise)
2026-02-26 11:49:01 [lettuce-nioEventLoop-4-1] DEBUG i.l.core.protocol.CommandEncoder - [channel=0x86364390, /127.0.0.1:59480 -> localhost/127.0.0.1:40465] writing command AsyncCommand [type=GET, output=ValueOutput [output=null, error='null'], commandType=io.lettuce.core.protocol.Command]
2026-02-26 11:49:01 [lettuce-nioEventLoop-4-1] DEBUG i.l.core.protocol.CommandHandler - [channel=0x86364390, /127.0.0.1:59480 -> localhost/127.0.0.1:40465, epid=0x1, chid=0x1] Received: 3 bytes, 1 commands in the stack
2026-02-26 11:49:01 [lettuce-nioEventLoop-4-1] DEBUG i.l.core.protocol.CommandHandler - [channel=0x86364390, /127.0.0.1:59480 -> localhost/127.0.0.1:40465, epid=0x1, chid=0x1] Stack contains: 1 commands
2026-02-26 11:49:01 [lettuce-nioEventLoop-4-1] DEBUG i.l.core.protocol.RedisStateMachine - Decode done, empty stack: true
2026-02-26 11:49:01 [lettuce-nioEventLoop-4-1] DEBUG i.l.core.protocol.CommandHandler - [channel=0x86364390, /127.0.0.1:59480 -> localhost/127.0.0.1:40465, epid=0x1, chid=0x1] Completing command AsyncCommand [type=GET, output=ValueOutput [output=null, error='null'], commandType=io.lettuce.core.protocol.Command]
2026-02-26 11:49:01 [main] DEBUG io.lettuce.core.RedisChannelHandler - dispatching command AsyncCommand [type=SETEX, output=StatusOutput [output=null, error='null'], commandType=io.lettuce.core.protocol.Command]
2026-02-26 11:49:01 [main] DEBUG i.l.core.protocol.DefaultEndpoint - [channel=0x86364390, /127.0.0.1:59480 -> localhost/127.0.0.1:40465, epid=0x1] write() writeAndFlush command AsyncCommand [type=SETEX, output=StatusOutput [output=null, error='null'], commandType=io.lettuce.core.protocol.Command]
2026-02-26 11:49:01 [main] DEBUG i.l.core.protocol.DefaultEndpoint - [channel=0x86364390, /127.0.0.1:59480 -> localhost/127.0.0.1:40465, epid=0x1] write() done
2026-02-26 11:49:01 [lettuce-nioEventLoop-4-1] DEBUG i.l.core.protocol.CommandHandler - [channel=0x86364390, /127.0.0.1:59480 -> localhost/127.0.0.1:40465, epid=0x1, chid=0x1] write(ctx, AsyncCommand [type=SETEX, output=StatusOutput [output=null, error='null'], commandType=io.lettuce.core.protocol.Command], promise)
2026-02-26 11:49:01 [lettuce-nioEventLoop-4-1] DEBUG i.l.core.protocol.CommandEncoder - [channel=0x86364390, /127.0.0.1:59480 -> localhost/127.0.0.1:40465] writing command AsyncCommand [type=SETEX, output=StatusOutput [output=null, error='null'], commandType=io.lettuce.core.protocol.Command]
2026-02-26 11:49:01 [lettuce-nioEventLoop-4-1] DEBUG i.l.core.protocol.CommandHandler - [channel=0x86364390, /127.0.0.1:59480 -> localhost/127.0.0.1:40465, epid=0x1, chid=0x1] Received: 5 bytes, 1 commands in the stack
2026-02-26 11:49:01 [lettuce-nioEventLoop-4-1] DEBUG i.l.core.protocol.CommandHandler - [channel=0x86364390, /127.0.0.1:59480 -> localhost/127.0.0.1:40465, epid=0x1, chid=0x1] Stack contains: 1 commands
2026-02-26 11:49:01 [lettuce-nioEventLoop-4-1] DEBUG i.l.core.protocol.RedisStateMachine - Decode done, empty stack: true
2026-02-26 11:49:01 [lettuce-nioEventLoop-4-1] DEBUG i.l.core.protocol.CommandHandler - [channel=0x86364390, /127.0.0.1:59480 -> localhost/127.0.0.1:40465, epid=0x1, chid=0x1] Completing command AsyncCommand [type=SETEX, output=StatusOutput [output=OK, error='null'], commandType=io.lettuce.core.protocol.Command]
2026-02-26 11:49:01 [main] DEBUG o.e.r.redis.RedisRepository - Added id={1} oldUrl={url.com} bewUrl={null} to Redis
2026-02-26 11:49:01 [main] DEBUG io.lettuce.core.RedisChannelHandler - dispatching command AsyncCommand [type=SCAN, output=KeyScanOutput [output=io.lettuce.core.KeyScanCursor@35145874, error='null'], commandType=io.lettuce.core.protocol.Command]
2026-02-26 11:49:01 [main] DEBUG i.l.core.protocol.DefaultEndpoint - [channel=0x86364390, /127.0.0.1:59480 -> localhost/127.0.0.1:40465, epid=0x1] write() writeAndFlush command AsyncCommand [type=SCAN, output=KeyScanOutput [output=io.lettuce.core.KeyScanCursor@35145874, error='null'], commandType=io.lettuce.core.protocol.Command]
2026-02-26 11:49:01 [main] DEBUG i.l.core.protocol.DefaultEndpoint - [channel=0x86364390, /127.0.0.1:59480 -> localhost/127.0.0.1:40465, epid=0x1] write() done
2026-02-26 11:49:01 [lettuce-nioEventLoop-4-1] DEBUG i.l.core.protocol.CommandHandler - [channel=0x86364390, /127.0.0.1:59480 -> localhost/127.0.0.1:40465, epid=0x1, chid=0x1] write(ctx, AsyncCommand [type=SCAN, output=KeyScanOutput [output=io.lettuce.core.KeyScanCursor@35145874, error='null'], commandType=io.lettuce.core.protocol.Command], promise)
2026-02-26 11:49:01 [lettuce-nioEventLoop-4-1] DEBUG i.l.core.protocol.CommandEncoder - [channel=0x86364390, /127.0.0.1:59480 -> localhost/127.0.0.1:40465] writing command AsyncCommand [type=SCAN, output=KeyScanOutput [output=io.lettuce.core.KeyScanCursor@35145874, error='null'], commandType=io.lettuce.core.protocol.Command]
2026-02-26 11:49:01 [lettuce-nioEventLoop-4-1] DEBUG i.l.core.protocol.CommandHandler - [channel=0x86364390, /127.0.0.1:59480 -> localhost/127.0.0.1:40465, epid=0x1, chid=0x1] Received: 22 bytes, 1 commands in the stack
2026-02-26 11:49:01 [lettuce-nioEventLoop-4-1] DEBUG i.l.core.protocol.CommandHandler - [channel=0x86364390, /127.0.0.1:59480 -> localhost/127.0.0.1:40465, epid=0x1, chid=0x1] Stack contains: 1 commands
2026-02-26 11:49:01 [lettuce-nioEventLoop-4-1] DEBUG i.l.core.protocol.RedisStateMachine - Decode done, empty stack: true
2026-02-26 11:49:01 [lettuce-nioEventLoop-4-1] DEBUG i.l.core.protocol.CommandHandler - [channel=0x86364390, /127.0.0.1:59480 -> localhost/127.0.0.1:40465, epid=0x1, chid=0x1] Completing command AsyncCommand [type=SCAN, output=KeyScanOutput [output=io.lettuce.core.KeyScanCursor@35145874, error='null'], commandType=io.lettuce.core.protocol.Command]
2026-02-26 11:49:01 [main] DEBUG io.lettuce.core.RedisChannelHandler - dispatching command AsyncCommand [type=GET, output=ValueOutput [output=null, error='null'], commandType=io.lettuce.core.protocol.Command]
2026-02-26 11:49:01 [main] DEBUG i.l.core.protocol.DefaultEndpoint - [channel=0x86364390, /127.0.0.1:59480 -> localhost/127.0.0.1:40465, epid=0x1] write() writeAndFlush command AsyncCommand [type=GET, output=ValueOutput [output=null, error='null'], commandType=io.lettuce.core.protocol.Command]
2026-02-26 11:49:01 [main] DEBUG i.l.core.protocol.DefaultEndpoint - [channel=0x86364390, /127.0.0.1:59480 -> localhost/127.0.0.1:40465, epid=0x1] write() done
2026-02-26 11:49:01 [lettuce-nioEventLoop-4-1] DEBUG i.l.core.protocol.CommandHandler - [channel=0x86364390, /127.0.0.1:59480 -> localhost/127.0.0.1:40465, epid=0x1, chid=0x1] write(ctx, AsyncCommand [type=GET, output=ValueOutput [output=null, error='null'], commandType=io.lettuce.core.protocol.Command], promise)
2026-02-26 11:49:01 [lettuce-nioEventLoop-4-1] DEBUG i.l.core.protocol.CommandEncoder - [channel=0x86364390, /127.0.0.1:59480 -> localhost/127.0.0.1:40465] writing command AsyncCommand [type=GET, output=ValueOutput [output=null, error='null'], commandType=io.lettuce.core.protocol.Command]
2026-02-26 11:49:01 [lettuce-nioEventLoop-4-1] DEBUG i.l.core.protocol.CommandHandler - [channel=0x86364390, /127.0.0.1:59480 -> localhost/127.0.0.1:40465, epid=0x1, chid=0x1] Received: 13 bytes, 1 commands in the stack
2026-02-26 11:49:01 [lettuce-nioEventLoop-4-1] DEBUG i.l.core.protocol.CommandHandler - [channel=0x86364390, /127.0.0.1:59480 -> localhost/127.0.0.1:40465, epid=0x1, chid=0x1] Stack contains: 1 commands
2026-02-26 11:49:01 [lettuce-nioEventLoop-4-1] DEBUG i.l.core.protocol.RedisStateMachine - Decode done, empty stack: true
2026-02-26 11:49:01 [lettuce-nioEventLoop-4-1] DEBUG i.l.core.protocol.CommandHandler - [channel=0x86364390, /127.0.0.1:59480 -> localhost/127.0.0.1:40465, epid=0x1, chid=0x1] Completing command AsyncCommand [type=GET, output=ValueOutput [output=url.com, error='null'], commandType=io.lettuce.core.protocol.Command]
2026-02-26 11:49:01 [main] DEBUG io.lettuce.core.RedisChannelHandler - dispatching command AsyncCommand [type=SCAN, output=KeyScanOutput [output=io.lettuce.core.KeyScanCursor@18e4674d, error='null'], commandType=io.lettuce.core.protocol.Command]
2026-02-26 11:49:01 [main] DEBUG i.l.core.protocol.DefaultEndpoint - [channel=0x86364390, /127.0.0.1:59480 -> localhost/127.0.0.1:40465, epid=0x1] write() writeAndFlush command AsyncCommand [type=SCAN, output=KeyScanOutput [output=io.lettuce.core.KeyScanCursor@18e4674d, error='null'], commandType=io.lettuce.core.protocol.Command]
2026-02-26 11:49:01 [main] DEBUG i.l.core.protocol.DefaultEndpoint - [channel=0x86364390, /127.0.0.1:59480 -> localhost/127.0.0.1:40465, epid=0x1] write() done
2026-02-26 11:49:01 [lettuce-nioEventLoop-4-1] DEBUG i.l.core.protocol.CommandHandler - [channel=0x86364390, /127.0.0.1:59480 -> localhost/127.0.0.1:40465, epid=0x1, chid=0x1] write(ctx, AsyncCommand [type=SCAN, output=KeyScanOutput [output=io.lettuce.core.KeyScanCursor@18e4674d, error='null'], commandType=io.lettuce.core.protocol.Command], promise)
2026-02-26 11:49:01 [lettuce-nioEventLoop-4-1] DEBUG i.l.core.protocol.CommandEncoder - [channel=0x86364390, /127.0.0.1:59480 -> localhost/127.0.0.1:40465] writing command AsyncCommand [type=SCAN, output=KeyScanOutput [output=io.lettuce.core.KeyScanCursor@18e4674d, error='null'], commandType=io.lettuce.core.protocol.Command]
2026-02-26 11:49:01 [lettuce-nioEventLoop-4-1] DEBUG i.l.core.protocol.CommandHandler - [channel=0x86364390, /127.0.0.1:59480 -> localhost/127.0.0.1:40465, epid=0x1, chid=0x1] Received: 22 bytes, 1 commands in the stack
2026-02-26 11:49:01 [lettuce-nioEventLoop-4-1] DEBUG i.l.core.protocol.CommandHandler - [channel=0x86364390, /127.0.0.1:59480 -> localhost/127.0.0.1:40465, epid=0x1, chid=0x1] Stack contains: 1 commands
2026-02-26 11:49:01 [lettuce-nioEventLoop-4-1] DEBUG i.l.core.protocol.RedisStateMachine - Decode done, empty stack: true
2026-02-26 11:49:01 [lettuce-nioEventLoop-4-1] DEBUG i.l.core.protocol.CommandHandler - [channel=0x86364390, /127.0.0.1:59480 -> localhost/127.0.0.1:40465, epid=0x1, chid=0x1] Completing command AsyncCommand [type=SCAN, output=KeyScanOutput [output=io.lettuce.core.KeyScanCursor@18e4674d, error='null'], commandType=io.lettuce.core.protocol.Command]
2026-02-26 11:49:01 [main] DEBUG io.lettuce.core.RedisChannelHandler - dispatching command AsyncCommand [type=GET, output=ValueOutput [output=null, error='null'], commandType=io.lettuce.core.protocol.Command]
2026-02-26 11:49:01 [main] DEBUG i.l.core.protocol.DefaultEndpoint - [channel=0x86364390, /127.0.0.1:59480 -> localhost/127.0.0.1:40465, epid=0x1] write() writeAndFlush command AsyncCommand [type=GET, output=ValueOutput [output=null, error='null'], commandType=io.lettuce.core.protocol.Command]
2026-02-26 11:49:01 [main] DEBUG i.l.core.protocol.DefaultEndpoint - [channel=0x86364390, /127.0.0.1:59480 -> localhost/127.0.0.1:40465, epid=0x1] write() done
2026-02-26 11:49:01 [lettuce-nioEventLoop-4-1] DEBUG i.l.core.protocol.CommandHandler - [channel=0x86364390, /127.0.0.1:59480 -> localhost/127.0.0.1:40465, epid=0x1, chid=0x1] write(ctx, AsyncCommand [type=GET, output=ValueOutput [output=null, error='null'], commandType=io.lettuce.core.protocol.Command], promise)
2026-02-26 11:49:01 [lettuce-nioEventLoop-4-1] DEBUG i.l.core.protocol.CommandEncoder - [channel=0x86364390, /127.0.0.1:59480 -> localhost/127.0.0.1:40465] writing command AsyncCommand [type=GET, output=ValueOutput [output=null, error='null'], commandType=io.lettuce.core.protocol.Command]
2026-02-26 11:49:01 [lettuce-nioEventLoop-4-1] DEBUG i.l.core.protocol.CommandHandler - [channel=0x86364390, /127.0.0.1:59480 -> localhost/127.0.0.1:40465, epid=0x1, chid=0x1] Received: 13 bytes, 1 commands in the stack
2026-02-26 11:49:01 [lettuce-nioEventLoop-4-1] DEBUG i.l.core.protocol.CommandHandler - [channel=0x86364390, /127.0.0.1:59480 -> localhost/127.0.0.1:40465, epid=0x1, chid=0x1] Stack contains: 1 commands
2026-02-26 11:49:01 [lettuce-nioEventLoop-4-1] DEBUG i.l.core.protocol.RedisStateMachine - Decode done, empty stack: true
2026-02-26 11:49:01 [lettuce-nioEventLoop-4-1] DEBUG i.l.core.protocol.CommandHandler - [channel=0x86364390, /127.0.0.1:59480 -> localhost/127.0.0.1:40465, epid=0x1, chid=0x1] Completing command AsyncCommand [type=GET, output=ValueOutput [output=url.com, error='null'], commandType=io.lettuce.core.protocol.Command]
2026-02-26 11:49:01 [main] DEBUG io.lettuce.core.RedisChannelHandler - dispatching command AsyncCommand [type=GET, output=ValueOutput [output=null, error='null'], commandType=io.lettuce.core.protocol.Command]
2026-02-26 11:49:01 [main] DEBUG i.l.core.protocol.DefaultEndpoint - [channel=0x86364390, /127.0.0.1:59480 -> localhost/127.0.0.1:40465, epid=0x1] write() writeAndFlush command AsyncCommand [type=GET, output=ValueOutput [output=null, error='null'], commandType=io.lettuce.core.protocol.Command]
2026-02-26 11:49:01 [main] DEBUG i.l.core.protocol.DefaultEndpoint - [channel=0x86364390, /127.0.0.1:59480 -> localhost/127.0.0.1:40465, epid=0x1] write() done
2026-02-26 11:49:01 [lettuce-nioEventLoop-4-1] DEBUG i.l.core.protocol.CommandHandler - [channel=0x86364390, /127.0.0.1:59480 -> localhost/127.0.0.1:40465, epid=0x1, chid=0x1] write(ctx, AsyncCommand [type=GET, output=ValueOutput [output=null, error='null'], commandType=io.lettuce.core.protocol.Command], promise)
2026-02-26 11:49:01 [lettuce-nioEventLoop-4-1] DEBUG i.l.core.protocol.CommandEncoder - [channel=0x86364390, /127.0.0.1:59480 -> localhost/127.0.0.1:40465] writing command AsyncCommand [type=GET, output=ValueOutput [output=null, error='null'], commandType=io.lettuce.core.protocol.Command]
2026-02-26 11:49:01 [lettuce-nioEventLoop-4-1] DEBUG i.l.core.protocol.CommandHandler - [channel=0x86364390, /127.0.0.1:59480 -> localhost/127.0.0.1:40465, epid=0x1, chid=0x1] Received: 13 bytes, 1 commands in the stack
2026-02-26 11:49:01 [lettuce-nioEventLoop-4-1] DEBUG i.l.core.protocol.CommandHandler - [channel=0x86364390, /127.0.0.1:59480 -> localhost/127.0.0.1:40465, epid=0x1, chid=0x1] Stack contains: 1 commands
2026-02-26 11:49:01 [lettuce-nioEventLoop-4-1] DEBUG i.l.core.protocol.RedisStateMachine - Decode done, empty stack: true
2026-02-26 11:49:01 [lettuce-nioEventLoop-4-1] DEBUG i.l.core.protocol.CommandHandler - [channel=0x86364390, /127.0.0.1:59480 -> localhost/127.0.0.1:40465, epid=0x1, chid=0x1] Completing command AsyncCommand [type=GET, output=ValueOutput [output=url.com, error='null'], commandType=io.lettuce.core.protocol.Command]
2026-02-26 11:49:01 [main] DEBUG io.lettuce.core.RedisChannelHandler - dispatching command AsyncCommand [type=DEL, output=IntegerOutput [output=null, error='null'], commandType=io.lettuce.core.protocol.Command]
2026-02-26 11:49:01 [main] DEBUG i.l.core.protocol.DefaultEndpoint - [channel=0x86364390, /127.0.0.1:59480 -> localhost/127.0.0.1:40465, epid=0x1] write() writeAndFlush command AsyncCommand [type=DEL, output=IntegerOutput [output=null, error='null'], commandType=io.lettuce.core.protocol.Command]
2026-02-26 11:49:01 [main] DEBUG i.l.core.protocol.DefaultEndpoint - [channel=0x86364390, /127.0.0.1:59480 -> localhost/127.0.0.1:40465, epid=0x1] write() done
2026-02-26 11:49:01 [lettuce-nioEventLoop-4-1] DEBUG i.l.core.protocol.CommandHandler - [channel=0x86364390, /127.0.0.1:59480 -> localhost/127.0.0.1:40465, epid=0x1, chid=0x1] write(ctx, AsyncCommand [type=DEL, output=IntegerOutput [output=null, error='null'], commandType=io.lettuce.core.protocol.Command], promise)
2026-02-26 11:49:01 [lettuce-nioEventLoop-4-1] DEBUG i.l.core.protocol.CommandEncoder - [channel=0x86364390, /127.0.0.1:59480 -> localhost/127.0.0.1:40465] writing command AsyncCommand [type=DEL, output=IntegerOutput [output=null, error='null'], commandType=io.lettuce.core.protocol.Command]
2026-02-26 11:49:01 [lettuce-nioEventLoop-4-1] DEBUG i.l.core.protocol.CommandHandler - [channel=0x86364390, /127.0.0.1:59480 -> localhost/127.0.0.1:40465, epid=0x1, chid=0x1] Received: 4 bytes, 1 commands in the stack
2026-02-26 11:49:01 [lettuce-nioEventLoop-4-1] DEBUG i.l.core.protocol.CommandHandler - [channel=0x86364390, /127.0.0.1:59480 -> localhost/127.0.0.1:40465, epid=0x1, chid=0x1] Stack contains: 1 commands
2026-02-26 11:49:01 [lettuce-nioEventLoop-4-1] DEBUG i.l.core.protocol.RedisStateMachine - Decode done, empty stack: true
2026-02-26 11:49:01 [lettuce-nioEventLoop-4-1] DEBUG i.l.core.protocol.CommandHandler - [channel=0x86364390, /127.0.0.1:59480 -> localhost/127.0.0.1:40465, epid=0x1, chid=0x1] Completing command AsyncCommand [type=DEL, output=IntegerOutput [output=1, error='null'], commandType=io.lettuce.core.protocol.Command]
2026-02-26 11:49:01 [main] DEBUG o.e.r.redis.RedisRepository - Removed 1 from Redis storage
2026-02-26 11:49:01 [main] DEBUG io.lettuce.core.RedisChannelHandler - dispatching command AsyncCommand [type=GET, output=ValueOutput [output=null, error='null'], commandType=io.lettuce.core.protocol.Command]
2026-02-26 11:49:01 [main] DEBUG i.l.core.protocol.DefaultEndpoint - [channel=0x86364390, /127.0.0.1:59480 -> localhost/127.0.0.1:40465, epid=0x1] write() writeAndFlush command AsyncCommand [type=GET, output=ValueOutput [output=null, error='null'], commandType=io.lettuce.core.protocol.Command]
2026-02-26 11:49:01 [main] DEBUG i.l.core.protocol.DefaultEndpoint - [channel=0x86364390, /127.0.0.1:59480 -> localhost/127.0.0.1:40465, epid=0x1] write() done
2026-02-26 11:49:01 [lettuce-nioEventLoop-4-1] DEBUG i.l.core.protocol.CommandHandler - [channel=0x86364390, /127.0.0.1:59480 -> localhost/127.0.0.1:40465, epid=0x1, chid=0x1] write(ctx, AsyncCommand [type=GET, output=ValueOutput [output=null, error='null'], commandType=io.lettuce.core.protocol.Command], promise)
2026-02-26 11:49:01 [lettuce-nioEventLoop-4-1] DEBUG i.l.core.protocol.CommandEncoder - [channel=0x86364390, /127.0.0.1:59480 -> localhost/127.0.0.1:40465] writing command AsyncCommand [type=GET, output=ValueOutput [output=null, error='null'], commandType=io.lettuce.core.protocol.Command]
2026-02-26 11:49:01 [lettuce-nioEventLoop-4-1] DEBUG i.l.core.protocol.CommandHandler - [channel=0x86364390, /127.0.0.1:59480 -> localhost/127.0.0.1:40465, epid=0x1, chid=0x1] Received: 3 bytes, 1 commands in the stack
2026-02-26 11:49:01 [lettuce-nioEventLoop-4-1] DEBUG i.l.core.protocol.CommandHandler - [channel=0x86364390, /127.0.0.1:59480 -> localhost/127.0.0.1:40465, epid=0x1, chid=0x1] Stack contains: 1 commands
2026-02-26 11:49:01 [lettuce-nioEventLoop-4-1] DEBUG i.l.core.protocol.RedisStateMachine - Decode done, empty stack: true
2026-02-26 11:49:01 [lettuce-nioEventLoop-4-1] DEBUG i.l.core.protocol.CommandHandler - [channel=0x86364390, /127.0.0.1:59480 -> localhost/127.0.0.1:40465, epid=0x1, chid=0x1] Completing command AsyncCommand [type=GET, output=ValueOutput [output=null, error='null'], commandType=io.lettuce.core.protocol.Command]
2026-02-26 11:49:01 [main] DEBUG io.lettuce.core.RedisChannelHandler - dispatching command AsyncCommand [type=SETEX, output=StatusOutput [output=null, error='null'], commandType=io.lettuce.core.protocol.Command]
2026-02-26 11:49:01 [main] DEBUG i.l.core.protocol.DefaultEndpoint - [channel=0x86364390, /127.0.0.1:59480 -> localhost/127.0.0.1:40465, epid=0x1] write() writeAndFlush command AsyncCommand [type=SETEX, output=StatusOutput [output=null, error='null'], commandType=io.lettuce.core.protocol.Command]
2026-02-26 11:49:01 [main] DEBUG i.l.core.protocol.DefaultEndpoint - [channel=0x86364390, /127.0.0.1:59480 -> localhost/127.0.0.1:40465, epid=0x1] write() done
2026-02-26 11:49:01 [lettuce-nioEventLoop-4-1] DEBUG i.l.core.protocol.CommandHandler - [channel=0x86364390, /127.0.0.1:59480 -> localhost/127.0.0.1:40465, epid=0x1, chid=0x1] write(ctx, AsyncCommand [type=SETEX, output=StatusOutput [output=null, error='null'], commandType=io.lettuce.core.protocol.Command], promise)
2026-02-26 11:49:01 [lettuce-nioEventLoop-4-1] DEBUG i.l.core.protocol.CommandEncoder - [channel=0x86364390, /127.0.0.1:59480 -> localhost/127.0.0.1:40465] writing command AsyncCommand [type=SETEX, output=StatusOutput [output=null, error='null'], commandType=io.lettuce.core.protocol.Command]
2026-02-26 11:49:01 [lettuce-nioEventLoop-4-1] DEBUG i.l.core.protocol.CommandHandler - [channel=0x86364390, /127.0.0.1:59480 -> localhost/127.0.0.1:40465, epid=0x1, chid=0x1] Received: 5 bytes, 1 commands in the stack
2026-02-26 11:49:01 [lettuce-nioEventLoop-4-1] DEBUG i.l.core.protocol.CommandHandler - [channel=0x86364390, /127.0.0.1:59480 -> localhost/127.0.0.1:40465, epid=0x1, chid=0x1] Stack contains: 1 commands
2026-02-26 11:49:01 [lettuce-nioEventLoop-4-1] DEBUG i.l.core.protocol.RedisStateMachine - Decode done, empty stack: true
2026-02-26 11:49:01 [lettuce-nioEventLoop-4-1] DEBUG i.l.core.protocol.CommandHandler - [channel=0x86364390, /127.0.0.1:59480 -> localhost/127.0.0.1:40465, epid=0x1, chid=0x1] Completing command AsyncCommand [type=SETEX, output=StatusOutput [output=OK, error='null'], commandType=io.lettuce.core.protocol.Command]
2026-02-26 11:49:01 [main] DEBUG o.e.r.redis.RedisRepository - Added id={1} oldUrl={url.com} bewUrl={null} to Redis
2026-02-26 11:49:01 [main] DEBUG io.lettuce.core.RedisChannelHandler - dispatching command AsyncCommand [type=GET, output=ValueOutput [output=null, error='null'], commandType=io.lettuce.core.protocol.Command]
2026-02-26 11:49:01 [main] DEBUG i.l.core.protocol.DefaultEndpoint - [channel=0x86364390, /127.0.0.1:59480 -> localhost/127.0.0.1:40465, epid=0x1] write() writeAndFlush command AsyncCommand [type=GET, output=ValueOutput [output=null, error='null'], commandType=io.lettuce.core.protocol.Command]
2026-02-26 11:49:01 [main] DEBUG i.l.core.protocol.DefaultEndpoint - [channel=0x86364390, /127.0.0.1:59480 -> localhost/127.0.0.1:40465, epid=0x1] write() done
2026-02-26 11:49:01 [lettuce-nioEventLoop-4-1] DEBUG i.l.core.protocol.CommandHandler - [channel=0x86364390, /127.0.0.1:59480 -> localhost/127.0.0.1:40465, epid=0x1, chid=0x1] write(ctx, AsyncCommand [type=GET, output=ValueOutput [output=null, error='null'], commandType=io.lettuce.core.protocol.Command], promise)
2026-02-26 11:49:01 [lettuce-nioEventLoop-4-1] DEBUG i.l.core.protocol.CommandEncoder - [channel=0x86364390, /127.0.0.1:59480 -> localhost/127.0.0.1:40465] writing command AsyncCommand [type=GET, output=ValueOutput [output=null, error='null'], commandType=io.lettuce.core.protocol.Command]
2026-02-26 11:49:01 [lettuce-nioEventLoop-4-1] DEBUG i.l.core.protocol.CommandHandler - [channel=0x86364390, /127.0.0.1:59480 -> localhost/127.0.0.1:40465, epid=0x1, chid=0x1] Received: 13 bytes, 1 commands in the stack
2026-02-26 11:49:01 [lettuce-nioEventLoop-4-1] DEBUG i.l.core.protocol.CommandHandler - [channel=0x86364390, /127.0.0.1:59480 -> localhost/127.0.0.1:40465, epid=0x1, chid=0x1] Stack contains: 1 commands
2026-02-26 11:49:01 [lettuce-nioEventLoop-4-1] DEBUG i.l.core.protocol.RedisStateMachine - Decode done, empty stack: true
2026-02-26 11:49:01 [lettuce-nioEventLoop-4-1] DEBUG i.l.core.protocol.CommandHandler - [channel=0x86364390, /127.0.0.1:59480 -> localhost/127.0.0.1:40465, epid=0x1, chid=0x1] Completing command AsyncCommand [type=GET, output=ValueOutput [output=url.com, error='null'], commandType=io.lettuce.core.protocol.Command]
2026-02-26 11:49:01 [main] DEBUG io.lettuce.core.RedisChannelHandler - dispatching command AsyncCommand [type=SCAN, output=KeyScanOutput [output=io.lettuce.core.KeyScanCursor@1e1e837d, error='null'], commandType=io.lettuce.core.protocol.Command]
2026-02-26 11:49:01 [main] DEBUG i.l.core.protocol.DefaultEndpoint - [channel=0x86364390, /127.0.0.1:59480 -> localhost/127.0.0.1:40465, epid=0x1] write() writeAndFlush command AsyncCommand [type=SCAN, output=KeyScanOutput [output=io.lettuce.core.KeyScanCursor@1e1e837d, error='null'], commandType=io.lettuce.core.protocol.Command]
2026-02-26 11:49:01 [main] DEBUG i.l.core.protocol.DefaultEndpoint - [channel=0x86364390, /127.0.0.1:59480 -> localhost/127.0.0.1:40465, epid=0x1] write() done
2026-02-26 11:49:01 [lettuce-nioEventLoop-4-1] DEBUG i.l.core.protocol.CommandHandler - [channel=0x86364390, /127.0.0.1:59480 -> localhost/127.0.0.1:40465, epid=0x1, chid=0x1] write(ctx, AsyncCommand [type=SCAN, output=KeyScanOutput [output=io.lettuce.core.KeyScanCursor@1e1e837d, error='null'], commandType=io.lettuce.core.protocol.Command], promise)
2026-02-26 11:49:01 [lettuce-nioEventLoop-4-1] DEBUG i.l.core.protocol.CommandEncoder - [channel=0x86364390, /127.0.0.1:59480 -> localhost/127.0.0.1:40465] writing command AsyncCommand [type=SCAN, output=KeyScanOutput [output=io.lettuce.core.KeyScanCursor@1e1e837d, error='null'], commandType=io.lettuce.core.protocol.Command]
2026-02-26 11:49:01 [lettuce-nioEventLoop-4-1] DEBUG i.l.core.protocol.CommandHandler - [channel=0x86364390, /127.0.0.1:59480 -> localhost/127.0.0.1:40465, epid=0x1, chid=0x1] Received: 22 bytes, 1 commands in the stack
2026-02-26 11:49:01 [lettuce-nioEventLoop-4-1] DEBUG i.l.core.protocol.CommandHandler - [channel=0x86364390, /127.0.0.1:59480 -> localhost/127.0.0.1:40465, epid=0x1, chid=0x1] Stack contains: 1 commands
2026-02-26 11:49:01 [lettuce-nioEventLoop-4-1] DEBUG i.l.core.protocol.RedisStateMachine - Decode done, empty stack: true
2026-02-26 11:49:01 [lettuce-nioEventLoop-4-1] DEBUG i.l.core.protocol.CommandHandler - [channel=0x86364390, /127.0.0.1:59480 -> localhost/127.0.0.1:40465, epid=0x1, chid=0x1] Completing command AsyncCommand [type=SCAN, output=KeyScanOutput [output=io.lettuce.core.KeyScanCursor@1e1e837d, error='null'], commandType=io.lettuce.core.protocol.Command]
2026-02-26 11:49:01 [main] DEBUG io.lettuce.core.RedisChannelHandler - dispatching command AsyncCommand [type=GET, output=ValueOutput [output=null, error='null'], commandType=io.lettuce.core.protocol.Command]
2026-02-26 11:49:01 [main] DEBUG i.l.core.protocol.DefaultEndpoint - [channel=0x86364390, /127.0.0.1:59480 -> localhost/127.0.0.1:40465, epid=0x1] write() writeAndFlush command AsyncCommand [type=GET, output=ValueOutput [output=null, error='null'], commandType=io.lettuce.core.protocol.Command]
2026-02-26 11:49:01 [main] DEBUG i.l.core.protocol.DefaultEndpoint - [channel=0x86364390, /127.0.0.1:59480 -> localhost/127.0.0.1:40465, epid=0x1] write() done
2026-02-26 11:49:01 [lettuce-nioEventLoop-4-1] DEBUG i.l.core.protocol.CommandHandler - [channel=0x86364390, /127.0.0.1:59480 -> localhost/127.0.0.1:40465, epid=0x1, chid=0x1] write(ctx, AsyncCommand [type=GET, output=ValueOutput [output=null, error='null'], commandType=io.lettuce.core.protocol.Command], promise)
2026-02-26 11:49:01 [lettuce-nioEventLoop-4-1] DEBUG i.l.core.protocol.CommandEncoder - [channel=0x86364390, /127.0.0.1:59480 -> localhost/127.0.0.1:40465] writing command AsyncCommand [type=GET, output=ValueOutput [output=null, error='null'], commandType=io.lettuce.core.protocol.Command]
2026-02-26 11:49:01 [lettuce-nioEventLoop-4-1] DEBUG i.l.core.protocol.CommandHandler - [channel=0x86364390, /127.0.0.1:59480 -> localhost/127.0.0.1:40465, epid=0x1, chid=0x1] Received: 13 bytes, 1 commands in the stack
2026-02-26 11:49:01 [lettuce-nioEventLoop-4-1] DEBUG i.l.core.protocol.CommandHandler - [channel=0x86364390, /127.0.0.1:59480 -> localhost/127.0.0.1:40465, epid=0x1, chid=0x1] Stack contains: 1 commands
2026-02-26 11:49:01 [lettuce-nioEventLoop-4-1] DEBUG i.l.core.protocol.RedisStateMachine - Decode done, empty stack: true
2026-02-26 11:49:01 [lettuce-nioEventLoop-4-1] DEBUG i.l.core.protocol.CommandHandler - [channel=0x86364390, /127.0.0.1:59480 -> localhost/127.0.0.1:40465, epid=0x1, chid=0x1] Completing command AsyncCommand [type=GET, output=ValueOutput [output=url.com, error='null'], commandType=io.lettuce.core.protocol.Command]
2026-02-26 11:49:01 [main] DEBUG io.lettuce.core.RedisChannelHandler - dispatching command AsyncCommand [type=GET, output=ValueOutput [output=null, error='null'], commandType=io.lettuce.core.protocol.Command]
2026-02-26 11:49:01 [main] DEBUG i.l.core.protocol.DefaultEndpoint - [channel=0x86364390, /127.0.0.1:59480 -> localhost/127.0.0.1:40465, epid=0x1] write() writeAndFlush command AsyncCommand [type=GET, output=ValueOutput [output=null, error='null'], commandType=io.lettuce.core.protocol.Command]
2026-02-26 11:49:01 [main] DEBUG i.l.core.protocol.DefaultEndpoint - [channel=0x86364390, /127.0.0.1:59480 -> localhost/127.0.0.1:40465, epid=0x1] write() done
2026-02-26 11:49:01 [lettuce-nioEventLoop-4-1] DEBUG i.l.core.protocol.CommandHandler - [channel=0x86364390, /127.0.0.1:59480 -> localhost/127.0.0.1:40465, epid=0x1, chid=0x1] write(ctx, AsyncCommand [type=GET, output=ValueOutput [output=null, error='null'], commandType=io.lettuce.core.protocol.Command], promise)
2026-02-26 11:49:01 [lettuce-nioEventLoop-4-1] DEBUG i.l.core.protocol.CommandEncoder - [channel=0x86364390, /127.0.0.1:59480 -> localhost/127.0.0.1:40465] writing command AsyncCommand [type=GET, output=ValueOutput [output=null, error='null'], commandType=io.lettuce.core.protocol.Command]
2026-02-26 11:49:01 [lettuce-nioEventLoop-4-1] DEBUG i.l.core.protocol.CommandHandler - [channel=0x86364390, /127.0.0.1:59480 -> localhost/127.0.0.1:40465, epid=0x1, chid=0x1] Received: 13 bytes, 1 commands in the stack
2026-02-26 11:49:01 [lettuce-nioEventLoop-4-1] DEBUG i.l.core.protocol.CommandHandler - [channel=0x86364390, /127.0.0.1:59480 -> localhost/127.0.0.1:40465, epid=0x1, chid=0x1] Stack contains: 1 commands
2026-02-26 11:49:01 [lettuce-nioEventLoop-4-1] DEBUG i.l.core.protocol.RedisStateMachine - Decode done, empty stack: true
2026-02-26 11:49:01 [lettuce-nioEventLoop-4-1] DEBUG i.l.core.protocol.CommandHandler - [channel=0x86364390, /127.0.0.1:59480 -> localhost/127.0.0.1:40465, epid=0x1, chid=0x1] Completing command AsyncCommand [type=GET, output=ValueOutput [output=url.com, error='null'], commandType=io.lettuce.core.protocol.Command]
2026-02-26 11:49:01 [main] DEBUG io.lettuce.core.RedisChannelHandler - dispatching command AsyncCommand [type=GET, output=ValueOutput [output=null, error='null'], commandType=io.lettuce.core.protocol.Command]
2026-02-26 11:49:01 [main] DEBUG i.l.core.protocol.DefaultEndpoint - [channel=0x86364390, /127.0.0.1:59480 -> localhost/127.0.0.1:40465, epid=0x1] write() writeAndFlush command AsyncCommand [type=GET, output=ValueOutput [output=null, error='null'], commandType=io.lettuce.core.protocol.Command]
2026-02-26 11:49:01 [main] DEBUG i.l.core.protocol.DefaultEndpoint - [channel=0x86364390, /127.0.0.1:59480 -> localhost/127.0.0.1:40465, epid=0x1] write() done
2026-02-26 11:49:01 [lettuce-nioEventLoop-4-1] DEBUG i.l.core.protocol.CommandHandler - [channel=0x86364390, /127.0.0.1:59480 -> localhost/127.0.0.1:40465, epid=0x1, chid=0x1] write(ctx, AsyncCommand [type=GET, output=ValueOutput [output=null, error='null'], commandType=io.lettuce.core.protocol.Command], promise)
2026-02-26 11:49:01 [lettuce-nioEventLoop-4-1] DEBUG i.l.core.protocol.CommandEncoder - [channel=0x86364390, /127.0.0.1:59480 -> localhost/127.0.0.1:40465] writing command AsyncCommand [type=GET, output=ValueOutput [output=null, error='null'], commandType=io.lettuce.core.protocol.Command]
2026-02-26 11:49:01 [lettuce-nioEventLoop-4-1] DEBUG i.l.core.protocol.CommandHandler - [channel=0x86364390, /127.0.0.1:59480 -> localhost/127.0.0.1:40465, epid=0x1, chid=0x1] Received: 13 bytes, 1 commands in the stack
2026-02-26 11:49:01 [lettuce-nioEventLoop-4-1] DEBUG i.l.core.protocol.CommandHandler - [channel=0x86364390, /127.0.0.1:59480 -> localhost/127.0.0.1:40465, epid=0x1, chid=0x1] Stack contains: 1 commands
2026-02-26 11:49:01 [lettuce-nioEventLoop-4-1] DEBUG i.l.core.protocol.RedisStateMachine - Decode done, empty stack: true
2026-02-26 11:49:01 [lettuce-nioEventLoop-4-1] DEBUG i.l.core.protocol.CommandHandler - [channel=0x86364390, /127.0.0.1:59480 -> localhost/127.0.0.1:40465, epid=0x1, chid=0x1] Completing command AsyncCommand [type=GET, output=ValueOutput [output=url.com, error='null'], commandType=io.lettuce.core.protocol.Command]
2026-02-26 11:49:01 [main] DEBUG o.e.r.redis.RedisRepository - Found and returning id={1} oldUrl={url.com} bewUrl={null}
2026-02-26 11:49:01 [main] DEBUG io.lettuce.core.RedisChannelHandler - dispatching command AsyncCommand [type=SCAN, output=KeyScanOutput [output=io.lettuce.core.KeyScanCursor@5ec6fede, error='null'], commandType=io.lettuce.core.protocol.Command]
2026-02-26 11:49:01 [main] DEBUG i.l.core.protocol.DefaultEndpoint - [channel=0x86364390, /127.0.0.1:59480 -> localhost/127.0.0.1:40465, epid=0x1] write() writeAndFlush command AsyncCommand [type=SCAN, output=KeyScanOutput [output=io.lettuce.core.KeyScanCursor@5ec6fede, error='null'], commandType=io.lettuce.core.protocol.Command]
2026-02-26 11:49:01 [main] DEBUG i.l.core.protocol.DefaultEndpoint - [channel=0x86364390, /127.0.0.1:59480 -> localhost/127.0.0.1:40465, epid=0x1] write() done
2026-02-26 11:49:01 [lettuce-nioEventLoop-4-1] DEBUG i.l.core.protocol.CommandHandler - [channel=0x86364390, /127.0.0.1:59480 -> localhost/127.0.0.1:40465, epid=0x1, chid=0x1] write(ctx, AsyncCommand [type=SCAN, output=KeyScanOutput [output=io.lettuce.core.KeyScanCursor@5ec6fede, error='null'], commandType=io.lettuce.core.protocol.Command], promise)
2026-02-26 11:49:01 [lettuce-nioEventLoop-4-1] DEBUG i.l.core.protocol.CommandEncoder - [channel=0x86364390, /127.0.0.1:59480 -> localhost/127.0.0.1:40465] writing command AsyncCommand [type=SCAN, output=KeyScanOutput [output=io.lettuce.core.KeyScanCursor@5ec6fede, error='null'], commandType=io.lettuce.core.protocol.Command]
2026-02-26 11:49:01 [lettuce-nioEventLoop-4-1] DEBUG i.l.core.protocol.CommandHandler - [channel=0x86364390, /127.0.0.1:59480 -> localhost/127.0.0.1:40465, epid=0x1, chid=0x1] Received: 22 bytes, 1 commands in the stack
2026-02-26 11:49:01 [lettuce-nioEventLoop-4-1] DEBUG i.l.core.protocol.CommandHandler - [channel=0x86364390, /127.0.0.1:59480 -> localhost/127.0.0.1:40465, epid=0x1, chid=0x1] Stack contains: 1 commands
2026-02-26 11:49:01 [lettuce-nioEventLoop-4-1] DEBUG i.l.core.protocol.RedisStateMachine - Decode done, empty stack: true
2026-02-26 11:49:01 [lettuce-nioEventLoop-4-1] DEBUG i.l.core.protocol.CommandHandler - [channel=0x86364390, /127.0.0.1:59480 -> localhost/127.0.0.1:40465, epid=0x1, chid=0x1] Completing command AsyncCommand [type=SCAN, output=KeyScanOutput [output=io.lettuce.core.KeyScanCursor@5ec6fede, error='null'], commandType=io.lettuce.core.protocol.Command]
2026-02-26 11:49:01 [main] DEBUG io.lettuce.core.RedisChannelHandler - dispatching command AsyncCommand [type=GET, output=ValueOutput [output=null, error='null'], commandType=io.lettuce.core.protocol.Command]
2026-02-26 11:49:01 [main] DEBUG i.l.core.protocol.DefaultEndpoint - [channel=0x86364390, /127.0.0.1:59480 -> localhost/127.0.0.1:40465, epid=0x1] write() writeAndFlush command AsyncCommand [type=GET, output=ValueOutput [output=null, error='null'], commandType=io.lettuce.core.protocol.Command]
2026-02-26 11:49:01 [main] DEBUG i.l.core.protocol.DefaultEndpoint - [channel=0x86364390, /127.0.0.1:59480 -> localhost/127.0.0.1:40465, epid=0x1] write() done
2026-02-26 11:49:01 [lettuce-nioEventLoop-4-1] DEBUG i.l.core.protocol.CommandHandler - [channel=0x86364390, /127.0.0.1:59480 -> localhost/127.0.0.1:40465, epid=0x1, chid=0x1] write(ctx, AsyncCommand [type=GET, output=ValueOutput [output=null, error='null'], commandType=io.lettuce.core.protocol.Command], promise)
2026-02-26 11:49:01 [lettuce-nioEventLoop-4-1] DEBUG i.l.core.protocol.CommandEncoder - [channel=0x86364390, /127.0.0.1:59480 -> localhost/127.0.0.1:40465] writing command AsyncCommand [type=GET, output=ValueOutput [output=null, error='null'], commandType=io.lettuce.core.protocol.Command]
2026-02-26 11:49:01 [lettuce-nioEventLoop-4-1] DEBUG i.l.core.protocol.CommandHandler - [channel=0x86364390, /127.0.0.1:59480 -> localhost/127.0.0.1:40465, epid=0x1, chid=0x1] Received: 13 bytes, 1 commands in the stack
2026-02-26 11:49:01 [lettuce-nioEventLoop-4-1] DEBUG i.l.core.protocol.CommandHandler - [channel=0x86364390, /127.0.0.1:59480 -> localhost/127.0.0.1:40465, epid=0x1, chid=0x1] Stack contains: 1 commands
2026-02-26 11:49:01 [lettuce-nioEventLoop-4-1] DEBUG i.l.core.protocol.RedisStateMachine - Decode done, empty stack: true
2026-02-26 11:49:01 [lettuce-nioEventLoop-4-1] DEBUG i.l.core.protocol.CommandHandler - [channel=0x86364390, /127.0.0.1:59480 -> localhost/127.0.0.1:40465, epid=0x1, chid=0x1] Completing command AsyncCommand [type=GET, output=ValueOutput [output=url.com, error='null'], commandType=io.lettuce.core.protocol.Command]
2026-02-26 11:49:01 [main] DEBUG io.lettuce.core.RedisChannelHandler - dispatching command AsyncCommand [type=GET, output=ValueOutput [output=null, error='null'], commandType=io.lettuce.core.protocol.Command]
2026-02-26 11:49:01 [main] DEBUG i.l.core.protocol.DefaultEndpoint - [channel=0x86364390, /127.0.0.1:59480 -> localhost/127.0.0.1:40465, epid=0x1] write() writeAndFlush command AsyncCommand [type=GET, output=ValueOutput [output=null, error='null'], commandType=io.lettuce.core.protocol.Command]
2026-02-26 11:49:01 [main] DEBUG i.l.core.protocol.DefaultEndpoint - [channel=0x86364390, /127.0.0.1:59480 -> localhost/127.0.0.1:40465, epid=0x1] write() done
2026-02-26 11:49:01 [lettuce-nioEventLoop-4-1] DEBUG i.l.core.protocol.CommandHandler - [channel=0x86364390, /127.0.0.1:59480 -> localhost/127.0.0.1:40465, epid=0x1, chid=0x1] write(ctx, AsyncCommand [type=GET, output=ValueOutput [output=null, error='null'], commandType=io.lettuce.core.protocol.Command], promise)
2026-02-26 11:49:01 [lettuce-nioEventLoop-4-1] DEBUG i.l.core.protocol.CommandEncoder - [channel=0x86364390, /127.0.0.1:59480 -> localhost/127.0.0.1:40465] writing command AsyncCommand [type=GET, output=ValueOutput [output=null, error='null'], commandType=io.lettuce.core.protocol.Command]
2026-02-26 11:49:01 [lettuce-nioEventLoop-4-1] DEBUG i.l.core.protocol.CommandHandler - [channel=0x86364390, /127.0.0.1:59480 -> localhost/127.0.0.1:40465, epid=0x1, chid=0x1] Received: 13 bytes, 1 commands in the stack
2026-02-26 11:49:01 [lettuce-nioEventLoop-4-1] DEBUG i.l.core.protocol.CommandHandler - [channel=0x86364390, /127.0.0.1:59480 -> localhost/127.0.0.1:40465, epid=0x1, chid=0x1] Stack contains: 1 commands
2026-02-26 11:49:01 [lettuce-nioEventLoop-4-1] DEBUG i.l.core.protocol.RedisStateMachine - Decode done, empty stack: true
2026-02-26 11:49:01 [lettuce-nioEventLoop-4-1] DEBUG i.l.core.protocol.CommandHandler - [channel=0x86364390, /127.0.0.1:59480 -> localhost/127.0.0.1:40465, epid=0x1, chid=0x1] Completing command AsyncCommand [type=GET, output=ValueOutput [output=url.com, error='null'], commandType=io.lettuce.core.protocol.Command]
2026-02-26 11:49:01 [main] DEBUG io.lettuce.core.RedisChannelHandler - dispatching command AsyncCommand [type=DEL, output=IntegerOutput [output=null, error='null'], commandType=io.lettuce.core.protocol.Command]
2026-02-26 11:49:01 [main] DEBUG i.l.core.protocol.DefaultEndpoint - [channel=0x86364390, /127.0.0.1:59480 -> localhost/127.0.0.1:40465, epid=0x1] write() writeAndFlush command AsyncCommand [type=DEL, output=IntegerOutput [output=null, error='null'], commandType=io.lettuce.core.protocol.Command]
2026-02-26 11:49:01 [main] DEBUG i.l.core.protocol.DefaultEndpoint - [channel=0x86364390, /127.0.0.1:59480 -> localhost/127.0.0.1:40465, epid=0x1] write() done
2026-02-26 11:49:01 [lettuce-nioEventLoop-4-1] DEBUG i.l.core.protocol.CommandHandler - [channel=0x86364390, /127.0.0.1:59480 -> localhost/127.0.0.1:40465, epid=0x1, chid=0x1] write(ctx, AsyncCommand [type=DEL, output=IntegerOutput [output=null, error='null'], commandType=io.lettuce.core.protocol.Command], promise)
2026-02-26 11:49:01 [lettuce-nioEventLoop-4-1] DEBUG i.l.core.protocol.CommandEncoder - [channel=0x86364390, /127.0.0.1:59480 -> localhost/127.0.0.1:40465] writing command AsyncCommand [type=DEL, output=IntegerOutput [output=null, error='null'], commandType=io.lettuce.core.protocol.Command]
2026-02-26 11:49:01 [lettuce-nioEventLoop-4-1] DEBUG i.l.core.protocol.CommandHandler - [channel=0x86364390, /127.0.0.1:59480 -> localhost/127.0.0.1:40465, epid=0x1, chid=0x1] Received: 4 bytes, 1 commands in the stack
2026-02-26 11:49:01 [lettuce-nioEventLoop-4-1] DEBUG i.l.core.protocol.CommandHandler - [channel=0x86364390, /127.0.0.1:59480 -> localhost/127.0.0.1:40465, epid=0x1, chid=0x1] Stack contains: 1 commands
2026-02-26 11:49:01 [lettuce-nioEventLoop-4-1] DEBUG i.l.core.protocol.RedisStateMachine - Decode done, empty stack: true
2026-02-26 11:49:01 [lettuce-nioEventLoop-4-1] DEBUG i.l.core.protocol.CommandHandler - [channel=0x86364390, /127.0.0.1:59480 -> localhost/127.0.0.1:40465, epid=0x1, chid=0x1] Completing command AsyncCommand [type=DEL, output=IntegerOutput [output=1, error='null'], commandType=io.lettuce.core.protocol.Command]
2026-02-26 11:49:01 [main] DEBUG o.e.r.redis.RedisRepository - Removed 1 from Redis storage
2026-02-26 11:49:01 [main] DEBUG io.lettuce.core.RedisChannelHandler - dispatching command AsyncCommand [type=GET, output=ValueOutput [output=null, error='null'], commandType=io.lettuce.core.protocol.Command]
2026-02-26 11:49:01 [main] DEBUG i.l.core.protocol.DefaultEndpoint - [channel=0x86364390, /127.0.0.1:59480 -> localhost/127.0.0.1:40465, epid=0x1] write() writeAndFlush command AsyncCommand [type=GET, output=ValueOutput [output=null, error='null'], commandType=io.lettuce.core.protocol.Command]
2026-02-26 11:49:01 [main] DEBUG i.l.core.protocol.DefaultEndpoint - [channel=0x86364390, /127.0.0.1:59480 -> localhost/127.0.0.1:40465, epid=0x1] write() done
2026-02-26 11:49:01 [lettuce-nioEventLoop-4-1] DEBUG i.l.core.protocol.CommandHandler - [channel=0x86364390, /127.0.0.1:59480 -> localhost/127.0.0.1:40465, epid=0x1, chid=0x1] write(ctx, AsyncCommand [type=GET, output=ValueOutput [output=null, error='null'], commandType=io.lettuce.core.protocol.Command], promise)
2026-02-26 11:49:01 [lettuce-nioEventLoop-4-1] DEBUG i.l.core.protocol.CommandEncoder - [channel=0x86364390, /127.0.0.1:59480 -> localhost/127.0.0.1:40465] writing command AsyncCommand [type=GET, output=ValueOutput [output=null, error='null'], commandType=io.lettuce.core.protocol.Command]
2026-02-26 11:49:01 [lettuce-nioEventLoop-4-1] DEBUG i.l.core.protocol.CommandHandler - [channel=0x86364390, /127.0.0.1:59480 -> localhost/127.0.0.1:40465, epid=0x1, chid=0x1] Received: 3 bytes, 1 commands in the stack
2026-02-26 11:49:01 [lettuce-nioEventLoop-4-1] DEBUG i.l.core.protocol.CommandHandler - [channel=0x86364390, /127.0.0.1:59480 -> localhost/127.0.0.1:40465, epid=0x1, chid=0x1] Stack contains: 1 commands
2026-02-26 11:49:01 [lettuce-nioEventLoop-4-1] DEBUG i.l.core.protocol.RedisStateMachine - Decode done, empty stack: true
2026-02-26 11:49:01 [lettuce-nioEventLoop-4-1] DEBUG i.l.core.protocol.CommandHandler - [channel=0x86364390, /127.0.0.1:59480 -> localhost/127.0.0.1:40465, epid=0x1, chid=0x1] Completing command AsyncCommand [type=GET, output=ValueOutput [output=null, error='null'], commandType=io.lettuce.core.protocol.Command]
2026-02-26 11:49:01 [main] DEBUG io.lettuce.core.RedisChannelHandler - dispatching command AsyncCommand [type=SETEX, output=StatusOutput [output=null, error='null'], commandType=io.lettuce.core.protocol.Command]
2026-02-26 11:49:01 [main] DEBUG i.l.core.protocol.DefaultEndpoint - [channel=0x86364390, /127.0.0.1:59480 -> localhost/127.0.0.1:40465, epid=0x1] write() writeAndFlush command AsyncCommand [type=SETEX, output=StatusOutput [output=null, error='null'], commandType=io.lettuce.core.protocol.Command]
2026-02-26 11:49:01 [main] DEBUG i.l.core.protocol.DefaultEndpoint - [channel=0x86364390, /127.0.0.1:59480 -> localhost/127.0.0.1:40465, epid=0x1] write() done
2026-02-26 11:49:01 [lettuce-nioEventLoop-4-1] DEBUG i.l.core.protocol.CommandHandler - [channel=0x86364390, /127.0.0.1:59480 -> localhost/127.0.0.1:40465, epid=0x1, chid=0x1] write(ctx, AsyncCommand [type=SETEX, output=StatusOutput [output=null, error='null'], commandType=io.lettuce.core.protocol.Command], promise)
2026-02-26 11:49:01 [lettuce-nioEventLoop-4-1] DEBUG i.l.core.protocol.CommandEncoder - [channel=0x86364390, /127.0.0.1:59480 -> localhost/127.0.0.1:40465] writing command AsyncCommand [type=SETEX, output=StatusOutput [output=null, error='null'], commandType=io.lettuce.core.protocol.Command]
2026-02-26 11:49:01 [lettuce-nioEventLoop-4-1] DEBUG i.l.core.protocol.CommandHandler - [channel=0x86364390, /127.0.0.1:59480 -> localhost/127.0.0.1:40465, epid=0x1, chid=0x1] Received: 5 bytes, 1 commands in the stack
2026-02-26 11:49:01 [lettuce-nioEventLoop-4-1] DEBUG i.l.core.protocol.CommandHandler - [channel=0x86364390, /127.0.0.1:59480 -> localhost/127.0.0.1:40465, epid=0x1, chid=0x1] Stack contains: 1 commands
2026-02-26 11:49:01 [lettuce-nioEventLoop-4-1] DEBUG i.l.core.protocol.RedisStateMachine - Decode done, empty stack: true
2026-02-26 11:49:01 [lettuce-nioEventLoop-4-1] DEBUG i.l.core.protocol.CommandHandler - [channel=0x86364390, /127.0.0.1:59480 -> localhost/127.0.0.1:40465, epid=0x1, chid=0x1] Completing command AsyncCommand [type=SETEX, output=StatusOutput [output=OK, error='null'], commandType=io.lettuce.core.protocol.Command]
2026-02-26 11:49:01 [main] DEBUG o.e.r.redis.RedisRepository - Added id={1} oldUrl={url.com} bewUrl={null} to Redis
2026-02-26 11:49:01 [main] DEBUG io.lettuce.core.RedisChannelHandler - dispatching command AsyncCommand [type=GET, output=ValueOutput [output=null, error='null'], commandType=io.lettuce.core.protocol.Command]
2026-02-26 11:49:01 [main] DEBUG i.l.core.protocol.DefaultEndpoint - [channel=0x86364390, /127.0.0.1:59480 -> localhost/127.0.0.1:40465, epid=0x1] write() writeAndFlush command AsyncCommand [type=GET, output=ValueOutput [output=null, error='null'], commandType=io.lettuce.core.protocol.Command]
2026-02-26 11:49:01 [main] DEBUG i.l.core.protocol.DefaultEndpoint - [channel=0x86364390, /127.0.0.1:59480 -> localhost/127.0.0.1:40465, epid=0x1] write() done
2026-02-26 11:49:01 [lettuce-nioEventLoop-4-1] DEBUG i.l.core.protocol.CommandHandler - [channel=0x86364390, /127.0.0.1:59480 -> localhost/127.0.0.1:40465, epid=0x1, chid=0x1] write(ctx, AsyncCommand [type=GET, output=ValueOutput [output=null, error='null'], commandType=io.lettuce.core.protocol.Command], promise)
2026-02-26 11:49:01 [lettuce-nioEventLoop-4-1] DEBUG i.l.core.protocol.CommandEncoder - [channel=0x86364390, /127.0.0.1:59480 -> localhost/127.0.0.1:40465] writing command AsyncCommand [type=GET, output=ValueOutput [output=null, error='null'], commandType=io.lettuce.core.protocol.Command]
2026-02-26 11:49:01 [lettuce-nioEventLoop-4-1] DEBUG i.l.core.protocol.CommandHandler - [channel=0x86364390, /127.0.0.1:59480 -> localhost/127.0.0.1:40465, epid=0x1, chid=0x1] Received: 3 bytes, 1 commands in the stack
2026-02-26 11:49:01 [lettuce-nioEventLoop-4-1] DEBUG i.l.core.protocol.CommandHandler - [channel=0x86364390, /127.0.0.1:59480 -> localhost/127.0.0.1:40465, epid=0x1, chid=0x1] Stack contains: 1 commands
2026-02-26 11:49:01 [lettuce-nioEventLoop-4-1] DEBUG i.l.core.protocol.RedisStateMachine - Decode done, empty stack: true
2026-02-26 11:49:01 [lettuce-nioEventLoop-4-1] DEBUG i.l.core.protocol.CommandHandler - [channel=0x86364390, /127.0.0.1:59480 -> localhost/127.0.0.1:40465, epid=0x1, chid=0x1] Completing command AsyncCommand [type=GET, output=ValueOutput [output=null, error='null'], commandType=io.lettuce.core.protocol.Command]
2026-02-26 11:49:01 [main] DEBUG io.lettuce.core.RedisChannelHandler - dispatching command AsyncCommand [type=SCAN, output=KeyScanOutput [output=io.lettuce.core.KeyScanCursor@8fcc534, error='null'], commandType=io.lettuce.core.protocol.Command]
2026-02-26 11:49:01 [main] DEBUG i.l.core.protocol.DefaultEndpoint - [channel=0x86364390, /127.0.0.1:59480 -> localhost/127.0.0.1:40465, epid=0x1] write() writeAndFlush command AsyncCommand [type=SCAN, output=KeyScanOutput [output=io.lettuce.core.KeyScanCursor@8fcc534, error='null'], commandType=io.lettuce.core.protocol.Command]
2026-02-26 11:49:01 [main] DEBUG i.l.core.protocol.DefaultEndpoint - [channel=0x86364390, /127.0.0.1:59480 -> localhost/127.0.0.1:40465, epid=0x1] write() done
2026-02-26 11:49:01 [lettuce-nioEventLoop-4-1] DEBUG i.l.core.protocol.CommandHandler - [channel=0x86364390, /127.0.0.1:59480 -> localhost/127.0.0.1:40465, epid=0x1, chid=0x1] write(ctx, AsyncCommand [type=SCAN, output=KeyScanOutput [output=io.lettuce.core.KeyScanCursor@8fcc534, error='null'], commandType=io.lettuce.core.protocol.Command], promise)
2026-02-26 11:49:01 [lettuce-nioEventLoop-4-1] DEBUG i.l.core.protocol.CommandEncoder - [channel=0x86364390, /127.0.0.1:59480 -> localhost/127.0.0.1:40465] writing command AsyncCommand [type=SCAN, output=KeyScanOutput [output=io.lettuce.core.KeyScanCursor@8fcc534, error='null'], commandType=io.lettuce.core.protocol.Command]
2026-02-26 11:49:01 [lettuce-nioEventLoop-4-1] DEBUG i.l.core.protocol.CommandHandler - [channel=0x86364390, /127.0.0.1:59480 -> localhost/127.0.0.1:40465, epid=0x1, chid=0x1] Received: 22 bytes, 1 commands in the stack
2026-02-26 11:49:01 [lettuce-nioEventLoop-4-1] DEBUG i.l.core.protocol.CommandHandler - [channel=0x86364390, /127.0.0.1:59480 -> localhost/127.0.0.1:40465, epid=0x1, chid=0x1] Stack contains: 1 commands
2026-02-26 11:49:01 [lettuce-nioEventLoop-4-1] DEBUG i.l.core.protocol.RedisStateMachine - Decode done, empty stack: true
2026-02-26 11:49:01 [lettuce-nioEventLoop-4-1] DEBUG i.l.core.protocol.CommandHandler - [channel=0x86364390, /127.0.0.1:59480 -> localhost/127.0.0.1:40465, epid=0x1, chid=0x1] Completing command AsyncCommand [type=SCAN, output=KeyScanOutput [output=io.lettuce.core.KeyScanCursor@8fcc534, error='null'], commandType=io.lettuce.core.protocol.Command]
2026-02-26 11:49:01 [main] DEBUG io.lettuce.core.RedisChannelHandler - dispatching command AsyncCommand [type=GET, output=ValueOutput [output=null, error='null'], commandType=io.lettuce.core.protocol.Command]
2026-02-26 11:49:01 [main] DEBUG i.l.core.protocol.DefaultEndpoint - [channel=0x86364390, /127.0.0.1:59480 -> localhost/127.0.0.1:40465, epid=0x1] write() writeAndFlush command AsyncCommand [type=GET, output=ValueOutput [output=null, error='null'], commandType=io.lettuce.core.protocol.Command]
2026-02-26 11:49:01 [main] DEBUG i.l.core.protocol.DefaultEndpoint - [channel=0x86364390, /127.0.0.1:59480 -> localhost/127.0.0.1:40465, epid=0x1] write() done
2026-02-26 11:49:01 [lettuce-nioEventLoop-4-1] DEBUG i.l.core.protocol.CommandHandler - [channel=0x86364390, /127.0.0.1:59480 -> localhost/127.0.0.1:40465, epid=0x1, chid=0x1] write(ctx, AsyncCommand [type=GET, output=ValueOutput [output=null, error='null'], commandType=io.lettuce.core.protocol.Command], promise)
2026-02-26 11:49:01 [lettuce-nioEventLoop-4-1] DEBUG i.l.core.protocol.CommandEncoder - [channel=0x86364390, /127.0.0.1:59480 -> localhost/127.0.0.1:40465] writing command AsyncCommand [type=GET, output=ValueOutput [output=null, error='null'], commandType=io.lettuce.core.protocol.Command]
2026-02-26 11:49:01 [lettuce-nioEventLoop-4-1] DEBUG i.l.core.protocol.CommandHandler - [channel=0x86364390, /127.0.0.1:59480 -> localhost/127.0.0.1:40465, epid=0x1, chid=0x1] Received: 13 bytes, 1 commands in the stack
2026-02-26 11:49:01 [lettuce-nioEventLoop-4-1] DEBUG i.l.core.protocol.CommandHandler - [channel=0x86364390, /127.0.0.1:59480 -> localhost/127.0.0.1:40465, epid=0x1, chid=0x1] Stack contains: 1 commands
2026-02-26 11:49:01 [lettuce-nioEventLoop-4-1] DEBUG i.l.core.protocol.RedisStateMachine - Decode done, empty stack: true
2026-02-26 11:49:01 [lettuce-nioEventLoop-4-1] DEBUG i.l.core.protocol.CommandHandler - [channel=0x86364390, /127.0.0.1:59480 -> localhost/127.0.0.1:40465, epid=0x1, chid=0x1] Completing command AsyncCommand [type=GET, output=ValueOutput [output=url.com, error='null'], commandType=io.lettuce.core.protocol.Command]
2026-02-26 11:49:01 [main] DEBUG io.lettuce.core.RedisChannelHandler - dispatching command AsyncCommand [type=GET, output=ValueOutput [output=null, error='null'], commandType=io.lettuce.core.protocol.Command]
2026-02-26 11:49:01 [main] DEBUG i.l.core.protocol.DefaultEndpoint - [channel=0x86364390, /127.0.0.1:59480 -> localhost/127.0.0.1:40465, epid=0x1] write() writeAndFlush command AsyncCommand [type=GET, output=ValueOutput [output=null, error='null'], commandType=io.lettuce.core.protocol.Command]
2026-02-26 11:49:01 [main] DEBUG i.l.core.protocol.DefaultEndpoint - [channel=0x86364390, /127.0.0.1:59480 -> localhost/127.0.0.1:40465, epid=0x1] write() done
2026-02-26 11:49:01 [lettuce-nioEventLoop-4-1] DEBUG i.l.core.protocol.CommandHandler - [channel=0x86364390, /127.0.0.1:59480 -> localhost/127.0.0.1:40465, epid=0x1, chid=0x1] write(ctx, AsyncCommand [type=GET, output=ValueOutput [output=null, error='null'], commandType=io.lettuce.core.protocol.Command], promise)
2026-02-26 11:49:01 [lettuce-nioEventLoop-4-1] DEBUG i.l.core.protocol.CommandEncoder - [channel=0x86364390, /127.0.0.1:59480 -> localhost/127.0.0.1:40465] writing command AsyncCommand [type=GET, output=ValueOutput [output=null, error='null'], commandType=io.lettuce.core.protocol.Command]
2026-02-26 11:49:01 [lettuce-nioEventLoop-4-1] DEBUG i.l.core.protocol.CommandHandler - [channel=0x86364390, /127.0.0.1:59480 -> localhost/127.0.0.1:40465, epid=0x1, chid=0x1] Received: 13 bytes, 1 commands in the stack
2026-02-26 11:49:01 [lettuce-nioEventLoop-4-1] DEBUG i.l.core.protocol.CommandHandler - [channel=0x86364390, /127.0.0.1:59480 -> localhost/127.0.0.1:40465, epid=0x1, chid=0x1] Stack contains: 1 commands
2026-02-26 11:49:01 [lettuce-nioEventLoop-4-1] DEBUG i.l.core.protocol.RedisStateMachine - Decode done, empty stack: true
2026-02-26 11:49:01 [lettuce-nioEventLoop-4-1] DEBUG i.l.core.protocol.CommandHandler - [channel=0x86364390, /127.0.0.1:59480 -> localhost/127.0.0.1:40465, epid=0x1, chid=0x1] Completing command AsyncCommand [type=GET, output=ValueOutput [output=url.com, error='null'], commandType=io.lettuce.core.protocol.Command]
2026-02-26 11:49:01 [main] DEBUG io.lettuce.core.RedisChannelHandler - dispatching command AsyncCommand [type=DEL, output=IntegerOutput [output=null, error='null'], commandType=io.lettuce.core.protocol.Command]
2026-02-26 11:49:01 [main] DEBUG i.l.core.protocol.DefaultEndpoint - [channel=0x86364390, /127.0.0.1:59480 -> localhost/127.0.0.1:40465, epid=0x1] write() writeAndFlush command AsyncCommand [type=DEL, output=IntegerOutput [output=null, error='null'], commandType=io.lettuce.core.protocol.Command]
2026-02-26 11:49:01 [main] DEBUG i.l.core.protocol.DefaultEndpoint - [channel=0x86364390, /127.0.0.1:59480 -> localhost/127.0.0.1:40465, epid=0x1] write() done
2026-02-26 11:49:01 [lettuce-nioEventLoop-4-1] DEBUG i.l.core.protocol.CommandHandler - [channel=0x86364390, /127.0.0.1:59480 -> localhost/127.0.0.1:40465, epid=0x1, chid=0x1] write(ctx, AsyncCommand [type=DEL, output=IntegerOutput [output=null, error='null'], commandType=io.lettuce.core.protocol.Command], promise)
2026-02-26 11:49:01 [lettuce-nioEventLoop-4-1] DEBUG i.l.core.protocol.CommandEncoder - [channel=0x86364390, /127.0.0.1:59480 -> localhost/127.0.0.1:40465] writing command AsyncCommand [type=DEL, output=IntegerOutput [output=null, error='null'], commandType=io.lettuce.core.protocol.Command]
2026-02-26 11:49:01 [lettuce-nioEventLoop-4-1] DEBUG i.l.core.protocol.CommandHandler - [channel=0x86364390, /127.0.0.1:59480 -> localhost/127.0.0.1:40465, epid=0x1, chid=0x1] Received: 4 bytes, 1 commands in the stack
2026-02-26 11:49:01 [lettuce-nioEventLoop-4-1] DEBUG i.l.core.protocol.CommandHandler - [channel=0x86364390, /127.0.0.1:59480 -> localhost/127.0.0.1:40465, epid=0x1, chid=0x1] Stack contains: 1 commands
2026-02-26 11:49:01 [lettuce-nioEventLoop-4-1] DEBUG i.l.core.protocol.RedisStateMachine - Decode done, empty stack: true
2026-02-26 11:49:01 [lettuce-nioEventLoop-4-1] DEBUG i.l.core.protocol.CommandHandler - [channel=0x86364390, /127.0.0.1:59480 -> localhost/127.0.0.1:40465, epid=0x1, chid=0x1] Completing command AsyncCommand [type=DEL, output=IntegerOutput [output=1, error='null'], commandType=io.lettuce.core.protocol.Command]
2026-02-26 11:49:01 [main] DEBUG o.e.r.redis.RedisRepository - Removed 1 from Redis storage
2026-02-26 11:49:01 [main] DEBUG io.lettuce.core.RedisChannelHandler - dispatching command AsyncCommand [type=GET, output=ValueOutput [output=null, error='null'], commandType=io.lettuce.core.protocol.Command]
2026-02-26 11:49:01 [main] DEBUG i.l.core.protocol.DefaultEndpoint - [channel=0x86364390, /127.0.0.1:59480 -> localhost/127.0.0.1:40465, epid=0x1] write() writeAndFlush command AsyncCommand [type=GET, output=ValueOutput [output=null, error='null'], commandType=io.lettuce.core.protocol.Command]
2026-02-26 11:49:01 [main] DEBUG i.l.core.protocol.DefaultEndpoint - [channel=0x86364390, /127.0.0.1:59480 -> localhost/127.0.0.1:40465, epid=0x1] write() done
2026-02-26 11:49:01 [lettuce-nioEventLoop-4-1] DEBUG i.l.core.protocol.CommandHandler - [channel=0x86364390, /127.0.0.1:59480 -> localhost/127.0.0.1:40465, epid=0x1, chid=0x1] write(ctx, AsyncCommand [type=GET, output=ValueOutput [output=null, error='null'], commandType=io.lettuce.core.protocol.Command], promise)
2026-02-26 11:49:01 [lettuce-nioEventLoop-4-1] DEBUG i.l.core.protocol.CommandEncoder - [channel=0x86364390, /127.0.0.1:59480 -> localhost/127.0.0.1:40465] writing command AsyncCommand [type=GET, output=ValueOutput [output=null, error='null'], commandType=io.lettuce.core.protocol.Command]
2026-02-26 11:49:01 [lettuce-nioEventLoop-4-1] DEBUG i.l.core.protocol.CommandHandler - [channel=0x86364390, /127.0.0.1:59480 -> localhost/127.0.0.1:40465, epid=0x1, chid=0x1] Received: 3 bytes, 1 commands in the stack
2026-02-26 11:49:01 [lettuce-nioEventLoop-4-1] DEBUG i.l.core.protocol.CommandHandler - [channel=0x86364390, /127.0.0.1:59480 -> localhost/127.0.0.1:40465, epid=0x1, chid=0x1] Stack contains: 1 commands
2026-02-26 11:49:01 [lettuce-nioEventLoop-4-1] DEBUG i.l.core.protocol.RedisStateMachine - Decode done, empty stack: true
2026-02-26 11:49:01 [lettuce-nioEventLoop-4-1] DEBUG i.l.core.protocol.CommandHandler - [channel=0x86364390, /127.0.0.1:59480 -> localhost/127.0.0.1:40465, epid=0x1, chid=0x1] Completing command AsyncCommand [type=GET, output=ValueOutput [output=null, error='null'], commandType=io.lettuce.core.protocol.Command]
2026-02-26 11:49:01 [main] DEBUG io.lettuce.core.RedisChannelHandler - dispatching command AsyncCommand [type=SETEX, output=StatusOutput [output=null, error='null'], commandType=io.lettuce.core.protocol.Command]
2026-02-26 11:49:01 [main] DEBUG i.l.core.protocol.DefaultEndpoint - [channel=0x86364390, /127.0.0.1:59480 -> localhost/127.0.0.1:40465, epid=0x1] write() writeAndFlush command AsyncCommand [type=SETEX, output=StatusOutput [output=null, error='null'], commandType=io.lettuce.core.protocol.Command]
2026-02-26 11:49:01 [main] DEBUG i.l.core.protocol.DefaultEndpoint - [channel=0x86364390, /127.0.0.1:59480 -> localhost/127.0.0.1:40465, epid=0x1] write() done
2026-02-26 11:49:01 [lettuce-nioEventLoop-4-1] DEBUG i.l.core.protocol.CommandHandler - [channel=0x86364390, /127.0.0.1:59480 -> localhost/127.0.0.1:40465, epid=0x1, chid=0x1] write(ctx, AsyncCommand [type=SETEX, output=StatusOutput [output=null, error='null'], commandType=io.lettuce.core.protocol.Command], promise)
2026-02-26 11:49:01 [lettuce-nioEventLoop-4-1] DEBUG i.l.core.protocol.CommandEncoder - [channel=0x86364390, /127.0.0.1:59480 -> localhost/127.0.0.1:40465] writing command AsyncCommand [type=SETEX, output=StatusOutput [output=null, error='null'], commandType=io.lettuce.core.protocol.Command]
2026-02-26 11:49:01 [lettuce-nioEventLoop-4-1] DEBUG i.l.core.protocol.CommandHandler - [channel=0x86364390, /127.0.0.1:59480 -> localhost/127.0.0.1:40465, epid=0x1, chid=0x1] Received: 5 bytes, 1 commands in the stack
2026-02-26 11:49:01 [lettuce-nioEventLoop-4-1] DEBUG i.l.core.protocol.CommandHandler - [channel=0x86364390, /127.0.0.1:59480 -> localhost/127.0.0.1:40465, epid=0x1, chid=0x1] Stack contains: 1 commands
2026-02-26 11:49:01 [lettuce-nioEventLoop-4-1] DEBUG i.l.core.protocol.RedisStateMachine - Decode done, empty stack: true
2026-02-26 11:49:01 [lettuce-nioEventLoop-4-1] DEBUG i.l.core.protocol.CommandHandler - [channel=0x86364390, /127.0.0.1:59480 -> localhost/127.0.0.1:40465, epid=0x1, chid=0x1] Completing command AsyncCommand [type=SETEX, output=StatusOutput [output=OK, error='null'], commandType=io.lettuce.core.protocol.Command]
2026-02-26 11:49:01 [main] DEBUG o.e.r.redis.RedisRepository - Added id={1} oldUrl={url.com} bewUrl={null} to Redis
2026-02-26 11:49:01 [main] DEBUG io.lettuce.core.RedisChannelHandler - dispatching command AsyncCommand [type=GET, output=ValueOutput [output=null, error='null'], commandType=io.lettuce.core.protocol.Command]
2026-02-26 11:49:01 [main] DEBUG i.l.core.protocol.DefaultEndpoint - [channel=0x86364390, /127.0.0.1:59480 -> localhost/127.0.0.1:40465, epid=0x1] write() writeAndFlush command AsyncCommand [type=GET, output=ValueOutput [output=null, error='null'], commandType=io.lettuce.core.protocol.Command]
2026-02-26 11:49:01 [main] DEBUG i.l.core.protocol.DefaultEndpoint - [channel=0x86364390, /127.0.0.1:59480 -> localhost/127.0.0.1:40465, epid=0x1] write() done
2026-02-26 11:49:01 [lettuce-nioEventLoop-4-1] DEBUG i.l.core.protocol.CommandHandler - [channel=0x86364390, /127.0.0.1:59480 -> localhost/127.0.0.1:40465, epid=0x1, chid=0x1] write(ctx, AsyncCommand [type=GET, output=ValueOutput [output=null, error='null'], commandType=io.lettuce.core.protocol.Command], promise)
2026-02-26 11:49:01 [lettuce-nioEventLoop-4-1] DEBUG i.l.core.protocol.CommandEncoder - [channel=0x86364390, /127.0.0.1:59480 -> localhost/127.0.0.1:40465] writing command AsyncCommand [type=GET, output=ValueOutput [output=null, error='null'], commandType=io.lettuce.core.protocol.Command]
2026-02-26 11:49:01 [lettuce-nioEventLoop-4-1] DEBUG i.l.core.protocol.CommandHandler - [channel=0x86364390, /127.0.0.1:59480 -> localhost/127.0.0.1:40465, epid=0x1, chid=0x1] Received: 13 bytes, 1 commands in the stack
2026-02-26 11:49:01 [lettuce-nioEventLoop-4-1] DEBUG i.l.core.protocol.CommandHandler - [channel=0x86364390, /127.0.0.1:59480 -> localhost/127.0.0.1:40465, epid=0x1, chid=0x1] Stack contains: 1 commands
2026-02-26 11:49:01 [lettuce-nioEventLoop-4-1] DEBUG i.l.core.protocol.RedisStateMachine - Decode done, empty stack: true
2026-02-26 11:49:01 [lettuce-nioEventLoop-4-1] DEBUG i.l.core.protocol.CommandHandler - [channel=0x86364390, /127.0.0.1:59480 -> localhost/127.0.0.1:40465, epid=0x1, chid=0x1] Completing command AsyncCommand [type=GET, output=ValueOutput [output=url.com, error='null'], commandType=io.lettuce.core.protocol.Command]
2026-02-26 11:49:01 [main] DEBUG io.lettuce.core.RedisChannelHandler - dispatching command AsyncCommand [type=GET, output=ValueOutput [output=null, error='null'], commandType=io.lettuce.core.protocol.Command]
2026-02-26 11:49:01 [main] DEBUG i.l.core.protocol.DefaultEndpoint - [channel=0x86364390, /127.0.0.1:59480 -> localhost/127.0.0.1:40465, epid=0x1] write() writeAndFlush command AsyncCommand [type=GET, output=ValueOutput [output=null, error='null'], commandType=io.lettuce.core.protocol.Command]
2026-02-26 11:49:01 [main] DEBUG i.l.core.protocol.DefaultEndpoint - [channel=0x86364390, /127.0.0.1:59480 -> localhost/127.0.0.1:40465, epid=0x1] write() done
2026-02-26 11:49:01 [lettuce-nioEventLoop-4-1] DEBUG i.l.core.protocol.CommandHandler - [channel=0x86364390, /127.0.0.1:59480 -> localhost/127.0.0.1:40465, epid=0x1, chid=0x1] write(ctx, AsyncCommand [type=GET, output=ValueOutput [output=null, error='null'], commandType=io.lettuce.core.protocol.Command], promise)
2026-02-26 11:49:01 [lettuce-nioEventLoop-4-1] DEBUG i.l.core.protocol.CommandEncoder - [channel=0x86364390, /127.0.0.1:59480 -> localhost/127.0.0.1:40465] writing command AsyncCommand [type=GET, output=ValueOutput [output=null, error='null'], commandType=io.lettuce.core.protocol.Command]
2026-02-26 11:49:01 [lettuce-nioEventLoop-4-1] DEBUG i.l.core.protocol.CommandHandler - [channel=0x86364390, /127.0.0.1:59480 -> localhost/127.0.0.1:40465, epid=0x1, chid=0x1] Received: 13 bytes, 1 commands in the stack
2026-02-26 11:49:01 [lettuce-nioEventLoop-4-1] DEBUG i.l.core.protocol.CommandHandler - [channel=0x86364390, /127.0.0.1:59480 -> localhost/127.0.0.1:40465, epid=0x1, chid=0x1] Stack contains: 1 commands
2026-02-26 11:49:01 [lettuce-nioEventLoop-4-1] DEBUG i.l.core.protocol.RedisStateMachine - Decode done, empty stack: true
2026-02-26 11:49:01 [lettuce-nioEventLoop-4-1] DEBUG i.l.core.protocol.CommandHandler - [channel=0x86364390, /127.0.0.1:59480 -> localhost/127.0.0.1:40465, epid=0x1, chid=0x1] Completing command AsyncCommand [type=GET, output=ValueOutput [output=url.com, error='null'], commandType=io.lettuce.core.protocol.Command]
2026-02-26 11:49:01 [main] DEBUG o.e.r.redis.RedisRepository - Found and returning id={1} oldUrl={url.com} bewUrl={null}
2026-02-26 11:49:01 [main] DEBUG io.lettuce.core.RedisChannelHandler - dispatching command AsyncCommand [type=SCAN, output=KeyScanOutput [output=io.lettuce.core.KeyScanCursor@7558c24b, error='null'], commandType=io.lettuce.core.protocol.Command]
2026-02-26 11:49:01 [main] DEBUG i.l.core.protocol.DefaultEndpoint - [channel=0x86364390, /127.0.0.1:59480 -> localhost/127.0.0.1:40465, epid=0x1] write() writeAndFlush command AsyncCommand [type=SCAN, output=KeyScanOutput [output=io.lettuce.core.KeyScanCursor@7558c24b, error='null'], commandType=io.lettuce.core.protocol.Command]
2026-02-26 11:49:01 [main] DEBUG i.l.core.protocol.DefaultEndpoint - [channel=0x86364390, /127.0.0.1:59480 -> localhost/127.0.0.1:40465, epid=0x1] write() done
2026-02-26 11:49:01 [lettuce-nioEventLoop-4-1] DEBUG i.l.core.protocol.CommandHandler - [channel=0x86364390, /127.0.0.1:59480 -> localhost/127.0.0.1:40465, epid=0x1, chid=0x1] write(ctx, AsyncCommand [type=SCAN, output=KeyScanOutput [output=io.lettuce.core.KeyScanCursor@7558c24b, error='null'], commandType=io.lettuce.core.protocol.Command], promise)
2026-02-26 11:49:01 [lettuce-nioEventLoop-4-1] DEBUG i.l.core.protocol.CommandEncoder - [channel=0x86364390, /127.0.0.1:59480 -> localhost/127.0.0.1:40465] writing command AsyncCommand [type=SCAN, output=KeyScanOutput [output=io.lettuce.core.KeyScanCursor@7558c24b, error='null'], commandType=io.lettuce.core.protocol.Command]
2026-02-26 11:49:01 [lettuce-nioEventLoop-4-1] DEBUG i.l.core.protocol.CommandHandler - [channel=0x86364390, /127.0.0.1:59480 -> localhost/127.0.0.1:40465, epid=0x1, chid=0x1] Received: 22 bytes, 1 commands in the stack
2026-02-26 11:49:01 [lettuce-nioEventLoop-4-1] DEBUG i.l.core.protocol.CommandHandler - [channel=0x86364390, /127.0.0.1:59480 -> localhost/127.0.0.1:40465, epid=0x1, chid=0x1] Stack contains: 1 commands
2026-02-26 11:49:01 [lettuce-nioEventLoop-4-1] DEBUG i.l.core.protocol.RedisStateMachine - Decode done, empty stack: true
2026-02-26 11:49:01 [lettuce-nioEventLoop-4-1] DEBUG i.l.core.protocol.CommandHandler - [channel=0x86364390, /127.0.0.1:59480 -> localhost/127.0.0.1:40465, epid=0x1, chid=0x1] Completing command AsyncCommand [type=SCAN, output=KeyScanOutput [output=io.lettuce.core.KeyScanCursor@7558c24b, error='null'], commandType=io.lettuce.core.protocol.Command]
2026-02-26 11:49:01 [main] DEBUG io.lettuce.core.RedisChannelHandler - dispatching command AsyncCommand [type=GET, output=ValueOutput [output=null, error='null'], commandType=io.lettuce.core.protocol.Command]
2026-02-26 11:49:01 [main] DEBUG i.l.core.protocol.DefaultEndpoint - [channel=0x86364390, /127.0.0.1:59480 -> localhost/127.0.0.1:40465, epid=0x1] write() writeAndFlush command AsyncCommand [type=GET, output=ValueOutput [output=null, error='null'], commandType=io.lettuce.core.protocol.Command]
2026-02-26 11:49:01 [main] DEBUG i.l.core.protocol.DefaultEndpoint - [channel=0x86364390, /127.0.0.1:59480 -> localhost/127.0.0.1:40465, epid=0x1] write() done
2026-02-26 11:49:01 [lettuce-nioEventLoop-4-1] DEBUG i.l.core.protocol.CommandHandler - [channel=0x86364390, /127.0.0.1:59480 -> localhost/127.0.0.1:40465, epid=0x1, chid=0x1] write(ctx, AsyncCommand [type=GET, output=ValueOutput [output=null, error='null'], commandType=io.lettuce.core.protocol.Command], promise)
2026-02-26 11:49:01 [lettuce-nioEventLoop-4-1] DEBUG i.l.core.protocol.CommandEncoder - [channel=0x86364390, /127.0.0.1:59480 -> localhost/127.0.0.1:40465] writing command AsyncCommand [type=GET, output=ValueOutput [output=null, error='null'], commandType=io.lettuce.core.protocol.Command]
2026-02-26 11:49:01 [lettuce-nioEventLoop-4-1] DEBUG i.l.core.protocol.CommandHandler - [channel=0x86364390, /127.0.0.1:59480 -> localhost/127.0.0.1:40465, epid=0x1, chid=0x1] Received: 13 bytes, 1 commands in the stack
2026-02-26 11:49:01 [lettuce-nioEventLoop-4-1] DEBUG i.l.core.protocol.CommandHandler - [channel=0x86364390, /127.0.0.1:59480 -> localhost/127.0.0.1:40465, epid=0x1, chid=0x1] Stack contains: 1 commands
2026-02-26 11:49:01 [lettuce-nioEventLoop-4-1] DEBUG i.l.core.protocol.RedisStateMachine - Decode done, empty stack: true
2026-02-26 11:49:01 [lettuce-nioEventLoop-4-1] DEBUG i.l.core.protocol.CommandHandler - [channel=0x86364390, /127.0.0.1:59480 -> localhost/127.0.0.1:40465, epid=0x1, chid=0x1] Completing command AsyncCommand [type=GET, output=ValueOutput [output=url.com, error='null'], commandType=io.lettuce.core.protocol.Command]
2026-02-26 11:49:01 [main] DEBUG io.lettuce.core.RedisChannelHandler - dispatching command AsyncCommand [type=GET, output=ValueOutput [output=null, error='null'], commandType=io.lettuce.core.protocol.Command]
2026-02-26 11:49:01 [main] DEBUG i.l.core.protocol.DefaultEndpoint - [channel=0x86364390, /127.0.0.1:59480 -> localhost/127.0.0.1:40465, epid=0x1] write() writeAndFlush command AsyncCommand [type=GET, output=ValueOutput [output=null, error='null'], commandType=io.lettuce.core.protocol.Command]
2026-02-26 11:49:01 [main] DEBUG i.l.core.protocol.DefaultEndpoint - [channel=0x86364390, /127.0.0.1:59480 -> localhost/127.0.0.1:40465, epid=0x1] write() done
2026-02-26 11:49:01 [lettuce-nioEventLoop-4-1] DEBUG i.l.core.protocol.CommandHandler - [channel=0x86364390, /127.0.0.1:59480 -> localhost/127.0.0.1:40465, epid=0x1, chid=0x1] write(ctx, AsyncCommand [type=GET, output=ValueOutput [output=null, error='null'], commandType=io.lettuce.core.protocol.Command], promise)
2026-02-26 11:49:01 [lettuce-nioEventLoop-4-1] DEBUG i.l.core.protocol.CommandEncoder - [channel=0x86364390, /127.0.0.1:59480 -> localhost/127.0.0.1:40465] writing command AsyncCommand [type=GET, output=ValueOutput [output=null, error='null'], commandType=io.lettuce.core.protocol.Command]
2026-02-26 11:49:01 [lettuce-nioEventLoop-4-1] DEBUG i.l.core.protocol.CommandHandler - [channel=0x86364390, /127.0.0.1:59480 -> localhost/127.0.0.1:40465, epid=0x1, chid=0x1] Received: 13 bytes, 1 commands in the stack
2026-02-26 11:49:01 [lettuce-nioEventLoop-4-1] DEBUG i.l.core.protocol.CommandHandler - [channel=0x86364390, /127.0.0.1:59480 -> localhost/127.0.0.1:40465, epid=0x1, chid=0x1] Stack contains: 1 commands
2026-02-26 11:49:01 [lettuce-nioEventLoop-4-1] DEBUG i.l.core.protocol.RedisStateMachine - Decode done, empty stack: true
2026-02-26 11:49:01 [lettuce-nioEventLoop-4-1] DEBUG i.l.core.protocol.CommandHandler - [channel=0x86364390, /127.0.0.1:59480 -> localhost/127.0.0.1:40465, epid=0x1, chid=0x1] Completing command AsyncCommand [type=GET, output=ValueOutput [output=url.com, error='null'], commandType=io.lettuce.core.protocol.Command]
2026-02-26 11:49:01 [main] DEBUG io.lettuce.core.RedisChannelHandler - dispatching command AsyncCommand [type=DEL, output=IntegerOutput [output=null, error='null'], commandType=io.lettuce.core.protocol.Command]
2026-02-26 11:49:01 [main] DEBUG i.l.core.protocol.DefaultEndpoint - [channel=0x86364390, /127.0.0.1:59480 -> localhost/127.0.0.1:40465, epid=0x1] write() writeAndFlush command AsyncCommand [type=DEL, output=IntegerOutput [output=null, error='null'], commandType=io.lettuce.core.protocol.Command]
2026-02-26 11:49:01 [main] DEBUG i.l.core.protocol.DefaultEndpoint - [channel=0x86364390, /127.0.0.1:59480 -> localhost/127.0.0.1:40465, epid=0x1] write() done
2026-02-26 11:49:01 [lettuce-nioEventLoop-4-1] DEBUG i.l.core.protocol.CommandHandler - [channel=0x86364390, /127.0.0.1:59480 -> localhost/127.0.0.1:40465, epid=0x1, chid=0x1] write(ctx, AsyncCommand [type=DEL, output=IntegerOutput [output=null, error='null'], commandType=io.lettuce.core.protocol.Command], promise)
2026-02-26 11:49:01 [lettuce-nioEventLoop-4-1] DEBUG i.l.core.protocol.CommandEncoder - [channel=0x86364390, /127.0.0.1:59480 -> localhost/127.0.0.1:40465] writing command AsyncCommand [type=DEL, output=IntegerOutput [output=null, error='null'], commandType=io.lettuce.core.protocol.Command]
2026-02-26 11:49:01 [lettuce-nioEventLoop-4-1] DEBUG i.l.core.protocol.CommandHandler - [channel=0x86364390, /127.0.0.1:59480 -> localhost/127.0.0.1:40465, epid=0x1, chid=0x1] Received: 4 bytes, 1 commands in the stack
2026-02-26 11:49:01 [lettuce-nioEventLoop-4-1] DEBUG i.l.core.protocol.CommandHandler - [channel=0x86364390, /127.0.0.1:59480 -> localhost/127.0.0.1:40465, epid=0x1, chid=0x1] Stack contains: 1 commands
2026-02-26 11:49:01 [lettuce-nioEventLoop-4-1] DEBUG i.l.core.protocol.RedisStateMachine - Decode done, empty stack: true
2026-02-26 11:49:01 [lettuce-nioEventLoop-4-1] DEBUG i.l.core.protocol.CommandHandler - [channel=0x86364390, /127.0.0.1:59480 -> localhost/127.0.0.1:40465, epid=0x1, chid=0x1] Completing command AsyncCommand [type=DEL, output=IntegerOutput [output=1, error='null'], commandType=io.lettuce.core.protocol.Command]
2026-02-26 11:49:01 [main] DEBUG o.e.r.redis.RedisRepository - Removed 1 from Redis storage
2026-02-26 11:49:01 [main] DEBUG io.lettuce.core.RedisChannelHandler - dispatching command AsyncCommand [type=GET, output=ValueOutput [output=null, error='null'], commandType=io.lettuce.core.protocol.Command]
2026-02-26 11:49:01 [main] DEBUG i.l.core.protocol.DefaultEndpoint - [channel=0x86364390, /127.0.0.1:59480 -> localhost/127.0.0.1:40465, epid=0x1] write() writeAndFlush command AsyncCommand [type=GET, output=ValueOutput [output=null, error='null'], commandType=io.lettuce.core.protocol.Command]
2026-02-26 11:49:01 [main] DEBUG i.l.core.protocol.DefaultEndpoint - [channel=0x86364390, /127.0.0.1:59480 -> localhost/127.0.0.1:40465, epid=0x1] write() done
2026-02-26 11:49:01 [lettuce-nioEventLoop-4-1] DEBUG i.l.core.protocol.CommandHandler - [channel=0x86364390, /127.0.0.1:59480 -> localhost/127.0.0.1:40465, epid=0x1, chid=0x1] write(ctx, AsyncCommand [type=GET, output=ValueOutput [output=null, error='null'], commandType=io.lettuce.core.protocol.Command], promise)
2026-02-26 11:49:01 [lettuce-nioEventLoop-4-1] DEBUG i.l.core.protocol.CommandEncoder - [channel=0x86364390, /127.0.0.1:59480 -> localhost/127.0.0.1:40465] writing command AsyncCommand [type=GET, output=ValueOutput [output=null, error='null'], commandType=io.lettuce.core.protocol.Command]
2026-02-26 11:49:01 [lettuce-nioEventLoop-4-1] DEBUG i.l.core.protocol.CommandHandler - [channel=0x86364390, /127.0.0.1:59480 -> localhost/127.0.0.1:40465, epid=0x1, chid=0x1] Received: 3 bytes, 1 commands in the stack
2026-02-26 11:49:01 [lettuce-nioEventLoop-4-1] DEBUG i.l.core.protocol.CommandHandler - [channel=0x86364390, /127.0.0.1:59480 -> localhost/127.0.0.1:40465, epid=0x1, chid=0x1] Stack contains: 1 commands
2026-02-26 11:49:01 [lettuce-nioEventLoop-4-1] DEBUG i.l.core.protocol.RedisStateMachine - Decode done, empty stack: true
2026-02-26 11:49:01 [lettuce-nioEventLoop-4-1] DEBUG i.l.core.protocol.CommandHandler - [channel=0x86364390, /127.0.0.1:59480 -> localhost/127.0.0.1:40465, epid=0x1, chid=0x1] Completing command AsyncCommand [type=GET, output=ValueOutput [output=null, error='null'], commandType=io.lettuce.core.protocol.Command]
2026-02-26 11:49:01 [main] DEBUG io.lettuce.core.RedisChannelHandler - dispatching command AsyncCommand [type=SETEX, output=StatusOutput [output=null, error='null'], commandType=io.lettuce.core.protocol.Command]
2026-02-26 11:49:01 [main] DEBUG i.l.core.protocol.DefaultEndpoint - [channel=0x86364390, /127.0.0.1:59480 -> localhost/127.0.0.1:40465, epid=0x1] write() writeAndFlush command AsyncCommand [type=SETEX, output=StatusOutput [output=null, error='null'], commandType=io.lettuce.core.protocol.Command]
2026-02-26 11:49:01 [main] DEBUG i.l.core.protocol.DefaultEndpoint - [channel=0x86364390, /127.0.0.1:59480 -> localhost/127.0.0.1:40465, epid=0x1] write() done
2026-02-26 11:49:01 [lettuce-nioEventLoop-4-1] DEBUG i.l.core.protocol.CommandHandler - [channel=0x86364390, /127.0.0.1:59480 -> localhost/127.0.0.1:40465, epid=0x1, chid=0x1] write(ctx, AsyncCommand [type=SETEX, output=StatusOutput [output=null, error='null'], commandType=io.lettuce.core.protocol.Command], promise)
2026-02-26 11:49:01 [lettuce-nioEventLoop-4-1] DEBUG i.l.core.protocol.CommandEncoder - [channel=0x86364390, /127.0.0.1:59480 -> localhost/127.0.0.1:40465] writing command AsyncCommand [type=SETEX, output=StatusOutput [output=null, error='null'], commandType=io.lettuce.core.protocol.Command]
2026-02-26 11:49:01 [lettuce-nioEventLoop-4-1] DEBUG i.l.core.protocol.CommandHandler - [channel=0x86364390, /127.0.0.1:59480 -> localhost/127.0.0.1:40465, epid=0x1, chid=0x1] Received: 5 bytes, 1 commands in the stack
2026-02-26 11:49:01 [lettuce-nioEventLoop-4-1] DEBUG i.l.core.protocol.CommandHandler - [channel=0x86364390, /127.0.0.1:59480 -> localhost/127.0.0.1:40465, epid=0x1, chid=0x1] Stack contains: 1 commands
2026-02-26 11:49:01 [lettuce-nioEventLoop-4-1] DEBUG i.l.core.protocol.RedisStateMachine - Decode done, empty stack: true
2026-02-26 11:49:01 [lettuce-nioEventLoop-4-1] DEBUG i.l.core.protocol.CommandHandler - [channel=0x86364390, /127.0.0.1:59480 -> localhost/127.0.0.1:40465, epid=0x1, chid=0x1] Completing command AsyncCommand [type=SETEX, output=StatusOutput [output=OK, error='null'], commandType=io.lettuce.core.protocol.Command]
2026-02-26 11:49:01 [main] DEBUG o.e.r.redis.RedisRepository - Added id={1} oldUrl={url.com} bewUrl={null} to Redis
2026-02-26 11:49:01 [main] DEBUG io.lettuce.core.RedisChannelHandler - dispatching command AsyncCommand [type=GET, output=ValueOutput [output=null, error='null'], commandType=io.lettuce.core.protocol.Command]
2026-02-26 11:49:01 [main] DEBUG i.l.core.protocol.DefaultEndpoint - [channel=0x86364390, /127.0.0.1:59480 -> localhost/127.0.0.1:40465, epid=0x1] write() writeAndFlush command AsyncCommand [type=GET, output=ValueOutput [output=null, error='null'], commandType=io.lettuce.core.protocol.Command]
2026-02-26 11:49:01 [main] DEBUG i.l.core.protocol.DefaultEndpoint - [channel=0x86364390, /127.0.0.1:59480 -> localhost/127.0.0.1:40465, epid=0x1] write() done
2026-02-26 11:49:01 [lettuce-nioEventLoop-4-1] DEBUG i.l.core.protocol.CommandHandler - [channel=0x86364390, /127.0.0.1:59480 -> localhost/127.0.0.1:40465, epid=0x1, chid=0x1] write(ctx, AsyncCommand [type=GET, output=ValueOutput [output=null, error='null'], commandType=io.lettuce.core.protocol.Command], promise)
2026-02-26 11:49:01 [lettuce-nioEventLoop-4-1] DEBUG i.l.core.protocol.CommandEncoder - [channel=0x86364390, /127.0.0.1:59480 -> localhost/127.0.0.1:40465] writing command AsyncCommand [type=GET, output=ValueOutput [output=null, error='null'], commandType=io.lettuce.core.protocol.Command]
2026-02-26 11:49:01 [lettuce-nioEventLoop-4-1] DEBUG i.l.core.protocol.CommandHandler - [channel=0x86364390, /127.0.0.1:59480 -> localhost/127.0.0.1:40465, epid=0x1, chid=0x1] Received: 3 bytes, 1 commands in the stack
2026-02-26 11:49:01 [lettuce-nioEventLoop-4-1] DEBUG i.l.core.protocol.CommandHandler - [channel=0x86364390, /127.0.0.1:59480 -> localhost/127.0.0.1:40465, epid=0x1, chid=0x1] Stack contains: 1 commands
2026-02-26 11:49:01 [lettuce-nioEventLoop-4-1] DEBUG i.l.core.protocol.RedisStateMachine - Decode done, empty stack: true
2026-02-26 11:49:01 [lettuce-nioEventLoop-4-1] DEBUG i.l.core.protocol.CommandHandler - [channel=0x86364390, /127.0.0.1:59480 -> localhost/127.0.0.1:40465, epid=0x1, chid=0x1] Completing command AsyncCommand [type=GET, output=ValueOutput [output=null, error='null'], commandType=io.lettuce.core.protocol.Command]
2026-02-26 11:49:01 [main] DEBUG io.lettuce.core.RedisChannelHandler - dispatching command AsyncCommand [type=SCAN, output=KeyScanOutput [output=io.lettuce.core.KeyScanCursor@b30a50d, error='null'], commandType=io.lettuce.core.protocol.Command]
2026-02-26 11:49:01 [main] DEBUG i.l.core.protocol.DefaultEndpoint - [channel=0x86364390, /127.0.0.1:59480 -> localhost/127.0.0.1:40465, epid=0x1] write() writeAndFlush command AsyncCommand [type=SCAN, output=KeyScanOutput [output=io.lettuce.core.KeyScanCursor@b30a50d, error='null'], commandType=io.lettuce.core.protocol.Command]
2026-02-26 11:49:01 [main] DEBUG i.l.core.protocol.DefaultEndpoint - [channel=0x86364390, /127.0.0.1:59480 -> localhost/127.0.0.1:40465, epid=0x1] write() done
2026-02-26 11:49:01 [lettuce-nioEventLoop-4-1] DEBUG i.l.core.protocol.CommandHandler - [channel=0x86364390, /127.0.0.1:59480 -> localhost/127.0.0.1:40465, epid=0x1, chid=0x1] write(ctx, AsyncCommand [type=SCAN, output=KeyScanOutput [output=io.lettuce.core.KeyScanCursor@b30a50d, error='null'], commandType=io.lettuce.core.protocol.Command], promise)
2026-02-26 11:49:01 [lettuce-nioEventLoop-4-1] DEBUG i.l.core.protocol.CommandEncoder - [channel=0x86364390, /127.0.0.1:59480 -> localhost/127.0.0.1:40465] writing command AsyncCommand [type=SCAN, output=KeyScanOutput [output=io.lettuce.core.KeyScanCursor@b30a50d, error='null'], commandType=io.lettuce.core.protocol.Command]
2026-02-26 11:49:01 [lettuce-nioEventLoop-4-1] DEBUG i.l.core.protocol.CommandHandler - [channel=0x86364390, /127.0.0.1:59480 -> localhost/127.0.0.1:40465, epid=0x1, chid=0x1] Received: 22 bytes, 1 commands in the stack
2026-02-26 11:49:01 [lettuce-nioEventLoop-4-1] DEBUG i.l.core.protocol.CommandHandler - [channel=0x86364390, /127.0.0.1:59480 -> localhost/127.0.0.1:40465, epid=0x1, chid=0x1] Stack contains: 1 commands
2026-02-26 11:49:01 [lettuce-nioEventLoop-4-1] DEBUG i.l.core.protocol.RedisStateMachine - Decode done, empty stack: true
2026-02-26 11:49:01 [lettuce-nioEventLoop-4-1] DEBUG i.l.core.protocol.CommandHandler - [channel=0x86364390, /127.0.0.1:59480 -> localhost/127.0.0.1:40465, epid=0x1, chid=0x1] Completing command AsyncCommand [type=SCAN, output=KeyScanOutput [output=io.lettuce.core.KeyScanCursor@b30a50d, error='null'], commandType=io.lettuce.core.protocol.Command]
2026-02-26 11:49:01 [main] DEBUG io.lettuce.core.RedisChannelHandler - dispatching command AsyncCommand [type=GET, output=ValueOutput [output=null, error='null'], commandType=io.lettuce.core.protocol.Command]
2026-02-26 11:49:01 [main] DEBUG i.l.core.protocol.DefaultEndpoint - [channel=0x86364390, /127.0.0.1:59480 -> localhost/127.0.0.1:40465, epid=0x1] write() writeAndFlush command AsyncCommand [type=GET, output=ValueOutput [output=null, error='null'], commandType=io.lettuce.core.protocol.Command]
2026-02-26 11:49:01 [main] DEBUG i.l.core.protocol.DefaultEndpoint - [channel=0x86364390, /127.0.0.1:59480 -> localhost/127.0.0.1:40465, epid=0x1] write() done
2026-02-26 11:49:01 [lettuce-nioEventLoop-4-1] DEBUG i.l.core.protocol.CommandHandler - [channel=0x86364390, /127.0.0.1:59480 -> localhost/127.0.0.1:40465, epid=0x1, chid=0x1] write(ctx, AsyncCommand [type=GET, output=ValueOutput [output=null, error='null'], commandType=io.lettuce.core.protocol.Command], promise)
2026-02-26 11:49:01 [lettuce-nioEventLoop-4-1] DEBUG i.l.core.protocol.CommandEncoder - [channel=0x86364390, /127.0.0.1:59480 -> localhost/127.0.0.1:40465] writing command AsyncCommand [type=GET, output=ValueOutput [output=null, error='null'], commandType=io.lettuce.core.protocol.Command]
2026-02-26 11:49:01 [lettuce-nioEventLoop-4-1] DEBUG i.l.core.protocol.CommandHandler - [channel=0x86364390, /127.0.0.1:59480 -> localhost/127.0.0.1:40465, epid=0x1, chid=0x1] Received: 13 bytes, 1 commands in the stack
2026-02-26 11:49:01 [lettuce-nioEventLoop-4-1] DEBUG i.l.core.protocol.CommandHandler - [channel=0x86364390, /127.0.0.1:59480 -> localhost/127.0.0.1:40465, epid=0x1, chid=0x1] Stack contains: 1 commands
2026-02-26 11:49:01 [lettuce-nioEventLoop-4-1] DEBUG i.l.core.protocol.RedisStateMachine - Decode done, empty stack: true
2026-02-26 11:49:01 [lettuce-nioEventLoop-4-1] DEBUG i.l.core.protocol.CommandHandler - [channel=0x86364390, /127.0.0.1:59480 -> localhost/127.0.0.1:40465, epid=0x1, chid=0x1] Completing command AsyncCommand [type=GET, output=ValueOutput [output=url.com, error='null'], commandType=io.lettuce.core.protocol.Command]
2026-02-26 11:49:01 [main] DEBUG io.lettuce.core.RedisChannelHandler - dispatching command AsyncCommand [type=GET, output=ValueOutput [output=null, error='null'], commandType=io.lettuce.core.protocol.Command]
2026-02-26 11:49:01 [main] DEBUG i.l.core.protocol.DefaultEndpoint - [channel=0x86364390, /127.0.0.1:59480 -> localhost/127.0.0.1:40465, epid=0x1] write() writeAndFlush command AsyncCommand [type=GET, output=ValueOutput [output=null, error='null'], commandType=io.lettuce.core.protocol.Command]
2026-02-26 11:49:01 [main] DEBUG i.l.core.protocol.DefaultEndpoint - [channel=0x86364390, /127.0.0.1:59480 -> localhost/127.0.0.1:40465, epid=0x1] write() done
2026-02-26 11:49:01 [lettuce-nioEventLoop-4-1] DEBUG i.l.core.protocol.CommandHandler - [channel=0x86364390, /127.0.0.1:59480 -> localhost/127.0.0.1:40465, epid=0x1, chid=0x1] write(ctx, AsyncCommand [type=GET, output=ValueOutput [output=null, error='null'], commandType=io.lettuce.core.protocol.Command], promise)
2026-02-26 11:49:01 [lettuce-nioEventLoop-4-1] DEBUG i.l.core.protocol.CommandEncoder - [channel=0x86364390, /127.0.0.1:59480 -> localhost/127.0.0.1:40465] writing command AsyncCommand [type=GET, output=ValueOutput [output=null, error='null'], commandType=io.lettuce.core.protocol.Command]
2026-02-26 11:49:01 [lettuce-nioEventLoop-4-1] DEBUG i.l.core.protocol.CommandHandler - [channel=0x86364390, /127.0.0.1:59480 -> localhost/127.0.0.1:40465, epid=0x1, chid=0x1] Received: 13 bytes, 1 commands in the stack
2026-02-26 11:49:01 [lettuce-nioEventLoop-4-1] DEBUG i.l.core.protocol.CommandHandler - [channel=0x86364390, /127.0.0.1:59480 -> localhost/127.0.0.1:40465, epid=0x1, chid=0x1] Stack contains: 1 commands
2026-02-26 11:49:01 [lettuce-nioEventLoop-4-1] DEBUG i.l.core.protocol.RedisStateMachine - Decode done, empty stack: true
2026-02-26 11:49:01 [lettuce-nioEventLoop-4-1] DEBUG i.l.core.protocol.CommandHandler - [channel=0x86364390, /127.0.0.1:59480 -> localhost/127.0.0.1:40465, epid=0x1, chid=0x1] Completing command AsyncCommand [type=GET, output=ValueOutput [output=url.com, error='null'], commandType=io.lettuce.core.protocol.Command]
2026-02-26 11:49:01 [main] DEBUG io.lettuce.core.RedisChannelHandler - dispatching command AsyncCommand [type=DEL, output=IntegerOutput [output=null, error='null'], commandType=io.lettuce.core.protocol.Command]
2026-02-26 11:49:01 [main] DEBUG i.l.core.protocol.DefaultEndpoint - [channel=0x86364390, /127.0.0.1:59480 -> localhost/127.0.0.1:40465, epid=0x1] write() writeAndFlush command AsyncCommand [type=DEL, output=IntegerOutput [output=null, error='null'], commandType=io.lettuce.core.protocol.Command]
2026-02-26 11:49:01 [main] DEBUG i.l.core.protocol.DefaultEndpoint - [channel=0x86364390, /127.0.0.1:59480 -> localhost/127.0.0.1:40465, epid=0x1] write() done
2026-02-26 11:49:01 [lettuce-nioEventLoop-4-1] DEBUG i.l.core.protocol.CommandHandler - [channel=0x86364390, /127.0.0.1:59480 -> localhost/127.0.0.1:40465, epid=0x1, chid=0x1] write(ctx, AsyncCommand [type=DEL, output=IntegerOutput [output=null, error='null'], commandType=io.lettuce.core.protocol.Command], promise)
2026-02-26 11:49:01 [lettuce-nioEventLoop-4-1] DEBUG i.l.core.protocol.CommandEncoder - [channel=0x86364390, /127.0.0.1:59480 -> localhost/127.0.0.1:40465] writing command AsyncCommand [type=DEL, output=IntegerOutput [output=null, error='null'], commandType=io.lettuce.core.protocol.Command]
2026-02-26 11:49:01 [lettuce-nioEventLoop-4-1] DEBUG i.l.core.protocol.CommandHandler - [channel=0x86364390, /127.0.0.1:59480 -> localhost/127.0.0.1:40465, epid=0x1, chid=0x1] Received: 4 bytes, 1 commands in the stack
2026-02-26 11:49:01 [lettuce-nioEventLoop-4-1] DEBUG i.l.core.protocol.CommandHandler - [channel=0x86364390, /127.0.0.1:59480 -> localhost/127.0.0.1:40465, epid=0x1, chid=0x1] Stack contains: 1 commands
2026-02-26 11:49:01 [lettuce-nioEventLoop-4-1] DEBUG i.l.core.protocol.RedisStateMachine - Decode done, empty stack: true
2026-02-26 11:49:01 [lettuce-nioEventLoop-4-1] DEBUG i.l.core.protocol.CommandHandler - [channel=0x86364390, /127.0.0.1:59480 -> localhost/127.0.0.1:40465, epid=0x1, chid=0x1] Completing command AsyncCommand [type=DEL, output=IntegerOutput [output=1, error='null'], commandType=io.lettuce.core.protocol.Command]
2026-02-26 11:49:01 [main] DEBUG o.e.r.redis.RedisRepository - Removed 1 from Redis storage
2026-02-26 11:49:01 [main] DEBUG io.lettuce.core.RedisChannelHandler - dispatching command AsyncCommand [type=GET, output=ValueOutput [output=null, error='null'], commandType=io.lettuce.core.protocol.Command]
2026-02-26 11:49:01 [main] DEBUG i.l.core.protocol.DefaultEndpoint - [channel=0x86364390, /127.0.0.1:59480 -> localhost/127.0.0.1:40465, epid=0x1] write() writeAndFlush command AsyncCommand [type=GET, output=ValueOutput [output=null, error='null'], commandType=io.lettuce.core.protocol.Command]
2026-02-26 11:49:01 [main] DEBUG i.l.core.protocol.DefaultEndpoint - [channel=0x86364390, /127.0.0.1:59480 -> localhost/127.0.0.1:40465, epid=0x1] write() done
2026-02-26 11:49:01 [lettuce-nioEventLoop-4-1] DEBUG i.l.core.protocol.CommandHandler - [channel=0x86364390, /127.0.0.1:59480 -> localhost/127.0.0.1:40465, epid=0x1, chid=0x1] write(ctx, AsyncCommand [type=GET, output=ValueOutput [output=null, error='null'], commandType=io.lettuce.core.protocol.Command], promise)
2026-02-26 11:49:01 [lettuce-nioEventLoop-4-1] DEBUG i.l.core.protocol.CommandEncoder - [channel=0x86364390, /127.0.0.1:59480 -> localhost/127.0.0.1:40465] writing command AsyncCommand [type=GET, output=ValueOutput [output=null, error='null'], commandType=io.lettuce.core.protocol.Command]
2026-02-26 11:49:01 [lettuce-nioEventLoop-4-1] DEBUG i.l.core.protocol.CommandHandler - [channel=0x86364390, /127.0.0.1:59480 -> localhost/127.0.0.1:40465, epid=0x1, chid=0x1] Received: 3 bytes, 1 commands in the stack
2026-02-26 11:49:01 [lettuce-nioEventLoop-4-1] DEBUG i.l.core.protocol.CommandHandler - [channel=0x86364390, /127.0.0.1:59480 -> localhost/127.0.0.1:40465, epid=0x1, chid=0x1] Stack contains: 1 commands
2026-02-26 11:49:01 [lettuce-nioEventLoop-4-1] DEBUG i.l.core.protocol.RedisStateMachine - Decode done, empty stack: true
2026-02-26 11:49:01 [lettuce-nioEventLoop-4-1] DEBUG i.l.core.protocol.CommandHandler - [channel=0x86364390, /127.0.0.1:59480 -> localhost/127.0.0.1:40465, epid=0x1, chid=0x1] Completing command AsyncCommand [type=GET, output=ValueOutput [output=null, error='null'], commandType=io.lettuce.core.protocol.Command]
2026-02-26 11:49:01 [main] DEBUG io.lettuce.core.RedisChannelHandler - dispatching command AsyncCommand [type=SETEX, output=StatusOutput [output=null, error='null'], commandType=io.lettuce.core.protocol.Command]
2026-02-26 11:49:01 [main] DEBUG i.l.core.protocol.DefaultEndpoint - [channel=0x86364390, /127.0.0.1:59480 -> localhost/127.0.0.1:40465, epid=0x1] write() writeAndFlush command AsyncCommand [type=SETEX, output=StatusOutput [output=null, error='null'], commandType=io.lettuce.core.protocol.Command]
2026-02-26 11:49:01 [main] DEBUG i.l.core.protocol.DefaultEndpoint - [channel=0x86364390, /127.0.0.1:59480 -> localhost/127.0.0.1:40465, epid=0x1] write() done
2026-02-26 11:49:01 [lettuce-nioEventLoop-4-1] DEBUG i.l.core.protocol.CommandHandler - [channel=0x86364390, /127.0.0.1:59480 -> localhost/127.0.0.1:40465, epid=0x1, chid=0x1] write(ctx, AsyncCommand [type=SETEX, output=StatusOutput [output=null, error='null'], commandType=io.lettuce.core.protocol.Command], promise)
2026-02-26 11:49:01 [lettuce-nioEventLoop-4-1] DEBUG i.l.core.protocol.CommandEncoder - [channel=0x86364390, /127.0.0.1:59480 -> localhost/127.0.0.1:40465] writing command AsyncCommand [type=SETEX, output=StatusOutput [output=null, error='null'], commandType=io.lettuce.core.protocol.Command]
2026-02-26 11:49:01 [lettuce-nioEventLoop-4-1] DEBUG i.l.core.protocol.CommandHandler - [channel=0x86364390, /127.0.0.1:59480 -> localhost/127.0.0.1:40465, epid=0x1, chid=0x1] Received: 5 bytes, 1 commands in the stack
2026-02-26 11:49:01 [lettuce-nioEventLoop-4-1] DEBUG i.l.core.protocol.CommandHandler - [channel=0x86364390, /127.0.0.1:59480 -> localhost/127.0.0.1:40465, epid=0x1, chid=0x1] Stack contains: 1 commands
2026-02-26 11:49:01 [lettuce-nioEventLoop-4-1] DEBUG i.l.core.protocol.RedisStateMachine - Decode done, empty stack: true
2026-02-26 11:49:01 [lettuce-nioEventLoop-4-1] DEBUG i.l.core.protocol.CommandHandler - [channel=0x86364390, /127.0.0.1:59480 -> localhost/127.0.0.1:40465, epid=0x1, chid=0x1] Completing command AsyncCommand [type=SETEX, output=StatusOutput [output=OK, error='null'], commandType=io.lettuce.core.protocol.Command]
2026-02-26 11:49:01 [main] DEBUG o.e.r.redis.RedisRepository - Added id={1} oldUrl={url.com} bewUrl={null} to Redis
2026-02-26 11:49:01 [main] DEBUG io.lettuce.core.RedisChannelHandler - dispatching command AsyncCommand [type=GET, output=ValueOutput [output=null, error='null'], commandType=io.lettuce.core.protocol.Command]
2026-02-26 11:49:01 [main] DEBUG i.l.core.protocol.DefaultEndpoint - [channel=0x86364390, /127.0.0.1:59480 -> localhost/127.0.0.1:40465, epid=0x1] write() writeAndFlush command AsyncCommand [type=GET, output=ValueOutput [output=null, error='null'], commandType=io.lettuce.core.protocol.Command]
2026-02-26 11:49:01 [main] DEBUG i.l.core.protocol.DefaultEndpoint - [channel=0x86364390, /127.0.0.1:59480 -> localhost/127.0.0.1:40465, epid=0x1] write() done
2026-02-26 11:49:01 [lettuce-nioEventLoop-4-1] DEBUG i.l.core.protocol.CommandHandler - [channel=0x86364390, /127.0.0.1:59480 -> localhost/127.0.0.1:40465, epid=0x1, chid=0x1] write(ctx, AsyncCommand [type=GET, output=ValueOutput [output=null, error='null'], commandType=io.lettuce.core.protocol.Command], promise)
2026-02-26 11:49:01 [lettuce-nioEventLoop-4-1] DEBUG i.l.core.protocol.CommandEncoder - [channel=0x86364390, /127.0.0.1:59480 -> localhost/127.0.0.1:40465] writing command AsyncCommand [type=GET, output=ValueOutput [output=null, error='null'], commandType=io.lettuce.core.protocol.Command]
2026-02-26 11:49:01 [lettuce-nioEventLoop-4-1] DEBUG i.l.core.protocol.CommandHandler - [channel=0x86364390, /127.0.0.1:59480 -> localhost/127.0.0.1:40465, epid=0x1, chid=0x1] Received: 13 bytes, 1 commands in the stack
2026-02-26 11:49:01 [lettuce-nioEventLoop-4-1] DEBUG i.l.core.protocol.CommandHandler - [channel=0x86364390, /127.0.0.1:59480 -> localhost/127.0.0.1:40465, epid=0x1, chid=0x1] Stack contains: 1 commands
2026-02-26 11:49:01 [lettuce-nioEventLoop-4-1] DEBUG i.l.core.protocol.RedisStateMachine - Decode done, empty stack: true
2026-02-26 11:49:01 [lettuce-nioEventLoop-4-1] DEBUG i.l.core.protocol.CommandHandler - [channel=0x86364390, /127.0.0.1:59480 -> localhost/127.0.0.1:40465, epid=0x1, chid=0x1] Completing command AsyncCommand [type=GET, output=ValueOutput [output=url.com, error='null'], commandType=io.lettuce.core.protocol.Command]
2026-02-26 11:49:01 [main] DEBUG io.lettuce.core.RedisChannelHandler - dispatching command AsyncCommand [type=SCAN, output=KeyScanOutput [output=io.lettuce.core.KeyScanCursor@65eb3597, error='null'], commandType=io.lettuce.core.protocol.Command]
2026-02-26 11:49:01 [main] DEBUG i.l.core.protocol.DefaultEndpoint - [channel=0x86364390, /127.0.0.1:59480 -> localhost/127.0.0.1:40465, epid=0x1] write() writeAndFlush command AsyncCommand [type=SCAN, output=KeyScanOutput [output=io.lettuce.core.KeyScanCursor@65eb3597, error='null'], commandType=io.lettuce.core.protocol.Command]
2026-02-26 11:49:01 [main] DEBUG i.l.core.protocol.DefaultEndpoint - [channel=0x86364390, /127.0.0.1:59480 -> localhost/127.0.0.1:40465, epid=0x1] write() done
2026-02-26 11:49:01 [lettuce-nioEventLoop-4-1] DEBUG i.l.core.protocol.CommandHandler - [channel=0x86364390, /127.0.0.1:59480 -> localhost/127.0.0.1:40465, epid=0x1, chid=0x1] write(ctx, AsyncCommand [type=SCAN, output=KeyScanOutput [output=io.lettuce.core.KeyScanCursor@65eb3597, error='null'], commandType=io.lettuce.core.protocol.Command], promise)
2026-02-26 11:49:01 [lettuce-nioEventLoop-4-1] DEBUG i.l.core.protocol.CommandEncoder - [channel=0x86364390, /127.0.0.1:59480 -> localhost/127.0.0.1:40465] writing command AsyncCommand [type=SCAN, output=KeyScanOutput [output=io.lettuce.core.KeyScanCursor@65eb3597, error='null'], commandType=io.lettuce.core.protocol.Command]
2026-02-26 11:49:01 [lettuce-nioEventLoop-4-1] DEBUG i.l.core.protocol.CommandHandler - [channel=0x86364390, /127.0.0.1:59480 -> localhost/127.0.0.1:40465, epid=0x1, chid=0x1] Received: 22 bytes, 1 commands in the stack
2026-02-26 11:49:01 [lettuce-nioEventLoop-4-1] DEBUG i.l.core.protocol.CommandHandler - [channel=0x86364390, /127.0.0.1:59480 -> localhost/127.0.0.1:40465, epid=0x1, chid=0x1] Stack contains: 1 commands
2026-02-26 11:49:01 [lettuce-nioEventLoop-4-1] DEBUG i.l.core.protocol.RedisStateMachine - Decode done, empty stack: true
2026-02-26 11:49:01 [lettuce-nioEventLoop-4-1] DEBUG i.l.core.protocol.CommandHandler - [channel=0x86364390, /127.0.0.1:59480 -> localhost/127.0.0.1:40465, epid=0x1, chid=0x1] Completing command AsyncCommand [type=SCAN, output=KeyScanOutput [output=io.lettuce.core.KeyScanCursor@65eb3597, error='null'], commandType=io.lettuce.core.protocol.Command]
2026-02-26 11:49:01 [main] DEBUG io.lettuce.core.RedisChannelHandler - dispatching command AsyncCommand [type=GET, output=ValueOutput [output=null, error='null'], commandType=io.lettuce.core.protocol.Command]
2026-02-26 11:49:01 [main] DEBUG i.l.core.protocol.DefaultEndpoint - [channel=0x86364390, /127.0.0.1:59480 -> localhost/127.0.0.1:40465, epid=0x1] write() writeAndFlush command AsyncCommand [type=GET, output=ValueOutput [output=null, error='null'], commandType=io.lettuce.core.protocol.Command]
2026-02-26 11:49:01 [main] DEBUG i.l.core.protocol.DefaultEndpoint - [channel=0x86364390, /127.0.0.1:59480 -> localhost/127.0.0.1:40465, epid=0x1] write() done
2026-02-26 11:49:01 [lettuce-nioEventLoop-4-1] DEBUG i.l.core.protocol.CommandHandler - [channel=0x86364390, /127.0.0.1:59480 -> localhost/127.0.0.1:40465, epid=0x1, chid=0x1] write(ctx, AsyncCommand [type=GET, output=ValueOutput [output=null, error='null'], commandType=io.lettuce.core.protocol.Command], promise)
2026-02-26 11:49:01 [lettuce-nioEventLoop-4-1] DEBUG i.l.core.protocol.CommandEncoder - [channel=0x86364390, /127.0.0.1:59480 -> localhost/127.0.0.1:40465] writing command AsyncCommand [type=GET, output=ValueOutput [output=null, error='null'], commandType=io.lettuce.core.protocol.Command]
2026-02-26 11:49:01 [lettuce-nioEventLoop-4-1] DEBUG i.l.core.protocol.CommandHandler - [channel=0x86364390, /127.0.0.1:59480 -> localhost/127.0.0.1:40465, epid=0x1, chid=0x1] Received: 13 bytes, 1 commands in the stack
2026-02-26 11:49:01 [lettuce-nioEventLoop-4-1] DEBUG i.l.core.protocol.CommandHandler - [channel=0x86364390, /127.0.0.1:59480 -> localhost/127.0.0.1:40465, epid=0x1, chid=0x1] Stack contains: 1 commands
2026-02-26 11:49:01 [lettuce-nioEventLoop-4-1] DEBUG i.l.core.protocol.RedisStateMachine - Decode done, empty stack: true
2026-02-26 11:49:01 [lettuce-nioEventLoop-4-1] DEBUG i.l.core.protocol.CommandHandler - [channel=0x86364390, /127.0.0.1:59480 -> localhost/127.0.0.1:40465, epid=0x1, chid=0x1] Completing command AsyncCommand [type=GET, output=ValueOutput [output=url.com, error='null'], commandType=io.lettuce.core.protocol.Command]
2026-02-26 11:49:01 [main] DEBUG io.lettuce.core.RedisChannelHandler - dispatching command AsyncCommand [type=GET, output=ValueOutput [output=null, error='null'], commandType=io.lettuce.core.protocol.Command]
2026-02-26 11:49:01 [main] DEBUG i.l.core.protocol.DefaultEndpoint - [channel=0x86364390, /127.0.0.1:59480 -> localhost/127.0.0.1:40465, epid=0x1] write() writeAndFlush command AsyncCommand [type=GET, output=ValueOutput [output=null, error='null'], commandType=io.lettuce.core.protocol.Command]
2026-02-26 11:49:01 [main] DEBUG i.l.core.protocol.DefaultEndpoint - [channel=0x86364390, /127.0.0.1:59480 -> localhost/127.0.0.1:40465, epid=0x1] write() done
2026-02-26 11:49:01 [lettuce-nioEventLoop-4-1] DEBUG i.l.core.protocol.CommandHandler - [channel=0x86364390, /127.0.0.1:59480 -> localhost/127.0.0.1:40465, epid=0x1, chid=0x1] write(ctx, AsyncCommand [type=GET, output=ValueOutput [output=null, error='null'], commandType=io.lettuce.core.protocol.Command], promise)
2026-02-26 11:49:01 [lettuce-nioEventLoop-4-1] DEBUG i.l.core.protocol.CommandEncoder - [channel=0x86364390, /127.0.0.1:59480 -> localhost/127.0.0.1:40465] writing command AsyncCommand [type=GET, output=ValueOutput [output=null, error='null'], commandType=io.lettuce.core.protocol.Command]
2026-02-26 11:49:01 [lettuce-nioEventLoop-4-1] DEBUG i.l.core.protocol.CommandHandler - [channel=0x86364390, /127.0.0.1:59480 -> localhost/127.0.0.1:40465, epid=0x1, chid=0x1] Received: 13 bytes, 1 commands in the stack
2026-02-26 11:49:01 [lettuce-nioEventLoop-4-1] DEBUG i.l.core.protocol.CommandHandler - [channel=0x86364390, /127.0.0.1:59480 -> localhost/127.0.0.1:40465, epid=0x1, chid=0x1] Stack contains: 1 commands
2026-02-26 11:49:01 [lettuce-nioEventLoop-4-1] DEBUG i.l.core.protocol.RedisStateMachine - Decode done, empty stack: true
2026-02-26 11:49:01 [lettuce-nioEventLoop-4-1] DEBUG i.l.core.protocol.CommandHandler - [channel=0x86364390, /127.0.0.1:59480 -> localhost/127.0.0.1:40465, epid=0x1, chid=0x1] Completing command AsyncCommand [type=GET, output=ValueOutput [output=url.com, error='null'], commandType=io.lettuce.core.protocol.Command]
2026-02-26 11:49:01 [main] DEBUG io.lettuce.core.RedisChannelHandler - dispatching command AsyncCommand [type=DEL, output=IntegerOutput [output=null, error='null'], commandType=io.lettuce.core.protocol.Command]
2026-02-26 11:49:01 [main] DEBUG i.l.core.protocol.DefaultEndpoint - [channel=0x86364390, /127.0.0.1:59480 -> localhost/127.0.0.1:40465, epid=0x1] write() writeAndFlush command AsyncCommand [type=DEL, output=IntegerOutput [output=null, error='null'], commandType=io.lettuce.core.protocol.Command]
2026-02-26 11:49:01 [main] DEBUG i.l.core.protocol.DefaultEndpoint - [channel=0x86364390, /127.0.0.1:59480 -> localhost/127.0.0.1:40465, epid=0x1] write() done
2026-02-26 11:49:01 [lettuce-nioEventLoop-4-1] DEBUG i.l.core.protocol.CommandHandler - [channel=0x86364390, /127.0.0.1:59480 -> localhost/127.0.0.1:40465, epid=0x1, chid=0x1] write(ctx, AsyncCommand [type=DEL, output=IntegerOutput [output=null, error='null'], commandType=io.lettuce.core.protocol.Command], promise)
2026-02-26 11:49:01 [lettuce-nioEventLoop-4-1] DEBUG i.l.core.protocol.CommandEncoder - [channel=0x86364390, /127.0.0.1:59480 -> localhost/127.0.0.1:40465] writing command AsyncCommand [type=DEL, output=IntegerOutput [output=null, error='null'], commandType=io.lettuce.core.protocol.Command]
2026-02-26 11:49:01 [lettuce-nioEventLoop-4-1] DEBUG i.l.core.protocol.CommandHandler - [channel=0x86364390, /127.0.0.1:59480 -> localhost/127.0.0.1:40465, epid=0x1, chid=0x1] Received: 4 bytes, 1 commands in the stack
2026-02-26 11:49:01 [lettuce-nioEventLoop-4-1] DEBUG i.l.core.protocol.CommandHandler - [channel=0x86364390, /127.0.0.1:59480 -> localhost/127.0.0.1:40465, epid=0x1, chid=0x1] Stack contains: 1 commands
2026-02-26 11:49:01 [lettuce-nioEventLoop-4-1] DEBUG i.l.core.protocol.RedisStateMachine - Decode done, empty stack: true
2026-02-26 11:49:01 [lettuce-nioEventLoop-4-1] DEBUG i.l.core.protocol.CommandHandler - [channel=0x86364390, /127.0.0.1:59480 -> localhost/127.0.0.1:40465, epid=0x1, chid=0x1] Completing command AsyncCommand [type=DEL, output=IntegerOutput [output=1, error='null'], commandType=io.lettuce.core.protocol.Command]
2026-02-26 11:49:01 [main] DEBUG o.e.r.redis.RedisRepository - Removed 1 from Redis storage
2026-02-26 11:49:01 [main] DEBUG io.lettuce.core.RedisChannelHandler - dispatching command AsyncCommand [type=GET, output=ValueOutput [output=null, error='null'], commandType=io.lettuce.core.protocol.Command]
2026-02-26 11:49:01 [main] DEBUG i.l.core.protocol.DefaultEndpoint - [channel=0x86364390, /127.0.0.1:59480 -> localhost/127.0.0.1:40465, epid=0x1] write() writeAndFlush command AsyncCommand [type=GET, output=ValueOutput [output=null, error='null'], commandType=io.lettuce.core.protocol.Command]
2026-02-26 11:49:01 [main] DEBUG i.l.core.protocol.DefaultEndpoint - [channel=0x86364390, /127.0.0.1:59480 -> localhost/127.0.0.1:40465, epid=0x1] write() done
2026-02-26 11:49:01 [lettuce-nioEventLoop-4-1] DEBUG i.l.core.protocol.CommandHandler - [channel=0x86364390, /127.0.0.1:59480 -> localhost/127.0.0.1:40465, epid=0x1, chid=0x1] write(ctx, AsyncCommand [type=GET, output=ValueOutput [output=null, error='null'], commandType=io.lettuce.core.protocol.Command], promise)
2026-02-26 11:49:01 [lettuce-nioEventLoop-4-1] DEBUG i.l.core.protocol.CommandEncoder - [channel=0x86364390, /127.0.0.1:59480 -> localhost/127.0.0.1:40465] writing command AsyncCommand [type=GET, output=ValueOutput [output=null, error='null'], commandType=io.lettuce.core.protocol.Command]
2026-02-26 11:49:01 [lettuce-nioEventLoop-4-1] DEBUG i.l.core.protocol.CommandHandler - [channel=0x86364390, /127.0.0.1:59480 -> localhost/127.0.0.1:40465, epid=0x1, chid=0x1] Received: 3 bytes, 1 commands in the stack
2026-02-26 11:49:01 [lettuce-nioEventLoop-4-1] DEBUG i.l.core.protocol.CommandHandler - [channel=0x86364390, /127.0.0.1:59480 -> localhost/127.0.0.1:40465, epid=0x1, chid=0x1] Stack contains: 1 commands
2026-02-26 11:49:01 [lettuce-nioEventLoop-4-1] DEBUG i.l.core.protocol.RedisStateMachine - Decode done, empty stack: true
2026-02-26 11:49:01 [lettuce-nioEventLoop-4-1] DEBUG i.l.core.protocol.CommandHandler - [channel=0x86364390, /127.0.0.1:59480 -> localhost/127.0.0.1:40465, epid=0x1, chid=0x1] Completing command AsyncCommand [type=GET, output=ValueOutput [output=null, error='null'], commandType=io.lettuce.core.protocol.Command]
2026-02-26 11:49:01 [main] DEBUG io.lettuce.core.RedisChannelHandler - dispatching command AsyncCommand [type=SETEX, output=StatusOutput [output=null, error='null'], commandType=io.lettuce.core.protocol.Command]
2026-02-26 11:49:01 [main] DEBUG i.l.core.protocol.DefaultEndpoint - [channel=0x86364390, /127.0.0.1:59480 -> localhost/127.0.0.1:40465, epid=0x1] write() writeAndFlush command AsyncCommand [type=SETEX, output=StatusOutput [output=null, error='null'], commandType=io.lettuce.core.protocol.Command]
2026-02-26 11:49:01 [main] DEBUG i.l.core.protocol.DefaultEndpoint - [channel=0x86364390, /127.0.0.1:59480 -> localhost/127.0.0.1:40465, epid=0x1] write() done
2026-02-26 11:49:01 [lettuce-nioEventLoop-4-1] DEBUG i.l.core.protocol.CommandHandler - [channel=0x86364390, /127.0.0.1:59480 -> localhost/127.0.0.1:40465, epid=0x1, chid=0x1] write(ctx, AsyncCommand [type=SETEX, output=StatusOutput [output=null, error='null'], commandType=io.lettuce.core.protocol.Command], promise)
2026-02-26 11:49:01 [lettuce-nioEventLoop-4-1] DEBUG i.l.core.protocol.CommandEncoder - [channel=0x86364390, /127.0.0.1:59480 -> localhost/127.0.0.1:40465] writing command AsyncCommand [type=SETEX, output=StatusOutput [output=null, error='null'], commandType=io.lettuce.core.protocol.Command]
2026-02-26 11:49:01 [lettuce-nioEventLoop-4-1] DEBUG i.l.core.protocol.CommandHandler - [channel=0x86364390, /127.0.0.1:59480 -> localhost/127.0.0.1:40465, epid=0x1, chid=0x1] Received: 5 bytes, 1 commands in the stack
2026-02-26 11:49:01 [lettuce-nioEventLoop-4-1] DEBUG i.l.core.protocol.CommandHandler - [channel=0x86364390, /127.0.0.1:59480 -> localhost/127.0.0.1:40465, epid=0x1, chid=0x1] Stack contains: 1 commands
2026-02-26 11:49:01 [lettuce-nioEventLoop-4-1] DEBUG i.l.core.protocol.RedisStateMachine - Decode done, empty stack: true
2026-02-26 11:49:01 [lettuce-nioEventLoop-4-1] DEBUG i.l.core.protocol.CommandHandler - [channel=0x86364390, /127.0.0.1:59480 -> localhost/127.0.0.1:40465, epid=0x1, chid=0x1] Completing command AsyncCommand [type=SETEX, output=StatusOutput [output=OK, error='null'], commandType=io.lettuce.core.protocol.Command]
2026-02-26 11:49:01 [main] DEBUG o.e.r.redis.RedisRepository - Added id={1} oldUrl={url.com} bewUrl={null} to Redis
2026-02-26 11:49:01 [main] DEBUG io.lettuce.core.RedisChannelHandler - dispatching command AsyncCommand [type=SCAN, output=KeyScanOutput [output=io.lettuce.core.KeyScanCursor@72ecbcb3, error='null'], commandType=io.lettuce.core.protocol.Command]
2026-02-26 11:49:01 [main] DEBUG i.l.core.protocol.DefaultEndpoint - [channel=0x86364390, /127.0.0.1:59480 -> localhost/127.0.0.1:40465, epid=0x1] write() writeAndFlush command AsyncCommand [type=SCAN, output=KeyScanOutput [output=io.lettuce.core.KeyScanCursor@72ecbcb3, error='null'], commandType=io.lettuce.core.protocol.Command]
2026-02-26 11:49:01 [main] DEBUG i.l.core.protocol.DefaultEndpoint - [channel=0x86364390, /127.0.0.1:59480 -> localhost/127.0.0.1:40465, epid=0x1] write() done
2026-02-26 11:49:01 [lettuce-nioEventLoop-4-1] DEBUG i.l.core.protocol.CommandHandler - [channel=0x86364390, /127.0.0.1:59480 -> localhost/127.0.0.1:40465, epid=0x1, chid=0x1] write(ctx, AsyncCommand [type=SCAN, output=KeyScanOutput [output=io.lettuce.core.KeyScanCursor@72ecbcb3, error='null'], commandType=io.lettuce.core.protocol.Command], promise)
2026-02-26 11:49:01 [lettuce-nioEventLoop-4-1] DEBUG i.l.core.protocol.CommandEncoder - [channel=0x86364390, /127.0.0.1:59480 -> localhost/127.0.0.1:40465] writing command AsyncCommand [type=SCAN, output=KeyScanOutput [output=io.lettuce.core.KeyScanCursor@72ecbcb3, error='null'], commandType=io.lettuce.core.protocol.Command]
2026-02-26 11:49:01 [lettuce-nioEventLoop-4-1] DEBUG i.l.core.protocol.CommandHandler - [channel=0x86364390, /127.0.0.1:59480 -> localhost/127.0.0.1:40465, epid=0x1, chid=0x1] Received: 22 bytes, 1 commands in the stack
2026-02-26 11:49:01 [lettuce-nioEventLoop-4-1] DEBUG i.l.core.protocol.CommandHandler - [channel=0x86364390, /127.0.0.1:59480 -> localhost/127.0.0.1:40465, epid=0x1, chid=0x1] Stack contains: 1 commands
2026-02-26 11:49:01 [lettuce-nioEventLoop-4-1] DEBUG i.l.core.protocol.RedisStateMachine - Decode done, empty stack: true
2026-02-26 11:49:01 [lettuce-nioEventLoop-4-1] DEBUG i.l.core.protocol.CommandHandler - [channel=0x86364390, /127.0.0.1:59480 -> localhost/127.0.0.1:40465, epid=0x1, chid=0x1] Completing command AsyncCommand [type=SCAN, output=KeyScanOutput [output=io.lettuce.core.KeyScanCursor@72ecbcb3, error='null'], commandType=io.lettuce.core.protocol.Command]
2026-02-26 11:49:01 [main] DEBUG io.lettuce.core.RedisChannelHandler - dispatching command AsyncCommand [type=GET, output=ValueOutput [output=null, error='null'], commandType=io.lettuce.core.protocol.Command]
2026-02-26 11:49:01 [main] DEBUG i.l.core.protocol.DefaultEndpoint - [channel=0x86364390, /127.0.0.1:59480 -> localhost/127.0.0.1:40465, epid=0x1] write() writeAndFlush command AsyncCommand [type=GET, output=ValueOutput [output=null, error='null'], commandType=io.lettuce.core.protocol.Command]
2026-02-26 11:49:01 [main] DEBUG i.l.core.protocol.DefaultEndpoint - [channel=0x86364390, /127.0.0.1:59480 -> localhost/127.0.0.1:40465, epid=0x1] write() done
2026-02-26 11:49:01 [lettuce-nioEventLoop-4-1] DEBUG i.l.core.protocol.CommandHandler - [channel=0x86364390, /127.0.0.1:59480 -> localhost/127.0.0.1:40465, epid=0x1, chid=0x1] write(ctx, AsyncCommand [type=GET, output=ValueOutput [output=null, error='null'], commandType=io.lettuce.core.protocol.Command], promise)
2026-02-26 11:49:01 [lettuce-nioEventLoop-4-1] DEBUG i.l.core.protocol.CommandEncoder - [channel=0x86364390, /127.0.0.1:59480 -> localhost/127.0.0.1:40465] writing command AsyncCommand [type=GET, output=ValueOutput [output=null, error='null'], commandType=io.lettuce.core.protocol.Command]
2026-02-26 11:49:01 [lettuce-nioEventLoop-4-1] DEBUG i.l.core.protocol.CommandHandler - [channel=0x86364390, /127.0.0.1:59480 -> localhost/127.0.0.1:40465, epid=0x1, chid=0x1] Received: 13 bytes, 1 commands in the stack
2026-02-26 11:49:01 [lettuce-nioEventLoop-4-1] DEBUG i.l.core.protocol.CommandHandler - [channel=0x86364390, /127.0.0.1:59480 -> localhost/127.0.0.1:40465, epid=0x1, chid=0x1] Stack contains: 1 commands
2026-02-26 11:49:01 [lettuce-nioEventLoop-4-1] DEBUG i.l.core.protocol.RedisStateMachine - Decode done, empty stack: true
2026-02-26 11:49:01 [lettuce-nioEventLoop-4-1] DEBUG i.l.core.protocol.CommandHandler - [channel=0x86364390, /127.0.0.1:59480 -> localhost/127.0.0.1:40465, epid=0x1, chid=0x1] Completing command AsyncCommand [type=GET, output=ValueOutput [output=url.com, error='null'], commandType=io.lettuce.core.protocol.Command]
2026-02-26 11:49:01 [main] DEBUG io.lettuce.core.RedisChannelHandler - dispatching command AsyncCommand [type=SCAN, output=KeyScanOutput [output=io.lettuce.core.KeyScanCursor@79ecc507, error='null'], commandType=io.lettuce.core.protocol.Command]
2026-02-26 11:49:01 [main] DEBUG i.l.core.protocol.DefaultEndpoint - [channel=0x86364390, /127.0.0.1:59480 -> localhost/127.0.0.1:40465, epid=0x1] write() writeAndFlush command AsyncCommand [type=SCAN, output=KeyScanOutput [output=io.lettuce.core.KeyScanCursor@79ecc507, error='null'], commandType=io.lettuce.core.protocol.Command]
2026-02-26 11:49:01 [main] DEBUG i.l.core.protocol.DefaultEndpoint - [channel=0x86364390, /127.0.0.1:59480 -> localhost/127.0.0.1:40465, epid=0x1] write() done
2026-02-26 11:49:01 [lettuce-nioEventLoop-4-1] DEBUG i.l.core.protocol.CommandHandler - [channel=0x86364390, /127.0.0.1:59480 -> localhost/127.0.0.1:40465, epid=0x1, chid=0x1] write(ctx, AsyncCommand [type=SCAN, output=KeyScanOutput [output=io.lettuce.core.KeyScanCursor@79ecc507, error='null'], commandType=io.lettuce.core.protocol.Command], promise)
2026-02-26 11:49:01 [lettuce-nioEventLoop-4-1] DEBUG i.l.core.protocol.CommandEncoder - [channel=0x86364390, /127.0.0.1:59480 -> localhost/127.0.0.1:40465] writing command AsyncCommand [type=SCAN, output=KeyScanOutput [output=io.lettuce.core.KeyScanCursor@79ecc507, error='null'], commandType=io.lettuce.core.protocol.Command]
2026-02-26 11:49:01 [lettuce-nioEventLoop-4-1] DEBUG i.l.core.protocol.CommandHandler - [channel=0x86364390, /127.0.0.1:59480 -> localhost/127.0.0.1:40465, epid=0x1, chid=0x1] Received: 22 bytes, 1 commands in the stack
2026-02-26 11:49:01 [lettuce-nioEventLoop-4-1] DEBUG i.l.core.protocol.CommandHandler - [channel=0x86364390, /127.0.0.1:59480 -> localhost/127.0.0.1:40465, epid=0x1, chid=0x1] Stack contains: 1 commands
2026-02-26 11:49:01 [lettuce-nioEventLoop-4-1] DEBUG i.l.core.protocol.RedisStateMachine - Decode done, empty stack: true
2026-02-26 11:49:01 [lettuce-nioEventLoop-4-1] DEBUG i.l.core.protocol.CommandHandler - [channel=0x86364390, /127.0.0.1:59480 -> localhost/127.0.0.1:40465, epid=0x1, chid=0x1] Completing command AsyncCommand [type=SCAN, output=KeyScanOutput [output=io.lettuce.core.KeyScanCursor@79ecc507, error='null'], commandType=io.lettuce.core.protocol.Command]
2026-02-26 11:49:01 [main] DEBUG io.lettuce.core.RedisChannelHandler - dispatching command AsyncCommand [type=GET, output=ValueOutput [output=null, error='null'], commandType=io.lettuce.core.protocol.Command]
2026-02-26 11:49:01 [main] DEBUG i.l.core.protocol.DefaultEndpoint - [channel=0x86364390, /127.0.0.1:59480 -> localhost/127.0.0.1:40465, epid=0x1] write() writeAndFlush command AsyncCommand [type=GET, output=ValueOutput [output=null, error='null'], commandType=io.lettuce.core.protocol.Command]
2026-02-26 11:49:01 [main] DEBUG i.l.core.protocol.DefaultEndpoint - [channel=0x86364390, /127.0.0.1:59480 -> localhost/127.0.0.1:40465, epid=0x1] write() done
2026-02-26 11:49:01 [lettuce-nioEventLoop-4-1] DEBUG i.l.core.protocol.CommandHandler - [channel=0x86364390, /127.0.0.1:59480 -> localhost/127.0.0.1:40465, epid=0x1, chid=0x1] write(ctx, AsyncCommand [type=GET, output=ValueOutput [output=null, error='null'], commandType=io.lettuce.core.protocol.Command], promise)
2026-02-26 11:49:01 [lettuce-nioEventLoop-4-1] DEBUG i.l.core.protocol.CommandEncoder - [channel=0x86364390, /127.0.0.1:59480 -> localhost/127.0.0.1:40465] writing command AsyncCommand [type=GET, output=ValueOutput [output=null, error='null'], commandType=io.lettuce.core.protocol.Command]
2026-02-26 11:49:01 [lettuce-nioEventLoop-4-1] DEBUG i.l.core.protocol.CommandHandler - [channel=0x86364390, /127.0.0.1:59480 -> localhost/127.0.0.1:40465, epid=0x1, chid=0x1] Received: 13 bytes, 1 commands in the stack
2026-02-26 11:49:01 [lettuce-nioEventLoop-4-1] DEBUG i.l.core.protocol.CommandHandler - [channel=0x86364390, /127.0.0.1:59480 -> localhost/127.0.0.1:40465, epid=0x1, chid=0x1] Stack contains: 1 commands
2026-02-26 11:49:01 [lettuce-nioEventLoop-4-1] DEBUG i.l.core.protocol.RedisStateMachine - Decode done, empty stack: true
2026-02-26 11:49:01 [lettuce-nioEventLoop-4-1] DEBUG i.l.core.protocol.CommandHandler - [channel=0x86364390, /127.0.0.1:59480 -> localhost/127.0.0.1:40465, epid=0x1, chid=0x1] Completing command AsyncCommand [type=GET, output=ValueOutput [output=url.com, error='null'], commandType=io.lettuce.core.protocol.Command]
2026-02-26 11:49:01 [main] DEBUG io.lettuce.core.RedisChannelHandler - dispatching command AsyncCommand [type=GET, output=ValueOutput [output=null, error='null'], commandType=io.lettuce.core.protocol.Command]
2026-02-26 11:49:01 [main] DEBUG i.l.core.protocol.DefaultEndpoint - [channel=0x86364390, /127.0.0.1:59480 -> localhost/127.0.0.1:40465, epid=0x1] write() writeAndFlush command AsyncCommand [type=GET, output=ValueOutput [output=null, error='null'], commandType=io.lettuce.core.protocol.Command]
2026-02-26 11:49:01 [main] DEBUG i.l.core.protocol.DefaultEndpoint - [channel=0x86364390, /127.0.0.1:59480 -> localhost/127.0.0.1:40465, epid=0x1] write() done
2026-02-26 11:49:01 [lettuce-nioEventLoop-4-1] DEBUG i.l.core.protocol.CommandHandler - [channel=0x86364390, /127.0.0.1:59480 -> localhost/127.0.0.1:40465, epid=0x1, chid=0x1] write(ctx, AsyncCommand [type=GET, output=ValueOutput [output=null, error='null'], commandType=io.lettuce.core.protocol.Command], promise)
2026-02-26 11:49:01 [lettuce-nioEventLoop-4-1] DEBUG i.l.core.protocol.CommandEncoder - [channel=0x86364390, /127.0.0.1:59480 -> localhost/127.0.0.1:40465] writing command AsyncCommand [type=GET, output=ValueOutput [output=null, error='null'], commandType=io.lettuce.core.protocol.Command]
2026-02-26 11:49:01 [lettuce-nioEventLoop-4-1] DEBUG i.l.core.protocol.CommandHandler - [channel=0x86364390, /127.0.0.1:59480 -> localhost/127.0.0.1:40465, epid=0x1, chid=0x1] Received: 13 bytes, 1 commands in the stack
2026-02-26 11:49:01 [lettuce-nioEventLoop-4-1] DEBUG i.l.core.protocol.CommandHandler - [channel=0x86364390, /127.0.0.1:59480 -> localhost/127.0.0.1:40465, epid=0x1, chid=0x1] Stack contains: 1 commands
2026-02-26 11:49:01 [lettuce-nioEventLoop-4-1] DEBUG i.l.core.protocol.RedisStateMachine - Decode done, empty stack: true
2026-02-26 11:49:01 [lettuce-nioEventLoop-4-1] DEBUG i.l.core.protocol.CommandHandler - [channel=0x86364390, /127.0.0.1:59480 -> localhost/127.0.0.1:40465, epid=0x1, chid=0x1] Completing command AsyncCommand [type=GET, output=ValueOutput [output=url.com, error='null'], commandType=io.lettuce.core.protocol.Command]
2026-02-26 11:49:01 [main] DEBUG io.lettuce.core.RedisChannelHandler - dispatching command AsyncCommand [type=DEL, output=IntegerOutput [output=null, error='null'], commandType=io.lettuce.core.protocol.Command]
2026-02-26 11:49:01 [main] DEBUG i.l.core.protocol.DefaultEndpoint - [channel=0x86364390, /127.0.0.1:59480 -> localhost/127.0.0.1:40465, epid=0x1] write() writeAndFlush command AsyncCommand [type=DEL, output=IntegerOutput [output=null, error='null'], commandType=io.lettuce.core.protocol.Command]
2026-02-26 11:49:01 [main] DEBUG i.l.core.protocol.DefaultEndpoint - [channel=0x86364390, /127.0.0.1:59480 -> localhost/127.0.0.1:40465, epid=0x1] write() done
2026-02-26 11:49:01 [lettuce-nioEventLoop-4-1] DEBUG i.l.core.protocol.CommandHandler - [channel=0x86364390, /127.0.0.1:59480 -> localhost/127.0.0.1:40465, epid=0x1, chid=0x1] write(ctx, AsyncCommand [type=DEL, output=IntegerOutput [output=null, error='null'], commandType=io.lettuce.core.protocol.Command], promise)
2026-02-26 11:49:01 [lettuce-nioEventLoop-4-1] DEBUG i.l.core.protocol.CommandEncoder - [channel=0x86364390, /127.0.0.1:59480 -> localhost/127.0.0.1:40465] writing command AsyncCommand [type=DEL, output=IntegerOutput [output=null, error='null'], commandType=io.lettuce.core.protocol.Command]
2026-02-26 11:49:01 [lettuce-nioEventLoop-4-1] DEBUG i.l.core.protocol.CommandHandler - [channel=0x86364390, /127.0.0.1:59480 -> localhost/127.0.0.1:40465, epid=0x1, chid=0x1] Received: 4 bytes, 1 commands in the stack
2026-02-26 11:49:01 [lettuce-nioEventLoop-4-1] DEBUG i.l.core.protocol.CommandHandler - [channel=0x86364390, /127.0.0.1:59480 -> localhost/127.0.0.1:40465, epid=0x1, chid=0x1] Stack contains: 1 commands
2026-02-26 11:49:01 [lettuce-nioEventLoop-4-1] DEBUG i.l.core.protocol.RedisStateMachine - Decode done, empty stack: true
2026-02-26 11:49:01 [lettuce-nioEventLoop-4-1] DEBUG i.l.core.protocol.CommandHandler - [channel=0x86364390, /127.0.0.1:59480 -> localhost/127.0.0.1:40465, epid=0x1, chid=0x1] Completing command AsyncCommand [type=DEL, output=IntegerOutput [output=1, error='null'], commandType=io.lettuce.core.protocol.Command]
2026-02-26 11:49:01 [main] DEBUG o.e.r.redis.RedisRepository - Removed 1 from Redis storage
2026-02-26 11:49:01 [main] DEBUG io.lettuce.core.RedisChannelHandler - dispatching command AsyncCommand [type=SCAN, output=KeyScanOutput [output=io.lettuce.core.KeyScanCursor@38e83838, error='null'], commandType=io.lettuce.core.protocol.Command]
2026-02-26 11:49:01 [main] DEBUG i.l.core.protocol.DefaultEndpoint - [channel=0x86364390, /127.0.0.1:59480 -> localhost/127.0.0.1:40465, epid=0x1] write() writeAndFlush command AsyncCommand [type=SCAN, output=KeyScanOutput [output=io.lettuce.core.KeyScanCursor@38e83838, error='null'], commandType=io.lettuce.core.protocol.Command]
2026-02-26 11:49:01 [main] DEBUG i.l.core.protocol.DefaultEndpoint - [channel=0x86364390, /127.0.0.1:59480 -> localhost/127.0.0.1:40465, epid=0x1] write() done
2026-02-26 11:49:01 [lettuce-nioEventLoop-4-1] DEBUG i.l.core.protocol.CommandHandler - [channel=0x86364390, /127.0.0.1:59480 -> localhost/127.0.0.1:40465, epid=0x1, chid=0x1] write(ctx, AsyncCommand [type=SCAN, output=KeyScanOutput [output=io.lettuce.core.KeyScanCursor@38e83838, error='null'], commandType=io.lettuce.core.protocol.Command], promise)
2026-02-26 11:49:01 [lettuce-nioEventLoop-4-1] DEBUG i.l.core.protocol.CommandEncoder - [channel=0x86364390, /127.0.0.1:59480 -> localhost/127.0.0.1:40465] writing command AsyncCommand [type=SCAN, output=KeyScanOutput [output=io.lettuce.core.KeyScanCursor@38e83838, error='null'], commandType=io.lettuce.core.protocol.Command]
2026-02-26 11:49:01 [lettuce-nioEventLoop-4-1] DEBUG i.l.core.protocol.CommandHandler - [channel=0x86364390, /127.0.0.1:59480 -> localhost/127.0.0.1:40465, epid=0x1, chid=0x1] Received: 15 bytes, 1 commands in the stack
2026-02-26 11:49:01 [lettuce-nioEventLoop-4-1] DEBUG i.l.core.protocol.CommandHandler - [channel=0x86364390, /127.0.0.1:59480 -> localhost/127.0.0.1:40465, epid=0x1, chid=0x1] Stack contains: 1 commands
2026-02-26 11:49:01 [lettuce-nioEventLoop-4-1] DEBUG i.l.core.protocol.RedisStateMachine - Decode done, empty stack: true
2026-02-26 11:49:01 [lettuce-nioEventLoop-4-1] DEBUG i.l.core.protocol.CommandHandler - [channel=0x86364390, /127.0.0.1:59480 -> localhost/127.0.0.1:40465, epid=0x1, chid=0x1] Completing command AsyncCommand [type=SCAN, output=KeyScanOutput [output=io.lettuce.core.KeyScanCursor@38e83838, error='null'], commandType=io.lettuce.core.protocol.Command]
2026-02-26 11:49:01 [main] DEBUG io.lettuce.core.RedisChannelHandler - dispatching command AsyncCommand [type=GET, output=ValueOutput [output=null, error='null'], commandType=io.lettuce.core.protocol.Command]
2026-02-26 11:49:01 [main] DEBUG i.l.core.protocol.DefaultEndpoint - [channel=0x86364390, /127.0.0.1:59480 -> localhost/127.0.0.1:40465, epid=0x1] write() writeAndFlush command AsyncCommand [type=GET, output=ValueOutput [output=null, error='null'], commandType=io.lettuce.core.protocol.Command]
2026-02-26 11:49:01 [main] DEBUG i.l.core.protocol.DefaultEndpoint - [channel=0x86364390, /127.0.0.1:59480 -> localhost/127.0.0.1:40465, epid=0x1] write() done
2026-02-26 11:49:01 [lettuce-nioEventLoop-4-1] DEBUG i.l.core.protocol.CommandHandler - [channel=0x86364390, /127.0.0.1:59480 -> localhost/127.0.0.1:40465, epid=0x1, chid=0x1] write(ctx, AsyncCommand [type=GET, output=ValueOutput [output=null, error='null'], commandType=io.lettuce.core.protocol.Command], promise)
2026-02-26 11:49:01 [lettuce-nioEventLoop-4-1] DEBUG i.l.core.protocol.CommandEncoder - [channel=0x86364390, /127.0.0.1:59480 -> localhost/127.0.0.1:40465] writing command AsyncCommand [type=GET, output=ValueOutput [output=null, error='null'], commandType=io.lettuce.core.protocol.Command]
2026-02-26 11:49:01 [lettuce-nioEventLoop-4-1] DEBUG i.l.core.protocol.CommandHandler - [channel=0x86364390, /127.0.0.1:59480 -> localhost/127.0.0.1:40465, epid=0x1, chid=0x1] Received: 3 bytes, 1 commands in the stack
2026-02-26 11:49:01 [lettuce-nioEventLoop-4-1] DEBUG i.l.core.protocol.CommandHandler - [channel=0x86364390, /127.0.0.1:59480 -> localhost/127.0.0.1:40465, epid=0x1, chid=0x1] Stack contains: 1 commands
2026-02-26 11:49:01 [lettuce-nioEventLoop-4-1] DEBUG i.l.core.protocol.RedisStateMachine - Decode done, empty stack: true
2026-02-26 11:49:01 [lettuce-nioEventLoop-4-1] DEBUG i.l.core.protocol.CommandHandler - [channel=0x86364390, /127.0.0.1:59480 -> localhost/127.0.0.1:40465, epid=0x1, chid=0x1] Completing command AsyncCommand [type=GET, output=ValueOutput [output=null, error='null'], commandType=io.lettuce.core.protocol.Command]
2026-02-26 11:49:01 [main] DEBUG io.lettuce.core.RedisChannelHandler - dispatching command AsyncCommand [type=SCAN, output=KeyScanOutput [output=io.lettuce.core.KeyScanCursor@7f0f84d4, error='null'], commandType=io.lettuce.core.protocol.Command]
2026-02-26 11:49:01 [main] DEBUG i.l.core.protocol.DefaultEndpoint - [channel=0x86364390, /127.0.0.1:59480 -> localhost/127.0.0.1:40465, epid=0x1] write() writeAndFlush command AsyncCommand [type=SCAN, output=KeyScanOutput [output=io.lettuce.core.KeyScanCursor@7f0f84d4, error='null'], commandType=io.lettuce.core.protocol.Command]
2026-02-26 11:49:01 [main] DEBUG i.l.core.protocol.DefaultEndpoint - [channel=0x86364390, /127.0.0.1:59480 -> localhost/127.0.0.1:40465, epid=0x1] write() done
2026-02-26 11:49:01 [lettuce-nioEventLoop-4-1] DEBUG i.l.core.protocol.CommandHandler - [channel=0x86364390, /127.0.0.1:59480 -> localhost/127.0.0.1:40465, epid=0x1, chid=0x1] write(ctx, AsyncCommand [type=SCAN, output=KeyScanOutput [output=io.lettuce.core.KeyScanCursor@7f0f84d4, error='null'], commandType=io.lettuce.core.protocol.Command], promise)
2026-02-26 11:49:01 [lettuce-nioEventLoop-4-1] DEBUG i.l.core.protocol.CommandEncoder - [channel=0x86364390, /127.0.0.1:59480 -> localhost/127.0.0.1:40465] writing command AsyncCommand [type=SCAN, output=KeyScanOutput [output=io.lettuce.core.KeyScanCursor@7f0f84d4, error='null'], commandType=io.lettuce.core.protocol.Command]
2026-02-26 11:49:01 [lettuce-nioEventLoop-4-1] DEBUG i.l.core.protocol.CommandHandler - [channel=0x86364390, /127.0.0.1:59480 -> localhost/127.0.0.1:40465, epid=0x1, chid=0x1] Received: 15 bytes, 1 commands in the stack
2026-02-26 11:49:01 [lettuce-nioEventLoop-4-1] DEBUG i.l.core.protocol.CommandHandler - [channel=0x86364390, /127.0.0.1:59480 -> localhost/127.0.0.1:40465, epid=0x1, chid=0x1] Stack contains: 1 commands
2026-02-26 11:49:01 [lettuce-nioEventLoop-4-1] DEBUG i.l.core.protocol.RedisStateMachine - Decode done, empty stack: true
2026-02-26 11:49:01 [lettuce-nioEventLoop-4-1] DEBUG i.l.core.protocol.CommandHandler - [channel=0x86364390, /127.0.0.1:59480 -> localhost/127.0.0.1:40465, epid=0x1, chid=0x1] Completing command AsyncCommand [type=SCAN, output=KeyScanOutput [output=io.lettuce.core.KeyScanCursor@7f0f84d4, error='null'], commandType=io.lettuce.core.protocol.Command]
2026-02-26 11:49:01 [main] DEBUG o.t.s.c.g.d.c.command.AbstrDockerCmd - Cmd: 29ccf648f8e7e3804d86120717d98ee1150ea82687016aa2067a0af65df98092,false
2026-02-26 11:49:01 [main] DEBUG o.t.s.c.g.d.c.e.InspectContainerCmdExec - GET: DefaultWebTarget{path=[/containers/29ccf648f8e7e3804d86120717d98ee1150ea82687016aa2067a0af65df98092/json], queryParams={}}
2026-02-26 11:49:01 [main] DEBUG c.g.d.z.s.o.a.h.c.h.i.c.InternalHttpClient - ex-00000013: preparing request execution
2026-02-26 11:49:01 [main] DEBUG c.g.d.z.s.o.a.h.c.h.p.RequestAddCookies - Cookie spec selected: strict
2026-02-26 11:49:01 [main] DEBUG c.g.d.z.s.o.a.h.c.h.p.RequestAuthCache - Auth cache not set in the context
2026-02-26 11:49:01 [main] DEBUG c.g.d.z.s.o.a.h.c.h.i.c.ProtocolExec - ex-00000013: target auth state: UNCHALLENGED
2026-02-26 11:49:01 [main] DEBUG c.g.d.z.s.o.a.h.c.h.i.c.ProtocolExec - ex-00000013: proxy auth state: UNCHALLENGED
2026-02-26 11:49:01 [main] DEBUG c.g.d.z.s.o.a.h.c.h.i.c.ConnectExec - ex-00000013: acquiring connection with route {}->unix://localhost:2375
2026-02-26 11:49:01 [main] DEBUG c.g.d.z.s.o.a.h.c.h.i.c.InternalHttpClient - ex-00000013: acquiring endpoint (3 MINUTES)
2026-02-26 11:49:01 [main] DEBUG c.g.d.z.s.o.a.h.c.h.i.i.PoolingHttpClientConnectionManager - ex-00000013: endpoint lease request (3 MINUTES) [route: {}->unix://localhost:2375][total available: 2; route allocated: 2 of 2147483647; total allocated: 2 of 2147483647]
2026-02-26 11:49:01 [main] DEBUG c.g.d.z.s.o.a.h.c.h.i.i.PoolingHttpClientConnectionManager - ex-00000013: endpoint leased [route: {}->unix://localhost:2375][total available: 1; route allocated: 2 of 2147483647; total allocated: 2 of 2147483647]
2026-02-26 11:49:01 [main] DEBUG c.g.d.z.s.o.a.h.c.h.i.i.PoolingHttpClientConnectionManager - ex-00000013: acquired ep-00000012
2026-02-26 11:49:01 [main] DEBUG c.g.d.z.s.o.a.h.c.h.i.c.InternalHttpClient - ex-00000013: acquired endpoint ep-00000012
2026-02-26 11:49:01 [main] DEBUG c.g.d.z.s.o.a.h.c.h.i.c.MainClientExec - ex-00000013: executing GET /v1.32/containers/29ccf648f8e7e3804d86120717d98ee1150ea82687016aa2067a0af65df98092/json HTTP/1.1
2026-02-26 11:49:01 [main] DEBUG c.g.d.z.s.o.a.h.c.h.i.c.InternalHttpClient - ep-00000012: start execution ex-00000013
2026-02-26 11:49:01 [main] DEBUG c.g.d.z.s.o.a.h.c.h.i.i.PoolingHttpClientConnectionManager - ep-00000012: executing exchange ex-00000013 over http-outgoing-2
2026-02-26 11:49:01 [main] DEBUG c.g.d.z.s.o.a.h.client5.http.headers - http-outgoing-2 >> GET /v1.32/containers/29ccf648f8e7e3804d86120717d98ee1150ea82687016aa2067a0af65df98092/json HTTP/1.1
2026-02-26 11:49:01 [main] DEBUG c.g.d.z.s.o.a.h.client5.http.headers - http-outgoing-2 >> accept: application/json
2026-02-26 11:49:01 [main] DEBUG c.g.d.z.s.o.a.h.client5.http.headers - http-outgoing-2 >> x-tc-sid: 3988fffa-3d15-4d59-8a3a-e01fc218ba9e
2026-02-26 11:49:01 [main] DEBUG c.g.d.z.s.o.a.h.client5.http.headers - http-outgoing-2 >> User-Agent: tc-java/1.19.8
2026-02-26 11:49:01 [main] DEBUG c.g.d.z.s.o.a.h.client5.http.headers - http-outgoing-2 >> Accept-Encoding: gzip, x-gzip, deflate
2026-02-26 11:49:01 [main] DEBUG c.g.d.z.s.o.a.h.client5.http.headers - http-outgoing-2 >> Host: localhost:2375
2026-02-26 11:49:01 [main] DEBUG c.g.d.z.s.o.a.h.client5.http.headers - http-outgoing-2 >> Connection: keep-alive
2026-02-26 11:49:01 [main] DEBUG c.g.d.z.s.o.a.hc.client5.http.wire - http-outgoing-2 >> "GET /v1.32/containers/29ccf648f8e7e3804d86120717d98ee1150ea82687016aa2067a0af65df98092/json HTTP/1.1[\r][\n]"
2026-02-26 11:49:01 [main] DEBUG c.g.d.z.s.o.a.hc.client5.http.wire - http-outgoing-2 >> "accept: application/json[\r][\n]"
2026-02-26 11:49:01 [main] DEBUG c.g.d.z.s.o.a.hc.client5.http.wire - http-outgoing-2 >> "x-tc-sid: 3988fffa-3d15-4d59-8a3a-e01fc218ba9e[\r][\n]"
2026-02-26 11:49:01 [main] DEBUG c.g.d.z.s.o.a.hc.client5.http.wire - http-outgoing-2 >> "User-Agent: tc-java/1.19.8[\r][\n]"
2026-02-26 11:49:01 [main] DEBUG c.g.d.z.s.o.a.hc.client5.http.wire - http-outgoing-2 >> "Accept-Encoding: gzip, x-gzip, deflate[\r][\n]"
2026-02-26 11:49:01 [main] DEBUG c.g.d.z.s.o.a.hc.client5.http.wire - http-outgoing-2 >> "Host: localhost:2375[\r][\n]"
2026-02-26 11:49:01 [main] DEBUG c.g.d.z.s.o.a.hc.client5.http.wire - http-outgoing-2 >> "Connection: keep-alive[\r][\n]"
2026-02-26 11:49:01 [main] DEBUG c.g.d.z.s.o.a.hc.client5.http.wire - http-outgoing-2 >> "[\r][\n]"
2026-02-26 11:49:01 [main] DEBUG c.g.d.z.s.o.a.hc.client5.http.wire - http-outgoing-2 << "HTTP/1.1 200 OK[\r][\n]"
2026-02-26 11:49:01 [main] DEBUG c.g.d.z.s.o.a.hc.client5.http.wire - http-outgoing-2 << "Api-Version: 1.51[\r][\n]"
2026-02-26 11:49:01 [main] DEBUG c.g.d.z.s.o.a.hc.client5.http.wire - http-outgoing-2 << "Content-Type: application/json[\r][\n]"
2026-02-26 11:49:01 [main] DEBUG c.g.d.z.s.o.a.hc.client5.http.wire - http-outgoing-2 << "Date: Thu, 26 Feb 2026 08:49:01 GMT[\r][\n]"
2026-02-26 11:49:01 [main] DEBUG c.g.d.z.s.o.a.hc.client5.http.wire - http-outgoing-2 << "Docker-Experimental: false[\r][\n]"
2026-02-26 11:49:01 [main] DEBUG c.g.d.z.s.o.a.hc.client5.http.wire - http-outgoing-2 << "Ostype: linux[\r][\n]"
2026-02-26 11:49:01 [main] DEBUG c.g.d.z.s.o.a.hc.client5.http.wire - http-outgoing-2 << "Server: Docker/28.4.0 (linux)[\r][\n]"
2026-02-26 11:49:01 [main] DEBUG c.g.d.z.s.o.a.hc.client5.http.wire - http-outgoing-2 << "Transfer-Encoding: chunked[\r][\n]"
2026-02-26 11:49:01 [main] DEBUG c.g.d.z.s.o.a.hc.client5.http.wire - http-outgoing-2 << "[\r][\n]"
2026-02-26 11:49:01 [main] DEBUG c.g.d.z.s.o.a.hc.client5.http.wire - http-outgoing-2 << "1332[\r][\n]"
2026-02-26 11:49:01 [main] DEBUG c.g.d.z.s.o.a.hc.client5.http.wire - http-outgoing-2 << "{"Id":"29ccf648f8e7e3804d86120717d98ee1150ea82687016aa2067a0af65df98092","Created":"2026-02-26T08:49:00.071054339Z","Path":"docker-entrypoint.sh","Args":["redis-server"],"State":{"Status":"running","Running":true,"Paused":false,"Restarting":false,"OOMKilled":false,"Dead":false,"Pid":679,"ExitCode":0,"Error":"","StartedAt":"2026-02-26T08:49:00.269746509Z","FinishedAt":"0001-01-01T00:00:00Z"},"Image":"sha256:8b81dd37ff027bec4e516d41acfbe9fe2460070dc6d4a4570a2ac5b9d59df065","ResolvConfPath":"/var/lib/docker/containers/29ccf648f8e7e3804d86120717d98ee1150ea82687016aa2067a0af65df98092/resolv.conf","HostnamePath":"/var/lib/docker/containers/29ccf648f8e7e3804d86120717d98ee1150ea82687016aa2067a0af65df98092/hostname","HostsPath":"/var/lib/docker/containers/29ccf648f8e7e3804d86120717d98ee1150ea82687016aa2067a0af65df98092/hosts","LogPath":"/var/lib/docker/containers/29ccf648f8e7e3804d86120717d98ee1150ea82687016aa2067a0af65df98092/29ccf648f8e7e3804d86120717d98ee1150ea82687016aa2067a0af65df98092-json.log","Name":"/zen_ptolemy","RestartCount":0,"Driver":"overlayfs","Platform":"linux","MountLabel":"","ProcessLabel":"","AppArmorProfile":"","ExecIDs":null,"HostConfig":{"Binds":[],"ContainerIDFile":"","LogConfig":{"Type":"json-file","Config":{}},"NetworkMode":"bridge","PortBindings":{"6379/tcp":[{"HostIp":"","HostPort":""}]},"RestartPolicy":{"Name":"no","MaximumRetryCount":0},"AutoRemove":false,"VolumeDriver":"","VolumesFrom":[],"ConsoleSize":[0,0],"CapAdd":null,"CapDrop":null,"CgroupnsMode":"private","Dns":null,"DnsOptions":null,"DnsSearch":null,"ExtraHosts":[],"GroupAdd":null,"IpcMode":"shareable","Cgroup":"","Links":null,"OomScoreAdj":0,"PidMode":"","Privileged":false,"PublishAllPorts":false,"ReadonlyRootfs":false,"SecurityOpt":null,"UTSMode":"","UsernsMode":"","ShmSize":67108864,"Runtime":"runc","Isolation":"","CpuShares":0,"Memory":0,"NanoCpus":0,"CgroupParent":"","BlkioWeight":0,"BlkioWeightDevice":null,"BlkioDeviceReadBps":null,"BlkioDeviceWriteBps":null,"BlkioDeviceReadIOps":null,"BlkioDeviceWriteIOps":null,"CpuPeriod":0,"CpuQuota":0,"CpuRealtimePeriod":0,"CpuRealtimeRuntime":0,"CpusetCpus":"","CpusetMems":"","Devices":null,"DeviceCgroupRules":null,"DeviceRequests":null,"MemoryReservation":0,"MemorySwap":0,"MemorySwappiness":null,"OomKillDisable":null,"PidsLimit":null,"Ulimits":null,"CpuCount":0,"CpuPercent":0,"IOMaximumIOps":0,"IOMaximumBandwidth":0,"MaskedPaths":["/proc/asound","/proc/acpi","/proc/interrupts","/proc/kcore","/proc/keys","/proc/latency_stats","/proc/timer_list","/proc/timer_stats","/proc/sched_debug","/proc/scsi","/sys/firmware","/sys/devices/virtual/powercap"],"ReadonlyPaths":["/proc/bus","/proc/fs","/proc/irq","/proc/sys","/proc/sysrq-trigger"]},"GraphDriver":{"Data":null,"Name":"overlayfs"},"Mounts":[{"Type":"volume","Name":"ef1d91046f6c9e9848cf2f4f6f743083f3840ded45dc5b499ced7de98c703366","Source":"/var/lib/docker/volumes/ef1d91046f6c9e9848cf2f4f6f743083f3840ded45dc5b499ced7de98c703366/_data","Destination":"/data","Driver":"local","Mode":"","RW":true,"Propagation":""}],"Config":{"Hostname":"29ccf648f8e7","Domainname":"","User":"","AttachStdin":false,"AttachStdout":false,"AttachStderr":false,"ExposedPorts":{"6379/tcp":{}},"Tty":false,"OpenStdin":false,"StdinOnce":false,"Env":["PATH=/usr/local/sbin:/usr/local/bin:/usr/sbin:/usr/bin:/sbin:/bin","GOSU_VERSION=1.17","REDIS_VERSION=7.4.8","REDIS_DOWNLOAD_URL=http://download.redis.io/releases/redis-7.4.8.tar.gz","REDIS_DOWNLOAD_SHA=f6773cb7d63be236c59c2917a82f1f08e47b77d89b2f0c9f53becb22b8ea4172"],"Cmd":["redis-server"],"Image":"redis:7-alpine","Volumes":{"/data":{}},"WorkingDir":"/data","Entrypoint":["docker-entrypoint.sh"],"OnBuild":null,"Labels":{"org.testcontainers":"true","org.testcontainers.lang":"java","org.testcontainers.sessionId":"3988fffa-3d15-4d59-8a3a-e01fc218ba9e","org.testcontainers.version":"1.19.8"}},"NetworkSettings":{"Bridge":"","SandboxID":"26881b47c566d83e39d83ef6896dbf7a73733bd29078315020ed32ca7aeaa34b","SandboxKey":"/var/run/docker/netns/26881b47c566","Ports":{"6379/tcp":[{"HostIp":"0.0.0.0","HostPort":"40465"},{"HostIp":"::","HostPort":"40465"}]},"HairpinMode":false,"LinkLocalIPv6Address":"","LinkLocalIPv6PrefixLen":0,"SecondaryIPAddresses":null,"SecondaryIPv6Addresses":null,"EndpointID":"086576cdf300271bbaaa1600f47c9101b8e8d81ccec31f8192fde042558ceda4","Gateway":"172.17.0.1","GlobalIPv6Address":"","GlobalIPv6PrefixLen":0,"IPAddress":"172.17.0.3","IPPrefixLen":16,"IPv6Gateway":"","MacAddress":"16:e4:5a:29:84:5e","Networks":{"bridge":{"IPAMConfig":null,"Links":null,"Aliases":null,"MacAddress":"16:e4:5a:29:84:5e","DriverOpts":null,"GwPriority":0,"NetworkID":"3d2b1ff79ad788ceacbe0a31d8809e1b169bea8cd21b32b06f23fe4e292c9b28","EndpointID":"086576cdf300271bbaaa1600f47c9101b8e8d81ccec31f8192fde042558ceda4","Gateway":"172.17.0.1","IPAddress":"172.17.0.3","IPPrefixLen":16,"IPv6Gateway":"","GlobalIPv6Address":"","GlobalIPv6PrefixLen":0,"DNSNames":null}}}}[\n]"
2026-02-26 11:49:01 [main] DEBUG c.g.d.z.s.o.a.hc.client5.http.wire - http-outgoing-2 << "[\r][\n]"
2026-02-26 11:49:01 [main] DEBUG c.g.d.z.s.o.a.h.client5.http.headers - http-outgoing-2 << HTTP/1.1 200 OK
2026-02-26 11:49:01 [main] DEBUG c.g.d.z.s.o.a.h.client5.http.headers - http-outgoing-2 << Api-Version: 1.51
2026-02-26 11:49:01 [main] DEBUG c.g.d.z.s.o.a.h.client5.http.headers - http-outgoing-2 << Content-Type: application/json
2026-02-26 11:49:01 [main] DEBUG c.g.d.z.s.o.a.h.client5.http.headers - http-outgoing-2 << Date: Thu, 26 Feb 2026 08:49:01 GMT
2026-02-26 11:49:01 [main] DEBUG c.g.d.z.s.o.a.h.client5.http.headers - http-outgoing-2 << Docker-Experimental: false
2026-02-26 11:49:01 [main] DEBUG c.g.d.z.s.o.a.h.client5.http.headers - http-outgoing-2 << Ostype: linux
2026-02-26 11:49:01 [main] DEBUG c.g.d.z.s.o.a.h.client5.http.headers - http-outgoing-2 << Server: Docker/28.4.0 (linux)
2026-02-26 11:49:01 [main] DEBUG c.g.d.z.s.o.a.h.client5.http.headers - http-outgoing-2 << Transfer-Encoding: chunked
2026-02-26 11:49:01 [main] DEBUG c.g.d.z.s.o.a.h.c.h.i.c.MainClientExec - ex-00000013: connection can be kept alive for 3 MINUTES
2026-02-26 11:49:01 [main] DEBUG c.g.d.z.s.o.a.hc.client5.http.wire - http-outgoing-2 << "0[\r][\n]"
2026-02-26 11:49:01 [main] DEBUG c.g.d.z.s.o.a.hc.client5.http.wire - http-outgoing-2 << "[\r][\n]"
2026-02-26 11:49:01 [main] DEBUG c.g.d.z.s.o.a.h.c.h.i.c.InternalHttpClient - ep-00000012: releasing valid endpoint
2026-02-26 11:49:01 [main] DEBUG c.g.d.z.s.o.a.h.c.h.i.i.PoolingHttpClientConnectionManager - ep-00000012: releasing endpoint
2026-02-26 11:49:01 [main] DEBUG c.g.d.z.s.o.a.h.c.h.i.i.PoolingHttpClientConnectionManager - ep-00000012: connection http-outgoing-2 can be kept alive for 3 MINUTES
2026-02-26 11:49:01 [main] DEBUG c.g.d.z.s.o.a.h.c.h.i.i.PoolingHttpClientConnectionManager - ep-00000012: connection released [route: {}->unix://localhost:2375][total available: 2; route allocated: 2 of 2147483647; total allocated: 2 of 2147483647]
2026-02-26 11:49:01 [main] DEBUG o.t.s.c.g.d.c.command.AbstrDockerCmd - Cmd: 29ccf648f8e7e3804d86120717d98ee1150ea82687016aa2067a0af65df98092,<null>
2026-02-26 11:49:01 [main] DEBUG c.g.d.z.s.o.a.h.c.h.i.c.InternalHttpClient - ex-00000014: preparing request execution
2026-02-26 11:49:01 [main] DEBUG c.g.d.z.s.o.a.h.c.h.p.RequestAddCookies - Cookie spec selected: strict
2026-02-26 11:49:01 [main] DEBUG c.g.d.z.s.o.a.h.c.h.p.RequestAuthCache - Auth cache not set in the context
2026-02-26 11:49:01 [main] DEBUG c.g.d.z.s.o.a.h.c.h.i.c.ProtocolExec - ex-00000014: target auth state: UNCHALLENGED
2026-02-26 11:49:01 [main] DEBUG c.g.d.z.s.o.a.h.c.h.i.c.ProtocolExec - ex-00000014: proxy auth state: UNCHALLENGED
2026-02-26 11:49:01 [main] DEBUG c.g.d.z.s.o.a.h.c.h.i.c.ConnectExec - ex-00000014: acquiring connection with route {}->unix://localhost:2375
2026-02-26 11:49:01 [main] DEBUG c.g.d.z.s.o.a.h.c.h.i.c.InternalHttpClient - ex-00000014: acquiring endpoint (3 MINUTES)
2026-02-26 11:49:01 [main] DEBUG c.g.d.z.s.o.a.h.c.h.i.i.PoolingHttpClientConnectionManager - ex-00000014: endpoint lease request (3 MINUTES) [route: {}->unix://localhost:2375][total available: 2; route allocated: 2 of 2147483647; total allocated: 2 of 2147483647]
2026-02-26 11:49:01 [main] DEBUG c.g.d.z.s.o.a.h.c.h.i.i.PoolingHttpClientConnectionManager - ex-00000014: endpoint leased [route: {}->unix://localhost:2375][total available: 1; route allocated: 2 of 2147483647; total allocated: 2 of 2147483647]
2026-02-26 11:49:01 [main] DEBUG c.g.d.z.s.o.a.h.c.h.i.i.PoolingHttpClientConnectionManager - ex-00000014: acquired ep-00000013
2026-02-26 11:49:01 [main] DEBUG c.g.d.z.s.o.a.h.c.h.i.c.InternalHttpClient - ex-00000014: acquired endpoint ep-00000013
2026-02-26 11:49:01 [main] DEBUG c.g.d.z.s.o.a.h.c.h.i.c.MainClientExec - ex-00000014: executing POST /v1.32/containers/29ccf648f8e7e3804d86120717d98ee1150ea82687016aa2067a0af65df98092/kill HTTP/1.1
2026-02-26 11:49:01 [main] DEBUG c.g.d.z.s.o.a.h.c.h.i.c.InternalHttpClient - ep-00000013: start execution ex-00000014
2026-02-26 11:49:01 [main] DEBUG c.g.d.z.s.o.a.h.c.h.i.i.PoolingHttpClientConnectionManager - ep-00000013: executing exchange ex-00000014 over http-outgoing-2
2026-02-26 11:49:01 [main] DEBUG c.g.d.z.s.o.a.h.client5.http.headers - http-outgoing-2 >> POST /v1.32/containers/29ccf648f8e7e3804d86120717d98ee1150ea82687016aa2067a0af65df98092/kill HTTP/1.1
2026-02-26 11:49:01 [main] DEBUG c.g.d.z.s.o.a.h.client5.http.headers - http-outgoing-2 >> accept: application/json
2026-02-26 11:49:01 [main] DEBUG c.g.d.z.s.o.a.h.client5.http.headers - http-outgoing-2 >> content-type: application/json
2026-02-26 11:49:01 [main] DEBUG c.g.d.z.s.o.a.h.client5.http.headers - http-outgoing-2 >> x-tc-sid: 3988fffa-3d15-4d59-8a3a-e01fc218ba9e
2026-02-26 11:49:01 [main] DEBUG c.g.d.z.s.o.a.h.client5.http.headers - http-outgoing-2 >> User-Agent: tc-java/1.19.8
2026-02-26 11:49:01 [main] DEBUG c.g.d.z.s.o.a.h.client5.http.headers - http-outgoing-2 >> Accept-Encoding: gzip, x-gzip, deflate
2026-02-26 11:49:01 [main] DEBUG c.g.d.z.s.o.a.h.client5.http.headers - http-outgoing-2 >> Host: localhost:2375
2026-02-26 11:49:01 [main] DEBUG c.g.d.z.s.o.a.h.client5.http.headers - http-outgoing-2 >> Connection: keep-alive
2026-02-26 11:49:01 [main] DEBUG c.g.d.z.s.o.a.hc.client5.http.wire - http-outgoing-2 >> "POST /v1.32/containers/29ccf648f8e7e3804d86120717d98ee1150ea82687016aa2067a0af65df98092/kill HTTP/1.1[\r][\n]"
2026-02-26 11:49:01 [main] DEBUG c.g.d.z.s.o.a.hc.client5.http.wire - http-outgoing-2 >> "accept: application/json[\r][\n]"
2026-02-26 11:49:01 [main] DEBUG c.g.d.z.s.o.a.hc.client5.http.wire - http-outgoing-2 >> "content-type: application/json[\r][\n]"
2026-02-26 11:49:01 [main] DEBUG c.g.d.z.s.o.a.hc.client5.http.wire - http-outgoing-2 >> "x-tc-sid: 3988fffa-3d15-4d59-8a3a-e01fc218ba9e[\r][\n]"
2026-02-26 11:49:01 [main] DEBUG c.g.d.z.s.o.a.hc.client5.http.wire - http-outgoing-2 >> "User-Agent: tc-java/1.19.8[\r][\n]"
2026-02-26 11:49:01 [main] DEBUG c.g.d.z.s.o.a.hc.client5.http.wire - http-outgoing-2 >> "Accept-Encoding: gzip, x-gzip, deflate[\r][\n]"
2026-02-26 11:49:01 [main] DEBUG c.g.d.z.s.o.a.hc.client5.http.wire - http-outgoing-2 >> "Host: localhost:2375[\r][\n]"
2026-02-26 11:49:01 [main] DEBUG c.g.d.z.s.o.a.hc.client5.http.wire - http-outgoing-2 >> "Connection: keep-alive[\r][\n]"
2026-02-26 11:49:01 [main] DEBUG c.g.d.z.s.o.a.hc.client5.http.wire - http-outgoing-2 >> "[\r][\n]"
2026-02-26 11:49:01 [lettuce-nioEventLoop-4-1] DEBUG i.l.core.protocol.CommandHandler - [channel=0x86364390, /127.0.0.1:59480 -> localhost/127.0.0.1:40465, epid=0x1, chid=0x1] channelInactive()
2026-02-26 11:49:01 [lettuce-nioEventLoop-4-1] DEBUG i.l.core.protocol.DefaultEndpoint - [channel=0x86364390, /127.0.0.1:59480 -> localhost/127.0.0.1:40465, epid=0x1] deactivating endpoint handler
2026-02-26 11:49:01 [lettuce-nioEventLoop-4-1] DEBUG i.l.core.protocol.DefaultEndpoint - [channel=0x86364390, /127.0.0.1:59480 -> localhost/127.0.0.1:40465, epid=0x1] notifyQueuedCommands adding 0 command(s) to buffer
2026-02-26 11:49:01 [lettuce-nioEventLoop-4-1] DEBUG i.l.core.protocol.DefaultEndpoint - [channel=0x86364390, /127.0.0.1:59480 -> localhost/127.0.0.1:40465, epid=0x1] flushCommands()
2026-02-26 11:49:01 [lettuce-nioEventLoop-4-1] DEBUG i.l.core.protocol.CommandHandler - [channel=0x86364390, /127.0.0.1:59480 -> localhost/127.0.0.1:40465, epid=0x1, chid=0x1] channelInactive() done
2026-02-26 11:49:01 [lettuce-nioEventLoop-4-1] DEBUG i.l.core.protocol.ConnectionWatchdog - [channel=0x86364390, /127.0.0.1:59480 -> localhost/127.0.0.1:40465, last known addr=localhost/127.0.0.1:40465] channelInactive()
2026-02-26 11:49:01 [lettuce-nioEventLoop-4-1] DEBUG i.l.core.protocol.ConnectionWatchdog - [channel=0x86364390, /127.0.0.1:59480 -> localhost/127.0.0.1:40465, last known addr=localhost/127.0.0.1:40465] scheduleReconnect()
2026-02-26 11:49:01 [lettuce-nioEventLoop-4-1] DEBUG i.l.core.protocol.ConnectionWatchdog - [channel=0x86364390, /127.0.0.1:59480 -> localhost/127.0.0.1:40465, last known addr=localhost/127.0.0.1:40465] Reconnect attempt 1, delay 1ms
2026-02-26 11:49:01 [lettuce-nioEventLoop-4-1] DEBUG i.l.core.protocol.CommandHandler - [channel=0x86364390, /127.0.0.1:59480 -> localhost/127.0.0.1:40465, epid=0x1, chid=0x1] channelUnregistered()
2026-02-26 11:49:01 [lettuce-eventExecutorLoop-1-1] INFO  i.l.core.protocol.ConnectionWatchdog - Reconnecting, last destination was localhost/127.0.0.1:40465
2026-02-26 11:49:01 [lettuce-eventExecutorLoop-1-1] DEBUG i.l.c.p.MaintenanceAwareConnectionWatchdog - RebindAwareAddressSupplier rebind state: null
2026-02-26 11:49:01 [lettuce-eventExecutorLoop-1-1] DEBUG i.l.c.p.MaintenanceAwareConnectionWatchdog - RebindAwareAddressSupplier falling back to original.
2026-02-26 11:49:01 [lettuce-eventExecutorLoop-1-1] DEBUG i.l.c.p.MaintenanceAwareConnectionWatchdog - RebindAwareAddressSupplier original to rebind address
2026-02-26 11:49:01 [lettuce-eventExecutorLoop-1-1] DEBUG io.lettuce.core.RedisClient - Resolved SocketAddress localhost/<unresolved>:40465 using redis://localhost:40465
2026-02-26 11:49:01 [lettuce-eventExecutorLoop-1-1] DEBUG i.l.c.p.MaintenanceAwareConnectionWatchdog - RebindAwareAddressSupplier original address: localhost/<unresolved>:40465
2026-02-26 11:49:01 [lettuce-eventExecutorLoop-1-1] DEBUG i.l.c.protocol.ReconnectionHandler - Reconnecting to Redis at localhost/<unresolved>:40465
2026-02-26 11:49:01 [lettuce-nioEventLoop-4-2] DEBUG i.l.core.protocol.CommandHandler - [channel=0xe823acc2, [id: 0x6d1885ea] (inactive), epid=0x1, chid=0x2] channelRegistered()
2026-02-26 11:49:01 [lettuce-nioEventLoop-4-2] DEBUG i.l.core.protocol.CommandHandler - [channel=0xe823acc2, /127.0.0.1:59494 -> localhost/127.0.0.1:40465, epid=0x1, chid=0x2] write(ctx, AsyncCommand [type=HELLO, output=GenericMapOutput [output=null, error='null'], commandType=io.lettuce.core.protocol.Command], promise)
2026-02-26 11:49:01 [lettuce-nioEventLoop-4-2] DEBUG i.l.core.protocol.CommandEncoder - [channel=0xe823acc2, /127.0.0.1:59494 -> localhost/127.0.0.1:40465] writing command AsyncCommand [type=HELLO, output=GenericMapOutput [output=null, error='null'], commandType=io.lettuce.core.protocol.Command]
2026-02-26 11:49:01 [lettuce-nioEventLoop-4-2] WARN  i.l.core.protocol.ConnectionWatchdog - Cannot reconnect to [localhost/<unresolved>:40465]: Connection closed prematurely
io.lettuce.core.RedisConnectionException: Connection closed prematurely
	at io.lettuce.core.protocol.RedisHandshakeHandler.channelInactive(RedisHandshakeHandler.java:76)
	at io.netty.channel.AbstractChannelHandlerContext.fireChannelInactive(AbstractChannelHandlerContext.java:250)
	at io.netty.channel.ChannelInboundHandlerAdapter.channelInactive(ChannelInboundHandlerAdapter.java:81)
	at io.lettuce.core.ChannelGroupListener.channelInactive(ChannelGroupListener.java:54)
	at io.netty.channel.AbstractChannelHandlerContext.fireChannelInactive(AbstractChannelHandlerContext.java:250)
	at io.netty.channel.DefaultChannelPipeline$HeadContext.channelInactive(DefaultChannelPipeline.java:1424)
	at io.netty.channel.DefaultChannelPipeline.fireChannelInactive(DefaultChannelPipeline.java:876)
	at io.netty.channel.AbstractChannel$AbstractUnsafe$8.run(AbstractChannel.java:684)
	at io.netty.util.concurrent.AbstractEventExecutor.runTask$$$capture(AbstractEventExecutor.java:148)
	at io.netty.util.concurrent.AbstractEventExecutor.runTask(AbstractEventExecutor.java)
	at io.netty.util.concurrent.AbstractEventExecutor.safeExecute$$$capture(AbstractEventExecutor.java:141)
	at io.netty.util.concurrent.AbstractEventExecutor.safeExecute(AbstractEventExecutor.java)
	at io.netty.util.concurrent.SingleThreadEventExecutor.runAllTasks(SingleThreadEventExecutor.java:535)
	at io.netty.channel.SingleThreadIoEventLoop.run(SingleThreadIoEventLoop.java:201)
	at io.netty.util.concurrent.SingleThreadEventExecutor$5.run(SingleThreadEventExecutor.java:1193)
	at io.netty.util.internal.ThreadExecutorMap$2.run(ThreadExecutorMap.java:74)
	at io.netty.util.concurrent.FastThreadLocalRunnable.run(FastThreadLocalRunnable.java:30)
	at java.base/java.lang.Thread.run(Thread.java:1583)
2026-02-26 11:49:01 [lettuce-nioEventLoop-4-2] DEBUG i.l.core.protocol.ConnectionWatchdog - [channel=0x86364390, /127.0.0.1:59480 -> localhost/127.0.0.1:40465, last known addr=localhost/127.0.0.1:40465] scheduleReconnect()
2026-02-26 11:49:01 [lettuce-nioEventLoop-4-2] DEBUG i.l.core.protocol.ConnectionWatchdog - [channel=0x86364390, /127.0.0.1:59480 -> localhost/127.0.0.1:40465, last known addr=localhost/127.0.0.1:40465] Reconnect attempt 2, delay 2ms
2026-02-26 11:49:01 [lettuce-nioEventLoop-4-2] DEBUG i.l.core.protocol.CommandHandler - [channel=0xe823acc2, /127.0.0.1:59494 -> localhost/127.0.0.1:40465, epid=0x1, chid=0x2] channelInactive()
2026-02-26 11:49:01 [lettuce-nioEventLoop-4-2] DEBUG i.l.core.protocol.DefaultEndpoint - [channel=0x86364390, /127.0.0.1:59480 -> localhost/127.0.0.1:40465, epid=0x1] deactivating endpoint handler
2026-02-26 11:49:01 [lettuce-nioEventLoop-4-2] DEBUG i.l.core.protocol.DefaultEndpoint - [channel=0x86364390, /127.0.0.1:59480 -> localhost/127.0.0.1:40465, epid=0x1] notifyQueuedCommands adding 1 command(s) to buffer
2026-02-26 11:49:01 [lettuce-nioEventLoop-4-2] DEBUG i.l.core.protocol.DefaultEndpoint - [channel=0x86364390, /127.0.0.1:59480 -> localhost/127.0.0.1:40465, epid=0x1] flushCommands()
2026-02-26 11:49:01 [lettuce-nioEventLoop-4-2] DEBUG i.l.core.protocol.CommandHandler - [channel=0xe823acc2, /127.0.0.1:59494 -> localhost/127.0.0.1:40465, epid=0x1, chid=0x2] channelInactive() done
2026-02-26 11:49:01 [lettuce-nioEventLoop-4-2] DEBUG i.l.core.protocol.ConnectionWatchdog - [channel=0x86364390, /127.0.0.1:59480 -> localhost/127.0.0.1:40465, last known addr=localhost/127.0.0.1:40465] channelInactive()
2026-02-26 11:49:01 [lettuce-nioEventLoop-4-2] DEBUG i.l.core.protocol.ConnectionWatchdog - [channel=0x86364390, /127.0.0.1:59480 -> localhost/127.0.0.1:40465, last known addr=localhost/127.0.0.1:40465] scheduleReconnect()
2026-02-26 11:49:01 [lettuce-nioEventLoop-4-2] DEBUG i.l.core.protocol.ConnectionWatchdog - [channel=0x86364390, /127.0.0.1:59480 -> localhost/127.0.0.1:40465, last known addr=localhost/127.0.0.1:40465] Skipping scheduleReconnect() because I have an active channel
2026-02-26 11:49:01 [lettuce-nioEventLoop-4-2] DEBUG i.l.core.protocol.CommandHandler - [channel=0xe823acc2, /127.0.0.1:59494 -> localhost/127.0.0.1:40465, epid=0x1, chid=0x2] channelUnregistered()
2026-02-26 11:49:01 [lettuce-eventExecutorLoop-1-2] DEBUG i.l.core.protocol.ConnectionWatchdog - Reconnecting, last destination was localhost/<unresolved>:40465
2026-02-26 11:49:01 [lettuce-eventExecutorLoop-1-2] DEBUG i.l.c.p.MaintenanceAwareConnectionWatchdog - RebindAwareAddressSupplier rebind state: null
2026-02-26 11:49:01 [lettuce-eventExecutorLoop-1-2] DEBUG i.l.c.p.MaintenanceAwareConnectionWatchdog - RebindAwareAddressSupplier falling back to original.
2026-02-26 11:49:01 [lettuce-eventExecutorLoop-1-2] DEBUG i.l.c.p.MaintenanceAwareConnectionWatchdog - RebindAwareAddressSupplier original to rebind address
2026-02-26 11:49:01 [lettuce-eventExecutorLoop-1-2] DEBUG io.lettuce.core.RedisClient - Resolved SocketAddress localhost/<unresolved>:40465 using redis://localhost:40465
2026-02-26 11:49:01 [lettuce-eventExecutorLoop-1-2] DEBUG i.l.c.p.MaintenanceAwareConnectionWatchdog - RebindAwareAddressSupplier original address: localhost/<unresolved>:40465
2026-02-26 11:49:01 [lettuce-eventExecutorLoop-1-2] DEBUG i.l.c.protocol.ReconnectionHandler - Reconnecting to Redis at localhost/<unresolved>:40465
2026-02-26 11:49:01 [lettuce-nioEventLoop-4-3] DEBUG i.l.core.protocol.CommandHandler - [channel=0x3d9aad6c, [id: 0x0eab2d68] (inactive), epid=0x1, chid=0x3] channelRegistered()
2026-02-26 11:49:01 [lettuce-nioEventLoop-4-3] DEBUG i.l.core.protocol.CommandHandler - [channel=0x3d9aad6c, /127.0.0.1:59498 -> localhost/127.0.0.1:40465, epid=0x1, chid=0x3] write(ctx, AsyncCommand [type=HELLO, output=GenericMapOutput [output=null, error='null'], commandType=io.lettuce.core.protocol.Command], promise)
2026-02-26 11:49:01 [lettuce-nioEventLoop-4-3] DEBUG i.l.core.protocol.CommandEncoder - [channel=0x3d9aad6c, /127.0.0.1:59498 -> localhost/127.0.0.1:40465] writing command AsyncCommand [type=HELLO, output=GenericMapOutput [output=null, error='null'], commandType=io.lettuce.core.protocol.Command]
2026-02-26 11:49:01 [main] DEBUG c.g.d.z.s.o.a.hc.client5.http.wire - http-outgoing-2 << "HTTP/1.1 204 No Content[\r][\n]"
2026-02-26 11:49:01 [main] DEBUG c.g.d.z.s.o.a.hc.client5.http.wire - http-outgoing-2 << "Api-Version: 1.51[\r][\n]"
2026-02-26 11:49:01 [main] DEBUG c.g.d.z.s.o.a.hc.client5.http.wire - http-outgoing-2 << "Date: Thu, 26 Feb 2026 08:49:01 GMT[\r][\n]"
2026-02-26 11:49:01 [main] DEBUG c.g.d.z.s.o.a.hc.client5.http.wire - http-outgoing-2 << "Docker-Experimental: false[\r][\n]"
2026-02-26 11:49:01 [main] DEBUG c.g.d.z.s.o.a.hc.client5.http.wire - http-outgoing-2 << "Ostype: linux[\r][\n]"
2026-02-26 11:49:01 [main] DEBUG c.g.d.z.s.o.a.hc.client5.http.wire - http-outgoing-2 << "Server: Docker/28.4.0 (linux)[\r][\n]"
2026-02-26 11:49:01 [main] DEBUG c.g.d.z.s.o.a.hc.client5.http.wire - http-outgoing-2 << "[\r][\n]"
2026-02-26 11:49:01 [main] DEBUG c.g.d.z.s.o.a.h.client5.http.headers - http-outgoing-2 << HTTP/1.1 204 No Content
2026-02-26 11:49:01 [main] DEBUG c.g.d.z.s.o.a.h.client5.http.headers - http-outgoing-2 << Api-Version: 1.51
2026-02-26 11:49:01 [main] DEBUG c.g.d.z.s.o.a.h.client5.http.headers - http-outgoing-2 << Date: Thu, 26 Feb 2026 08:49:01 GMT
2026-02-26 11:49:01 [main] DEBUG c.g.d.z.s.o.a.h.client5.http.headers - http-outgoing-2 << Docker-Experimental: false
2026-02-26 11:49:01 [main] DEBUG c.g.d.z.s.o.a.h.client5.http.headers - http-outgoing-2 << Ostype: linux
2026-02-26 11:49:01 [main] DEBUG c.g.d.z.s.o.a.h.client5.http.headers - http-outgoing-2 << Server: Docker/28.4.0 (linux)
2026-02-26 11:49:01 [main] DEBUG c.g.d.z.s.o.a.h.c.h.i.c.MainClientExec - ex-00000014: connection can be kept alive for 3 MINUTES
2026-02-26 11:49:01 [main] DEBUG c.g.d.z.s.o.a.h.c.h.i.c.InternalHttpClient - ep-00000013: releasing valid endpoint
2026-02-26 11:49:01 [main] DEBUG c.g.d.z.s.o.a.h.c.h.i.i.PoolingHttpClientConnectionManager - ep-00000013: releasing endpoint
2026-02-26 11:49:01 [main] DEBUG c.g.d.z.s.o.a.h.c.h.i.i.PoolingHttpClientConnectionManager - ep-00000013: connection http-outgoing-2 can be kept alive for 3 MINUTES
2026-02-26 11:49:01 [main] DEBUG c.g.d.z.s.o.a.h.c.h.i.i.PoolingHttpClientConnectionManager - ep-00000013: connection released [route: {}->unix://localhost:2375][total available: 2; route allocated: 2 of 2147483647; total allocated: 2 of 2147483647]
2026-02-26 11:49:01 [main] DEBUG o.t.s.c.g.d.c.command.AbstrDockerCmd - Cmd: 29ccf648f8e7e3804d86120717d98ee1150ea82687016aa2067a0af65df98092,false
2026-02-26 11:49:01 [main] DEBUG o.t.s.c.g.d.c.e.InspectContainerCmdExec - GET: DefaultWebTarget{path=[/containers/29ccf648f8e7e3804d86120717d98ee1150ea82687016aa2067a0af65df98092/json], queryParams={}}
2026-02-26 11:49:01 [main] DEBUG c.g.d.z.s.o.a.h.c.h.i.c.InternalHttpClient - ex-00000015: preparing request execution
2026-02-26 11:49:01 [main] DEBUG c.g.d.z.s.o.a.h.c.h.p.RequestAddCookies - Cookie spec selected: strict
2026-02-26 11:49:01 [main] DEBUG c.g.d.z.s.o.a.h.c.h.p.RequestAuthCache - Auth cache not set in the context
2026-02-26 11:49:01 [main] DEBUG c.g.d.z.s.o.a.h.c.h.i.c.ProtocolExec - ex-00000015: target auth state: UNCHALLENGED
2026-02-26 11:49:01 [main] DEBUG c.g.d.z.s.o.a.h.c.h.i.c.ProtocolExec - ex-00000015: proxy auth state: UNCHALLENGED
2026-02-26 11:49:01 [main] DEBUG c.g.d.z.s.o.a.h.c.h.i.c.ConnectExec - ex-00000015: acquiring connection with route {}->unix://localhost:2375
2026-02-26 11:49:01 [main] DEBUG c.g.d.z.s.o.a.h.c.h.i.c.InternalHttpClient - ex-00000015: acquiring endpoint (3 MINUTES)
2026-02-26 11:49:01 [main] DEBUG c.g.d.z.s.o.a.h.c.h.i.i.PoolingHttpClientConnectionManager - ex-00000015: endpoint lease request (3 MINUTES) [route: {}->unix://localhost:2375][total available: 2; route allocated: 2 of 2147483647; total allocated: 2 of 2147483647]
2026-02-26 11:49:01 [main] DEBUG c.g.d.z.s.o.a.h.c.h.i.i.PoolingHttpClientConnectionManager - ex-00000015: endpoint leased [route: {}->unix://localhost:2375][total available: 1; route allocated: 2 of 2147483647; total allocated: 2 of 2147483647]
2026-02-26 11:49:01 [main] DEBUG c.g.d.z.s.o.a.h.c.h.i.i.PoolingHttpClientConnectionManager - ex-00000015: acquired ep-00000014
2026-02-26 11:49:01 [main] DEBUG c.g.d.z.s.o.a.h.c.h.i.c.InternalHttpClient - ex-00000015: acquired endpoint ep-00000014
2026-02-26 11:49:01 [main] DEBUG c.g.d.z.s.o.a.h.c.h.i.c.MainClientExec - ex-00000015: executing GET /v1.32/containers/29ccf648f8e7e3804d86120717d98ee1150ea82687016aa2067a0af65df98092/json HTTP/1.1
2026-02-26 11:49:01 [main] DEBUG c.g.d.z.s.o.a.h.c.h.i.c.InternalHttpClient - ep-00000014: start execution ex-00000015
2026-02-26 11:49:01 [main] DEBUG c.g.d.z.s.o.a.h.c.h.i.i.PoolingHttpClientConnectionManager - ep-00000014: executing exchange ex-00000015 over http-outgoing-2
2026-02-26 11:49:01 [main] DEBUG c.g.d.z.s.o.a.h.client5.http.headers - http-outgoing-2 >> GET /v1.32/containers/29ccf648f8e7e3804d86120717d98ee1150ea82687016aa2067a0af65df98092/json HTTP/1.1
2026-02-26 11:49:01 [main] DEBUG c.g.d.z.s.o.a.h.client5.http.headers - http-outgoing-2 >> accept: application/json
2026-02-26 11:49:01 [main] DEBUG c.g.d.z.s.o.a.h.client5.http.headers - http-outgoing-2 >> x-tc-sid: 3988fffa-3d15-4d59-8a3a-e01fc218ba9e
2026-02-26 11:49:01 [main] DEBUG c.g.d.z.s.o.a.h.client5.http.headers - http-outgoing-2 >> User-Agent: tc-java/1.19.8
2026-02-26 11:49:01 [main] DEBUG c.g.d.z.s.o.a.h.client5.http.headers - http-outgoing-2 >> Accept-Encoding: gzip, x-gzip, deflate
2026-02-26 11:49:01 [main] DEBUG c.g.d.z.s.o.a.h.client5.http.headers - http-outgoing-2 >> Host: localhost:2375
2026-02-26 11:49:01 [main] DEBUG c.g.d.z.s.o.a.h.client5.http.headers - http-outgoing-2 >> Connection: keep-alive
2026-02-26 11:49:01 [main] DEBUG c.g.d.z.s.o.a.hc.client5.http.wire - http-outgoing-2 >> "GET /v1.32/containers/29ccf648f8e7e3804d86120717d98ee1150ea82687016aa2067a0af65df98092/json HTTP/1.1[\r][\n]"
2026-02-26 11:49:01 [main] DEBUG c.g.d.z.s.o.a.hc.client5.http.wire - http-outgoing-2 >> "accept: application/json[\r][\n]"
2026-02-26 11:49:01 [main] DEBUG c.g.d.z.s.o.a.hc.client5.http.wire - http-outgoing-2 >> "x-tc-sid: 3988fffa-3d15-4d59-8a3a-e01fc218ba9e[\r][\n]"
2026-02-26 11:49:01 [main] DEBUG c.g.d.z.s.o.a.hc.client5.http.wire - http-outgoing-2 >> "User-Agent: tc-java/1.19.8[\r][\n]"
2026-02-26 11:49:01 [main] DEBUG c.g.d.z.s.o.a.hc.client5.http.wire - http-outgoing-2 >> "Accept-Encoding: gzip, x-gzip, deflate[\r][\n]"
2026-02-26 11:49:01 [main] DEBUG c.g.d.z.s.o.a.hc.client5.http.wire - http-outgoing-2 >> "Host: localhost:2375[\r][\n]"
2026-02-26 11:49:01 [main] DEBUG c.g.d.z.s.o.a.hc.client5.http.wire - http-outgoing-2 >> "Connection: keep-alive[\r][\n]"
2026-02-26 11:49:01 [main] DEBUG c.g.d.z.s.o.a.hc.client5.http.wire - http-outgoing-2 >> "[\r][\n]"
2026-02-26 11:49:01 [main] DEBUG c.g.d.z.s.o.a.hc.client5.http.wire - http-outgoing-2 << "HTTP/1.1 200 OK[\r][\n]"
2026-02-26 11:49:01 [main] DEBUG c.g.d.z.s.o.a.hc.client5.http.wire - http-outgoing-2 << "Api-Version: 1.51[\r][\n]"
2026-02-26 11:49:01 [main] DEBUG c.g.d.z.s.o.a.hc.client5.http.wire - http-outgoing-2 << "Content-Type: application/json[\r][\n]"
2026-02-26 11:49:01 [main] DEBUG c.g.d.z.s.o.a.hc.client5.http.wire - http-outgoing-2 << "Date: Thu, 26 Feb 2026 08:49:01 GMT[\r][\n]"
2026-02-26 11:49:01 [main] DEBUG c.g.d.z.s.o.a.hc.client5.http.wire - http-outgoing-2 << "Docker-Experimental: false[\r][\n]"
2026-02-26 11:49:01 [main] DEBUG c.g.d.z.s.o.a.hc.client5.http.wire - http-outgoing-2 << "Ostype: linux[\r][\n]"
2026-02-26 11:49:01 [lettuce-nioEventLoop-4-3] DEBUG i.l.core.protocol.ConnectionWatchdog - Cannot reconnect to [localhost/<unresolved>:40465]: Connection closed prematurely
io.lettuce.core.RedisConnectionException: Connection closed prematurely
	at io.lettuce.core.protocol.RedisHandshakeHandler.channelInactive(RedisHandshakeHandler.java:76)
	at io.netty.channel.AbstractChannelHandlerContext.fireChannelInactive(AbstractChannelHandlerContext.java:250)
	at io.netty.channel.ChannelInboundHandlerAdapter.channelInactive(ChannelInboundHandlerAdapter.java:81)
	at io.lettuce.core.ChannelGroupListener.channelInactive(ChannelGroupListener.java:54)
	at io.netty.channel.AbstractChannelHandlerContext.fireChannelInactive(AbstractChannelHandlerContext.java:250)
	at io.netty.channel.DefaultChannelPipeline$HeadContext.channelInactive(DefaultChannelPipeline.java:1424)
	at io.netty.channel.DefaultChannelPipeline.fireChannelInactive(DefaultChannelPipeline.java:876)
	at io.netty.channel.AbstractChannel$AbstractUnsafe$8.run(AbstractChannel.java:684)
	at io.netty.util.concurrent.AbstractEventExecutor.runTask$$$capture(AbstractEventExecutor.java:148)
	at io.netty.util.concurrent.AbstractEventExecutor.runTask(AbstractEventExecutor.java)
	at io.netty.util.concurrent.AbstractEventExecutor.safeExecute$$$capture(AbstractEventExecutor.java:141)
	at io.netty.util.concurrent.AbstractEventExecutor.safeExecute(AbstractEventExecutor.java)
	at io.netty.util.concurrent.SingleThreadEventExecutor.runAllTasks(SingleThreadEventExecutor.java:535)
	at io.netty.channel.SingleThreadIoEventLoop.run(SingleThreadIoEventLoop.java:201)
	at io.netty.util.concurrent.SingleThreadEventExecutor$5.run(SingleThreadEventExecutor.java:1193)
	at io.netty.util.internal.ThreadExecutorMap$2.run(ThreadExecutorMap.java:74)
	at io.netty.util.concurrent.FastThreadLocalRunnable.run(FastThreadLocalRunnable.java:30)
	at java.base/java.lang.Thread.run(Thread.java:1583)
2026-02-26 11:49:01 [main] DEBUG c.g.d.z.s.o.a.hc.client5.http.wire - http-outgoing-2 << "Server: Docker/28.4.0 (linux)[\r][\n]"
2026-02-26 11:49:01 [main] DEBUG c.g.d.z.s.o.a.hc.client5.http.wire - http-outgoing-2 << "Transfer-Encoding: chunked[\r][\n]"
2026-02-26 11:49:01 [main] DEBUG c.g.d.z.s.o.a.hc.client5.http.wire - http-outgoing-2 << "[\r][\n]"
2026-02-26 11:49:01 [main] DEBUG c.g.d.z.s.o.a.hc.client5.http.wire - http-outgoing-2 << "11b7[\r][\n]"
2026-02-26 11:49:01 [main] DEBUG c.g.d.z.s.o.a.hc.client5.http.wire - http-outgoing-2 << "{"Id":"29ccf648f8e7e3804d86120717d98ee1150ea82687016aa2067a0af65df98092","Created":"2026-02-26T08:49:00.071054339Z","Path":"docker-entrypoint.sh","Args":["redis-server"],"State":{"Status":"exited","Running":false,"Paused":false,"Restarting":false,"OOMKilled":false,"Dead":false,"Pid":0,"ExitCode":137,"Error":"","StartedAt":"2026-02-26T08:49:00.269746509Z","FinishedAt":"2026-02-26T08:49:01.398743431Z"},"Image":"sha256:8b81dd37ff027bec4e516d41acfbe9fe2460070dc6d4a4570a2ac5b9d59df065","ResolvConfPath":"/var/lib/docker/containers/29ccf648f8e7e3804d86120717d98ee1150ea82687016aa2067a0af65df98092/resolv.conf","HostnamePath":"/var/lib/docker/containers/29ccf648f8e7e3804d86120717d98ee1150ea82687016aa2067a0af65df98092/hostname","HostsPath":"/var/lib/docker/containers/29ccf648f8e7e3804d86120717d98ee1150ea82687016aa2067a0af65df98092/hosts","LogPath":"/var/lib/docker/containers/29ccf648f8e7e3804d86120717d98ee1150ea82687016aa2067a0af65df98092/29ccf648f8e7e3804d86120717d98ee1150ea82687016aa2067a0af65df98092-json.log","Name":"/zen_ptolemy","RestartCount":0,"Driver":"overlayfs","Platform":"linux","MountLabel":"","ProcessLabel":"","AppArmorProfile":"","ExecIDs":null,"HostConfig":{"Binds":[],"ContainerIDFile":"","LogConfig":{"Type":"json-file","Config":{}},"NetworkMode":"bridge","PortBindings":{"6379/tcp":[{"HostIp":"","HostPort":""}]},"RestartPolicy":{"Name":"no","MaximumRetryCount":0},"AutoRemove":false,"VolumeDriver":"","VolumesFrom":[],"ConsoleSize":[0,0],"CapAdd":null,"CapDrop":null,"CgroupnsMode":"private","Dns":null,"DnsOptions":null,"DnsSearch":null,"ExtraHosts":[],"GroupAdd":null,"IpcMode":"shareable","Cgroup":"","Links":null,"OomScoreAdj":0,"PidMode":"","Privileged":false,"PublishAllPorts":false,"ReadonlyRootfs":false,"SecurityOpt":null,"UTSMode":"","UsernsMode":"","ShmSize":67108864,"Runtime":"runc","Isolation":"","CpuShares":0,"Memory":0,"NanoCpus":0,"CgroupParent":"","BlkioWeight":0,"BlkioWeightDevice":null,"BlkioDeviceReadBps":null,"BlkioDeviceWriteBps":null,"BlkioDeviceReadIOps":null,"BlkioDeviceWriteIOps":null,"CpuPeriod":0,"CpuQuota":0,"CpuRealtimePeriod":0,"CpuRealtimeRuntime":0,"CpusetCpus":"","CpusetMems":"","Devices":null,"DeviceCgroupRules":null,"DeviceRequests":null,"MemoryReservation":0,"MemorySwap":0,"MemorySwappiness":null,"OomKillDisable":null,"PidsLimit":null,"Ulimits":null,"CpuCount":0,"CpuPercent":0,"IOMaximumIOps":0,"IOMaximumBandwidth":0,"MaskedPaths":["/proc/asound","/proc/acpi","/proc/interrupts","/proc/kcore","/proc/keys","/proc/latency_stats","/proc/timer_list","/proc/timer_stats","/proc/sched_debug","/proc/scsi","/sys/firmware","/sys/devices/virtual/powercap"],"ReadonlyPaths":["/proc/bus","/proc/fs","/proc/irq","/proc/sys","/proc/sysrq-trigger"]},"GraphDriver":{"Data":null,"Name":"overlayfs"},"Mounts":[{"Type":"volume","Name":"ef1d91046f6c9e9848cf2f4f6f743083f3840ded45dc5b499ced7de98c703366","Source":"/var/lib/docker/volumes/ef1d91046f6c9e9848cf2f4f6f743083f3840ded45dc5b499ced7de98c703366/_data","Destination":"/data","Driver":"local","Mode":"","RW":true,"Propagation":""}],"Config":{"Hostname":"29ccf648f8e7","Domainname":"","User":"","AttachStdin":false,"AttachStdout":false,"AttachStderr":false,"ExposedPorts":{"6379/tcp":{}},"Tty":false,"OpenStdin":false,"StdinOnce":false,"Env":["PATH=/usr/local/sbin:/usr/local/bin:/usr/sbin:/usr/bin:/sbin:/bin","GOSU_VERSION=1.17","REDIS_VERSION=7.4.8","REDIS_DOWNLOAD_URL=http://download.redis.io/releases/redis-7.4.8.tar.gz","REDIS_DOWNLOAD_SHA=f6773cb7d63be236c59c2917a82f1f08e47b77d89b2f0c9f53becb22b8ea4172"],"Cmd":["redis-server"],"Image":"redis:7-alpine","Volumes":{"/data":{}},"WorkingDir":"/data","Entrypoint":["docker-entrypoint.sh"],"OnBuild":null,"Labels":{"org.testcontainers":"true","org.testcontainers.lang":"java","org.testcontainers.sessionId":"3988fffa-3d15-4d59-8a3a-e01fc218ba9e","org.testcontainers.version":"1.19.8"}},"NetworkSettings":{"Bridge":"","SandboxID":"","SandboxKey":"","Ports":{},"HairpinMode":false,"LinkLocalIPv6Address":"","LinkLocalIPv6PrefixLen":0,"SecondaryIPAddresses":null,"SecondaryIPv6Addresses":null,"EndpointID":"","Gateway":"","GlobalIPv6Address":"","GlobalIPv6PrefixLen":0,"IPAddress":"","IPPrefixLen":0,"IPv6Gateway":"","MacAddress":"","Networks":{"bridge":{"IPAMConfig":null,"Links":null,"Aliases":null,"MacAddress":"","DriverOpts":null,"GwPriority":0,"NetworkID":"3d2b1ff79ad788ceacbe0a31d8809e1b169bea8cd21b32b06f23fe4e292c9b28","EndpointID":"","Gateway":"","IPAddress":"","IPPrefixLen":0,"IPv6Gateway":"","GlobalIPv6Address":"","GlobalIPv6PrefixLen":0,"DNSNames":null}}}}[\n]"
2026-02-26 11:49:01 [main] DEBUG c.g.d.z.s.o.a.hc.client5.http.wire - http-outgoing-2 << "[\r][\n]"
2026-02-26 11:49:01 [main] DEBUG c.g.d.z.s.o.a.hc.client5.http.wire - http-outgoing-2 << "0[\r][\n]"
2026-02-26 11:49:01 [main] DEBUG c.g.d.z.s.o.a.hc.client5.http.wire - http-outgoing-2 << "[\r][\n]"
2026-02-26 11:49:01 [lettuce-nioEventLoop-4-3] DEBUG i.l.core.protocol.ConnectionWatchdog - [channel=0x86364390, /127.0.0.1:59480 -> localhost/127.0.0.1:40465, last known addr=localhost/127.0.0.1:40465] scheduleReconnect()
2026-02-26 11:49:01 [main] DEBUG c.g.d.z.s.o.a.h.client5.http.headers - http-outgoing-2 << HTTP/1.1 200 OK
2026-02-26 11:49:01 [main] DEBUG c.g.d.z.s.o.a.h.client5.http.headers - http-outgoing-2 << Api-Version: 1.51
2026-02-26 11:49:01 [main] DEBUG c.g.d.z.s.o.a.h.client5.http.headers - http-outgoing-2 << Content-Type: application/json
2026-02-26 11:49:01 [main] DEBUG c.g.d.z.s.o.a.h.client5.http.headers - http-outgoing-2 << Date: Thu, 26 Feb 2026 08:49:01 GMT
2026-02-26 11:49:01 [main] DEBUG c.g.d.z.s.o.a.h.client5.http.headers - http-outgoing-2 << Docker-Experimental: false
2026-02-26 11:49:01 [lettuce-nioEventLoop-4-3] DEBUG i.l.core.protocol.ConnectionWatchdog - [channel=0x86364390, /127.0.0.1:59480 -> localhost/127.0.0.1:40465, last known addr=localhost/127.0.0.1:40465] Reconnect attempt 3, delay 4ms
2026-02-26 11:49:01 [main] DEBUG c.g.d.z.s.o.a.h.client5.http.headers - http-outgoing-2 << Ostype: linux
2026-02-26 11:49:01 [main] DEBUG c.g.d.z.s.o.a.h.client5.http.headers - http-outgoing-2 << Server: Docker/28.4.0 (linux)
2026-02-26 11:49:01 [main] DEBUG c.g.d.z.s.o.a.h.client5.http.headers - http-outgoing-2 << Transfer-Encoding: chunked
2026-02-26 11:49:01 [lettuce-nioEventLoop-4-3] DEBUG i.l.core.protocol.CommandHandler - [channel=0x3d9aad6c, /127.0.0.1:59498 -> localhost/127.0.0.1:40465, epid=0x1, chid=0x3] channelInactive()
2026-02-26 11:49:01 [main] DEBUG c.g.d.z.s.o.a.h.c.h.i.c.MainClientExec - ex-00000015: connection can be kept alive for 3 MINUTES
2026-02-26 11:49:01 [lettuce-nioEventLoop-4-3] DEBUG i.l.core.protocol.DefaultEndpoint - [channel=0x86364390, /127.0.0.1:59480 -> localhost/127.0.0.1:40465, epid=0x1] deactivating endpoint handler
2026-02-26 11:49:01 [lettuce-nioEventLoop-4-3] DEBUG i.l.core.protocol.DefaultEndpoint - [channel=0x86364390, /127.0.0.1:59480 -> localhost/127.0.0.1:40465, epid=0x1] notifyQueuedCommands adding 1 command(s) to buffer
2026-02-26 11:49:01 [lettuce-nioEventLoop-4-3] DEBUG i.l.core.protocol.DefaultEndpoint - [channel=0x86364390, /127.0.0.1:59480 -> localhost/127.0.0.1:40465, epid=0x1] flushCommands()
2026-02-26 11:49:01 [lettuce-nioEventLoop-4-3] DEBUG i.l.core.protocol.CommandHandler - [channel=0x3d9aad6c, /127.0.0.1:59498 -> localhost/127.0.0.1:40465, epid=0x1, chid=0x3] channelInactive() done
2026-02-26 11:49:01 [lettuce-nioEventLoop-4-3] DEBUG i.l.core.protocol.ConnectionWatchdog - [channel=0x86364390, /127.0.0.1:59480 -> localhost/127.0.0.1:40465, last known addr=localhost/127.0.0.1:40465] channelInactive()
2026-02-26 11:49:01 [lettuce-nioEventLoop-4-3] DEBUG i.l.core.protocol.ConnectionWatchdog - [channel=0x86364390, /127.0.0.1:59480 -> localhost/127.0.0.1:40465, last known addr=localhost/127.0.0.1:40465] scheduleReconnect()
2026-02-26 11:49:01 [lettuce-nioEventLoop-4-3] DEBUG i.l.core.protocol.ConnectionWatchdog - [channel=0x86364390, /127.0.0.1:59480 -> localhost/127.0.0.1:40465, last known addr=localhost/127.0.0.1:40465] Skipping scheduleReconnect() because I have an active channel
2026-02-26 11:49:01 [lettuce-nioEventLoop-4-3] DEBUG i.l.core.protocol.CommandHandler - [channel=0x3d9aad6c, /127.0.0.1:59498 -> localhost/127.0.0.1:40465, epid=0x1, chid=0x3] channelUnregistered()
2026-02-26 11:49:01 [main] DEBUG c.g.d.z.s.o.a.h.c.h.i.c.InternalHttpClient - ep-00000014: releasing valid endpoint
2026-02-26 11:49:01 [main] DEBUG c.g.d.z.s.o.a.h.c.h.i.i.PoolingHttpClientConnectionManager - ep-00000014: releasing endpoint
2026-02-26 11:49:01 [main] DEBUG c.g.d.z.s.o.a.h.c.h.i.i.PoolingHttpClientConnectionManager - ep-00000014: connection http-outgoing-2 can be kept alive for 3 MINUTES
2026-02-26 11:49:01 [main] DEBUG c.g.d.z.s.o.a.h.c.h.i.i.PoolingHttpClientConnectionManager - ep-00000014: connection released [route: {}->unix://localhost:2375][total available: 2; route allocated: 2 of 2147483647; total allocated: 2 of 2147483647]
2026-02-26 11:49:01 [main] DEBUG o.t.s.c.g.d.c.command.AbstrDockerCmd - Cmd: 29ccf648f8e7e3804d86120717d98ee1150ea82687016aa2067a0af65df98092,true,true
2026-02-26 11:49:01 [main] DEBUG c.g.d.z.s.o.a.h.c.h.i.c.InternalHttpClient - ex-00000016: preparing request execution
2026-02-26 11:49:01 [main] DEBUG c.g.d.z.s.o.a.h.c.h.p.RequestAddCookies - Cookie spec selected: strict
2026-02-26 11:49:01 [main] DEBUG c.g.d.z.s.o.a.h.c.h.p.RequestAuthCache - Auth cache not set in the context
2026-02-26 11:49:01 [main] DEBUG c.g.d.z.s.o.a.h.c.h.i.c.ProtocolExec - ex-00000016: target auth state: UNCHALLENGED
2026-02-26 11:49:01 [main] DEBUG c.g.d.z.s.o.a.h.c.h.i.c.ProtocolExec - ex-00000016: proxy auth state: UNCHALLENGED
2026-02-26 11:49:01 [main] DEBUG c.g.d.z.s.o.a.h.c.h.i.c.ConnectExec - ex-00000016: acquiring connection with route {}->unix://localhost:2375
2026-02-26 11:49:01 [main] DEBUG c.g.d.z.s.o.a.h.c.h.i.c.InternalHttpClient - ex-00000016: acquiring endpoint (3 MINUTES)
2026-02-26 11:49:01 [main] DEBUG c.g.d.z.s.o.a.h.c.h.i.i.PoolingHttpClientConnectionManager - ex-00000016: endpoint lease request (3 MINUTES) [route: {}->unix://localhost:2375][total available: 2; route allocated: 2 of 2147483647; total allocated: 2 of 2147483647]
2026-02-26 11:49:01 [main] DEBUG c.g.d.z.s.o.a.h.c.h.i.i.PoolingHttpClientConnectionManager - ex-00000016: endpoint leased [route: {}->unix://localhost:2375][total available: 1; route allocated: 2 of 2147483647; total allocated: 2 of 2147483647]
2026-02-26 11:49:01 [main] DEBUG c.g.d.z.s.o.a.h.c.h.i.i.PoolingHttpClientConnectionManager - ex-00000016: acquired ep-00000015
2026-02-26 11:49:01 [main] DEBUG c.g.d.z.s.o.a.h.c.h.i.c.InternalHttpClient - ex-00000016: acquired endpoint ep-00000015
2026-02-26 11:49:01 [main] DEBUG c.g.d.z.s.o.a.h.c.h.i.c.MainClientExec - ex-00000016: executing DELETE /v1.32/containers/29ccf648f8e7e3804d86120717d98ee1150ea82687016aa2067a0af65df98092?v=true&force=true HTTP/1.1
2026-02-26 11:49:01 [main] DEBUG c.g.d.z.s.o.a.h.c.h.i.c.InternalHttpClient - ep-00000015: start execution ex-00000016
2026-02-26 11:49:01 [main] DEBUG c.g.d.z.s.o.a.h.c.h.i.i.PoolingHttpClientConnectionManager - ep-00000015: executing exchange ex-00000016 over http-outgoing-2
2026-02-26 11:49:01 [main] DEBUG c.g.d.z.s.o.a.h.client5.http.headers - http-outgoing-2 >> DELETE /v1.32/containers/29ccf648f8e7e3804d86120717d98ee1150ea82687016aa2067a0af65df98092?v=true&force=true HTTP/1.1
2026-02-26 11:49:01 [main] DEBUG c.g.d.z.s.o.a.h.client5.http.headers - http-outgoing-2 >> accept: application/json
2026-02-26 11:49:01 [main] DEBUG c.g.d.z.s.o.a.h.client5.http.headers - http-outgoing-2 >> x-tc-sid: 3988fffa-3d15-4d59-8a3a-e01fc218ba9e
2026-02-26 11:49:01 [main] DEBUG c.g.d.z.s.o.a.h.client5.http.headers - http-outgoing-2 >> User-Agent: tc-java/1.19.8
2026-02-26 11:49:01 [main] DEBUG c.g.d.z.s.o.a.h.client5.http.headers - http-outgoing-2 >> Accept-Encoding: gzip, x-gzip, deflate
2026-02-26 11:49:01 [main] DEBUG c.g.d.z.s.o.a.h.client5.http.headers - http-outgoing-2 >> Host: localhost:2375
2026-02-26 11:49:01 [main] DEBUG c.g.d.z.s.o.a.h.client5.http.headers - http-outgoing-2 >> Connection: keep-alive
2026-02-26 11:49:01 [main] DEBUG c.g.d.z.s.o.a.hc.client5.http.wire - http-outgoing-2 >> "DELETE /v1.32/containers/29ccf648f8e7e3804d86120717d98ee1150ea82687016aa2067a0af65df98092?v=true&force=true HTTP/1.1[\r][\n]"
2026-02-26 11:49:01 [main] DEBUG c.g.d.z.s.o.a.hc.client5.http.wire - http-outgoing-2 >> "accept: application/json[\r][\n]"
2026-02-26 11:49:01 [main] DEBUG c.g.d.z.s.o.a.hc.client5.http.wire - http-outgoing-2 >> "x-tc-sid: 3988fffa-3d15-4d59-8a3a-e01fc218ba9e[\r][\n]"
2026-02-26 11:49:01 [main] DEBUG c.g.d.z.s.o.a.hc.client5.http.wire - http-outgoing-2 >> "User-Agent: tc-java/1.19.8[\r][\n]"
2026-02-26 11:49:01 [main] DEBUG c.g.d.z.s.o.a.hc.client5.http.wire - http-outgoing-2 >> "Accept-Encoding: gzip, x-gzip, deflate[\r][\n]"
2026-02-26 11:49:01 [main] DEBUG c.g.d.z.s.o.a.hc.client5.http.wire - http-outgoing-2 >> "Host: localhost:2375[\r][\n]"
2026-02-26 11:49:01 [main] DEBUG c.g.d.z.s.o.a.hc.client5.http.wire - http-outgoing-2 >> "Connection: keep-alive[\r][\n]"
2026-02-26 11:49:01 [main] DEBUG c.g.d.z.s.o.a.hc.client5.http.wire - http-outgoing-2 >> "[\r][\n]"
2026-02-26 11:49:01 [lettuce-eventExecutorLoop-1-3] DEBUG i.l.core.protocol.ConnectionWatchdog - Reconnecting, last destination was localhost/<unresolved>:40465
2026-02-26 11:49:01 [lettuce-eventExecutorLoop-1-3] DEBUG i.l.c.p.MaintenanceAwareConnectionWatchdog - RebindAwareAddressSupplier rebind state: null
2026-02-26 11:49:01 [lettuce-eventExecutorLoop-1-3] DEBUG i.l.c.p.MaintenanceAwareConnectionWatchdog - RebindAwareAddressSupplier falling back to original.
2026-02-26 11:49:01 [lettuce-eventExecutorLoop-1-3] DEBUG i.l.c.p.MaintenanceAwareConnectionWatchdog - RebindAwareAddressSupplier original to rebind address
2026-02-26 11:49:01 [lettuce-eventExecutorLoop-1-3] DEBUG io.lettuce.core.RedisClient - Resolved SocketAddress localhost/<unresolved>:40465 using redis://localhost:40465
2026-02-26 11:49:01 [lettuce-eventExecutorLoop-1-3] DEBUG i.l.c.p.MaintenanceAwareConnectionWatchdog - RebindAwareAddressSupplier original address: localhost/<unresolved>:40465
2026-02-26 11:49:01 [lettuce-eventExecutorLoop-1-3] DEBUG i.l.c.protocol.ReconnectionHandler - Reconnecting to Redis at localhost/<unresolved>:40465
2026-02-26 11:49:01 [lettuce-nioEventLoop-4-4] DEBUG i.l.core.protocol.CommandHandler - [channel=0xdcf0be24, [id: 0x025189ff] (inactive), epid=0x1, chid=0x4] channelRegistered()
2026-02-26 11:49:01 [lettuce-nioEventLoop-4-4] DEBUG i.l.core.protocol.ConnectionWatchdog - Cannot reconnect to [localhost/<unresolved>:40465]: В соединении отказано: localhost/127.0.0.1:40465
io.netty.channel.AbstractChannel$AnnotatedConnectException: В соединении отказано: localhost/127.0.0.1:40465
Caused by: java.net.ConnectException: В соединении отказано
	at java.base/sun.nio.ch.Net.pollConnect(Native Method)
	at java.base/sun.nio.ch.Net.pollConnectNow(Net.java:682)
	at java.base/sun.nio.ch.SocketChannelImpl.finishConnect(SocketChannelImpl.java:973)
	at io.netty.channel.socket.nio.NioSocketChannel.doFinishConnect(NioSocketChannel.java:330)
	at io.netty.channel.nio.AbstractNioChannel$AbstractNioUnsafe.finishConnect(AbstractNioChannel.java:384)
	at io.netty.channel.nio.AbstractNioChannel$AbstractNioUnsafe.handle(AbstractNioChannel.java:432)
	at io.netty.channel.nio.NioIoHandler$DefaultNioRegistration.handle(NioIoHandler.java:381)
	at io.netty.channel.nio.NioIoHandler.processSelectedKey(NioIoHandler.java:587)
	at io.netty.channel.nio.NioIoHandler.processSelectedKeysOptimized(NioIoHandler.java:562)
	at io.netty.channel.nio.NioIoHandler.processSelectedKeys(NioIoHandler.java:503)
	at io.netty.channel.nio.NioIoHandler.run(NioIoHandler.java:475)
	at io.netty.channel.SingleThreadIoEventLoop.runIo(SingleThreadIoEventLoop.java:225)
	at io.netty.channel.SingleThreadIoEventLoop.run(SingleThreadIoEventLoop.java:196)
	at io.netty.util.concurrent.SingleThreadEventExecutor$5.run(SingleThreadEventExecutor.java:1193)
	at io.netty.util.internal.ThreadExecutorMap$2.run(ThreadExecutorMap.java:74)
	at io.netty.util.concurrent.FastThreadLocalRunnable.run(FastThreadLocalRunnable.java:30)
	at java.base/java.lang.Thread.run(Thread.java:1583)
2026-02-26 11:49:01 [lettuce-nioEventLoop-4-4] DEBUG i.l.core.protocol.ConnectionWatchdog - [channel=0x86364390, /127.0.0.1:59480 -> localhost/127.0.0.1:40465, last known addr=localhost/127.0.0.1:40465] scheduleReconnect()
2026-02-26 11:49:01 [lettuce-nioEventLoop-4-4] DEBUG i.l.core.protocol.ConnectionWatchdog - [channel=0x86364390, /127.0.0.1:59480 -> localhost/127.0.0.1:40465, last known addr=localhost/127.0.0.1:40465] Reconnect attempt 4, delay 8ms
2026-02-26 11:49:01 [lettuce-nioEventLoop-4-4] DEBUG i.l.core.protocol.CommandHandler - [channel=0xdcf0be24, [id: 0x025189ff] (inactive), epid=0x1, chid=0x4] channelUnregistered()
2026-02-26 11:49:01 [main] DEBUG c.g.d.z.s.o.a.hc.client5.http.wire - http-outgoing-2 << "HTTP/1.1 204 No Content[\r][\n]"
2026-02-26 11:49:01 [main] DEBUG c.g.d.z.s.o.a.hc.client5.http.wire - http-outgoing-2 << "Api-Version: 1.51[\r][\n]"
2026-02-26 11:49:01 [main] DEBUG c.g.d.z.s.o.a.hc.client5.http.wire - http-outgoing-2 << "Date: Thu, 26 Feb 2026 08:49:01 GMT[\r][\n]"
2026-02-26 11:49:01 [main] DEBUG c.g.d.z.s.o.a.hc.client5.http.wire - http-outgoing-2 << "Docker-Experimental: false[\r][\n]"
2026-02-26 11:49:01 [main] DEBUG c.g.d.z.s.o.a.hc.client5.http.wire - http-outgoing-2 << "Ostype: linux[\r][\n]"
2026-02-26 11:49:01 [main] DEBUG c.g.d.z.s.o.a.hc.client5.http.wire - http-outgoing-2 << "Server: Docker/28.4.0 (linux)[\r][\n]"
2026-02-26 11:49:01 [main] DEBUG c.g.d.z.s.o.a.hc.client5.http.wire - http-outgoing-2 << "[\r][\n]"
2026-02-26 11:49:01 [main] DEBUG c.g.d.z.s.o.a.h.client5.http.headers - http-outgoing-2 << HTTP/1.1 204 No Content
2026-02-26 11:49:01 [main] DEBUG c.g.d.z.s.o.a.h.client5.http.headers - http-outgoing-2 << Api-Version: 1.51
2026-02-26 11:49:01 [main] DEBUG c.g.d.z.s.o.a.h.client5.http.headers - http-outgoing-2 << Date: Thu, 26 Feb 2026 08:49:01 GMT
2026-02-26 11:49:01 [main] DEBUG c.g.d.z.s.o.a.h.client5.http.headers - http-outgoing-2 << Docker-Experimental: false
2026-02-26 11:49:01 [main] DEBUG c.g.d.z.s.o.a.h.client5.http.headers - http-outgoing-2 << Ostype: linux
2026-02-26 11:49:01 [main] DEBUG c.g.d.z.s.o.a.h.client5.http.headers - http-outgoing-2 << Server: Docker/28.4.0 (linux)
2026-02-26 11:49:01 [main] DEBUG c.g.d.z.s.o.a.h.c.h.i.c.MainClientExec - ex-00000016: connection can be kept alive for 3 MINUTES
2026-02-26 11:49:01 [main] DEBUG c.g.d.z.s.o.a.h.c.h.i.c.InternalHttpClient - ep-00000015: releasing valid endpoint
2026-02-26 11:49:01 [main] DEBUG c.g.d.z.s.o.a.h.c.h.i.i.PoolingHttpClientConnectionManager - ep-00000015: releasing endpoint
2026-02-26 11:49:01 [main] DEBUG c.g.d.z.s.o.a.h.c.h.i.i.PoolingHttpClientConnectionManager - ep-00000015: connection http-outgoing-2 can be kept alive for 3 MINUTES
2026-02-26 11:49:01 [main] DEBUG c.g.d.z.s.o.a.h.c.h.i.i.PoolingHttpClientConnectionManager - ep-00000015: connection released [route: {}->unix://localhost:2375][total available: 2; route allocated: 2 of 2147483647; total allocated: 2 of 2147483647]
2026-02-26 11:49:01 [main] DEBUG o.t.utility.ResourceReaper - Removed container and associated volume(s): redis:7-alpine
2026-02-26 11:49:01 [Thread-5] DEBUG o.t.s.c.g.d.c.command.AbstrDockerCmd - Cmd: 422f383cb804d8331028fa4c8783ba66f6d03900f12a89dd9c1bc25c9594ffe3,SIGTERM
2026-02-26 11:49:01 [Thread-5] DEBUG c.g.d.z.s.o.a.h.c.h.i.c.InternalHttpClient - ex-00000017: preparing request execution
2026-02-26 11:49:01 [Thread-5] DEBUG c.g.d.z.s.o.a.h.c.h.p.RequestAddCookies - Cookie spec selected: strict
2026-02-26 11:49:01 [Thread-5] DEBUG c.g.d.z.s.o.a.h.c.h.p.RequestAuthCache - Auth cache not set in the context
2026-02-26 11:49:01 [Thread-5] DEBUG c.g.d.z.s.o.a.h.c.h.i.c.ProtocolExec - ex-00000017: target auth state: UNCHALLENGED
2026-02-26 11:49:01 [Thread-5] DEBUG c.g.d.z.s.o.a.h.c.h.i.c.ProtocolExec - ex-00000017: proxy auth state: UNCHALLENGED
2026-02-26 11:49:01 [Thread-5] DEBUG c.g.d.z.s.o.a.h.c.h.i.c.ConnectExec - ex-00000017: acquiring connection with route {}->unix://localhost:2375
2026-02-26 11:49:01 [Thread-5] DEBUG c.g.d.z.s.o.a.h.c.h.i.c.InternalHttpClient - ex-00000017: acquiring endpoint (3 MINUTES)
2026-02-26 11:49:01 [Thread-5] DEBUG c.g.d.z.s.o.a.h.c.h.i.i.PoolingHttpClientConnectionManager - ex-00000017: endpoint lease request (3 MINUTES) [route: {}->unix://localhost:2375][total available: 2; route allocated: 2 of 2147483647; total allocated: 2 of 2147483647]
2026-02-26 11:49:01 [Thread-5] DEBUG c.g.d.z.s.o.a.h.c.h.i.i.PoolingHttpClientConnectionManager - ex-00000017: endpoint leased [route: {}->unix://localhost:2375][total available: 1; route allocated: 2 of 2147483647; total allocated: 2 of 2147483647]
2026-02-26 11:49:01 [Thread-5] DEBUG c.g.d.z.s.o.a.h.c.h.i.i.PoolingHttpClientConnectionManager - ex-00000017: acquired ep-00000016
2026-02-26 11:49:01 [Thread-5] DEBUG c.g.d.z.s.o.a.h.c.h.i.c.InternalHttpClient - ex-00000017: acquired endpoint ep-00000016
2026-02-26 11:49:01 [Thread-5] DEBUG c.g.d.z.s.o.a.h.c.h.i.c.MainClientExec - ex-00000017: executing POST /v1.32/containers/422f383cb804d8331028fa4c8783ba66f6d03900f12a89dd9c1bc25c9594ffe3/kill?signal=SIGTERM HTTP/1.1
2026-02-26 11:49:01 [Thread-5] DEBUG c.g.d.z.s.o.a.h.c.h.i.c.InternalHttpClient - ep-00000016: start execution ex-00000017
2026-02-26 11:49:01 [Thread-5] DEBUG c.g.d.z.s.o.a.h.c.h.i.i.PoolingHttpClientConnectionManager - ep-00000016: executing exchange ex-00000017 over http-outgoing-2
2026-02-26 11:49:01 [Thread-5] DEBUG c.g.d.z.s.o.a.h.client5.http.headers - http-outgoing-2 >> POST /v1.32/containers/422f383cb804d8331028fa4c8783ba66f6d03900f12a89dd9c1bc25c9594ffe3/kill?signal=SIGTERM HTTP/1.1
2026-02-26 11:49:01 [Thread-5] DEBUG c.g.d.z.s.o.a.h.client5.http.headers - http-outgoing-2 >> accept: application/json
2026-02-26 11:49:01 [Thread-5] DEBUG c.g.d.z.s.o.a.h.client5.http.headers - http-outgoing-2 >> content-type: application/json
2026-02-26 11:49:01 [Thread-5] DEBUG c.g.d.z.s.o.a.h.client5.http.headers - http-outgoing-2 >> x-tc-sid: 3988fffa-3d15-4d59-8a3a-e01fc218ba9e
2026-02-26 11:49:01 [Thread-5] DEBUG c.g.d.z.s.o.a.h.client5.http.headers - http-outgoing-2 >> User-Agent: tc-java/1.19.8
2026-02-26 11:49:01 [Thread-5] DEBUG c.g.d.z.s.o.a.h.client5.http.headers - http-outgoing-2 >> Accept-Encoding: gzip, x-gzip, deflate
2026-02-26 11:49:01 [Thread-5] DEBUG c.g.d.z.s.o.a.h.client5.http.headers - http-outgoing-2 >> Host: localhost:2375
2026-02-26 11:49:01 [Thread-5] DEBUG c.g.d.z.s.o.a.h.client5.http.headers - http-outgoing-2 >> Connection: keep-alive
2026-02-26 11:49:01 [Thread-5] DEBUG c.g.d.z.s.o.a.hc.client5.http.wire - http-outgoing-2 >> "POST /v1.32/containers/422f383cb804d8331028fa4c8783ba66f6d03900f12a89dd9c1bc25c9594ffe3/kill?signal=SIGTERM HTTP/1.1[\r][\n]"
2026-02-26 11:49:01 [Thread-5] DEBUG c.g.d.z.s.o.a.hc.client5.http.wire - http-outgoing-2 >> "accept: application/json[\r][\n]"
2026-02-26 11:49:01 [Thread-5] DEBUG c.g.d.z.s.o.a.hc.client5.http.wire - http-outgoing-2 >> "content-type: application/json[\r][\n]"
2026-02-26 11:49:01 [Thread-5] DEBUG c.g.d.z.s.o.a.hc.client5.http.wire - http-outgoing-2 >> "x-tc-sid: 3988fffa-3d15-4d59-8a3a-e01fc218ba9e[\r][\n]"
2026-02-26 11:49:01 [Thread-5] DEBUG c.g.d.z.s.o.a.hc.client5.http.wire - http-outgoing-2 >> "User-Agent: tc-java/1.19.8[\r][\n]"
2026-02-26 11:49:01 [Thread-5] DEBUG c.g.d.z.s.o.a.hc.client5.http.wire - http-outgoing-2 >> "Accept-Encoding: gzip, x-gzip, deflate[\r][\n]"
2026-02-26 11:49:01 [Thread-5] DEBUG c.g.d.z.s.o.a.hc.client5.http.wire - http-outgoing-2 >> "Host: localhost:2375[\r][\n]"
2026-02-26 11:49:01 [Thread-5] DEBUG c.g.d.z.s.o.a.hc.client5.http.wire - http-outgoing-2 >> "Connection: keep-alive[\r][\n]"
2026-02-26 11:49:01 [Thread-5] DEBUG c.g.d.z.s.o.a.hc.client5.http.wire - http-outgoing-2 >> "[\r][\n]"
2026-02-26 11:49:01 [lettuce-eventExecutorLoop-1-4] DEBUG i.l.core.protocol.ConnectionWatchdog - Reconnecting, last destination was localhost/<unresolved>:40465
2026-02-26 11:49:01 [lettuce-eventExecutorLoop-1-4] DEBUG i.l.c.p.MaintenanceAwareConnectionWatchdog - RebindAwareAddressSupplier rebind state: null
2026-02-26 11:49:01 [lettuce-eventExecutorLoop-1-4] DEBUG i.l.c.p.MaintenanceAwareConnectionWatchdog - RebindAwareAddressSupplier falling back to original.
2026-02-26 11:49:01 [lettuce-eventExecutorLoop-1-4] DEBUG i.l.c.p.MaintenanceAwareConnectionWatchdog - RebindAwareAddressSupplier original to rebind address
2026-02-26 11:49:01 [lettuce-eventExecutorLoop-1-4] DEBUG io.lettuce.core.RedisClient - Resolved SocketAddress localhost/<unresolved>:40465 using redis://localhost:40465
2026-02-26 11:49:01 [lettuce-eventExecutorLoop-1-4] DEBUG i.l.c.p.MaintenanceAwareConnectionWatchdog - RebindAwareAddressSupplier original address: localhost/<unresolved>:40465
2026-02-26 11:49:01 [lettuce-eventExecutorLoop-1-4] DEBUG i.l.c.protocol.ReconnectionHandler - Reconnecting to Redis at localhost/<unresolved>:40465
2026-02-26 11:49:01 [lettuce-nioEventLoop-4-5] DEBUG i.l.core.protocol.CommandHandler - [channel=0x09615f1d, [id: 0x363fbae1] (inactive), epid=0x1, chid=0x5] channelRegistered()
2026-02-26 11:49:01 [lettuce-nioEventLoop-4-5] DEBUG i.l.core.protocol.ConnectionWatchdog - Cannot reconnect to [localhost/<unresolved>:40465]: В соединении отказано: localhost/127.0.0.1:40465
io.netty.channel.AbstractChannel$AnnotatedConnectException: В соединении отказано: localhost/127.0.0.1:40465
Caused by: java.net.ConnectException: В соединении отказано
	at java.base/sun.nio.ch.Net.pollConnect(Native Method)
	at java.base/sun.nio.ch.Net.pollConnectNow(Net.java:682)
	at java.base/sun.nio.ch.SocketChannelImpl.finishConnect(SocketChannelImpl.java:973)
	at io.netty.channel.socket.nio.NioSocketChannel.doFinishConnect(NioSocketChannel.java:330)
	at io.netty.channel.nio.AbstractNioChannel$AbstractNioUnsafe.finishConnect(AbstractNioChannel.java:384)
	at io.netty.channel.nio.AbstractNioChannel$AbstractNioUnsafe.handle(AbstractNioChannel.java:432)
	at io.netty.channel.nio.NioIoHandler$DefaultNioRegistration.handle(NioIoHandler.java:381)
	at io.netty.channel.nio.NioIoHandler.processSelectedKey(NioIoHandler.java:587)
	at io.netty.channel.nio.NioIoHandler.processSelectedKeysOptimized(NioIoHandler.java:562)
	at io.netty.channel.nio.NioIoHandler.processSelectedKeys(NioIoHandler.java:503)
	at io.netty.channel.nio.NioIoHandler.run(NioIoHandler.java:475)
	at io.netty.channel.SingleThreadIoEventLoop.runIo(SingleThreadIoEventLoop.java:225)
	at io.netty.channel.SingleThreadIoEventLoop.run(SingleThreadIoEventLoop.java:196)
	at io.netty.util.concurrent.SingleThreadEventExecutor$5.run(SingleThreadEventExecutor.java:1193)
	at io.netty.util.internal.ThreadExecutorMap$2.run(ThreadExecutorMap.java:74)
	at io.netty.util.concurrent.FastThreadLocalRunnable.run(FastThreadLocalRunnable.java:30)
	at java.base/java.lang.Thread.run(Thread.java:1583)
2026-02-26 11:49:01 [lettuce-nioEventLoop-4-5] DEBUG i.l.core.protocol.ConnectionWatchdog - [channel=0x86364390, /127.0.0.1:59480 -> localhost/127.0.0.1:40465, last known addr=localhost/127.0.0.1:40465] scheduleReconnect()
2026-02-26 11:49:01 [lettuce-nioEventLoop-4-5] DEBUG i.l.core.protocol.ConnectionWatchdog - [channel=0x86364390, /127.0.0.1:59480 -> localhost/127.0.0.1:40465, last known addr=localhost/127.0.0.1:40465] Reconnect attempt 5, delay 16ms
2026-02-26 11:49:01 [lettuce-nioEventLoop-4-5] DEBUG i.l.core.protocol.CommandHandler - [channel=0x09615f1d, [id: 0x363fbae1] (inactive), epid=0x1, chid=0x5] channelUnregistered()
2026-02-26 11:49:01 [Thread-5] DEBUG c.g.d.z.s.o.a.hc.client5.http.wire - http-outgoing-2 << "HTTP/1.1 204 No Content[\r][\n]"
2026-02-26 11:49:01 [Thread-5] DEBUG c.g.d.z.s.o.a.hc.client5.http.wire - http-outgoing-2 << "Api-Version: 1.51[\r][\n]"
2026-02-26 11:49:01 [Thread-5] DEBUG c.g.d.z.s.o.a.hc.client5.http.wire - http-outgoing-2 << "Date: Thu, 26 Feb 2026 08:49:01 GMT[\r][\n]"
2026-02-26 11:49:01 [Thread-5] DEBUG c.g.d.z.s.o.a.hc.client5.http.wire - http-outgoing-2 << "Docker-Experimental: false[\r][\n]"
2026-02-26 11:49:01 [Thread-5] DEBUG c.g.d.z.s.o.a.hc.client5.http.wire - http-outgoing-2 << "Ostype: linux[\r][\n]"
2026-02-26 11:49:01 [Thread-5] DEBUG c.g.d.z.s.o.a.hc.client5.http.wire - http-outgoing-2 << "Server: Docker/28.4.0 (linux)[\r][\n]"
2026-02-26 11:49:01 [Thread-5] DEBUG c.g.d.z.s.o.a.hc.client5.http.wire - http-outgoing-2 << "[\r][\n]"
2026-02-26 11:49:01 [Thread-5] DEBUG c.g.d.z.s.o.a.h.client5.http.headers - http-outgoing-2 << HTTP/1.1 204 No Content
2026-02-26 11:49:01 [Thread-5] DEBUG c.g.d.z.s.o.a.h.client5.http.headers - http-outgoing-2 << Api-Version: 1.51
2026-02-26 11:49:01 [Thread-5] DEBUG c.g.d.z.s.o.a.h.client5.http.headers - http-outgoing-2 << Date: Thu, 26 Feb 2026 08:49:01 GMT
2026-02-26 11:49:01 [Thread-5] DEBUG c.g.d.z.s.o.a.h.client5.http.headers - http-outgoing-2 << Docker-Experimental: false
2026-02-26 11:49:01 [Thread-5] DEBUG c.g.d.z.s.o.a.h.client5.http.headers - http-outgoing-2 << Ostype: linux
2026-02-26 11:49:01 [Thread-5] DEBUG c.g.d.z.s.o.a.h.client5.http.headers - http-outgoing-2 << Server: Docker/28.4.0 (linux)
2026-02-26 11:49:01 [Thread-5] DEBUG c.g.d.z.s.o.a.h.c.h.i.c.MainClientExec - ex-00000017: connection can be kept alive for 3 MINUTES
2026-02-26 11:49:01 [Thread-5] DEBUG c.g.d.z.s.o.a.h.c.h.i.c.InternalHttpClient - ep-00000016: releasing valid endpoint
2026-02-26 11:49:01 [Thread-5] DEBUG c.g.d.z.s.o.a.h.c.h.i.i.PoolingHttpClientConnectionManager - ep-00000016: releasing endpoint
2026-02-26 11:49:01 [Thread-5] DEBUG c.g.d.z.s.o.a.h.c.h.i.i.PoolingHttpClientConnectionManager - ep-00000016: connection http-outgoing-2 can be kept alive for 3 MINUTES
2026-02-26 11:49:01 [Thread-5] DEBUG c.g.d.z.s.o.a.h.c.h.i.i.PoolingHttpClientConnectionManager - ep-00000016: connection released [route: {}->unix://localhost:2375][total available: 2; route allocated: 2 of 2147483647; total allocated: 2 of 2147483647]
2026-02-26 11:55:17 [main] INFO  o.testcontainers.images.PullPolicy - Image pull policy will be performed by: DefaultPullPolicy()
2026-02-26 11:55:17 [main] INFO  o.t.utility.ImageNameSubstitutor - Image name substitution will be performed by: DefaultImageNameSubstitutor (composite of 'ConfigurationFileImageNameSubstitutor' and 'PrefixingImageNameSubstitutor')
2026-02-26 11:55:18 [main] INFO  o.t.d.DockerClientProviderStrategy - Found Docker environment with Docker accessed via Unix socket (/home/artem-brychev/.docker/desktop/docker.sock)
2026-02-26 11:55:18 [main] INFO  o.testcontainers.DockerClientFactory - Docker host IP address is localhost
2026-02-26 11:55:18 [main] INFO  o.testcontainers.DockerClientFactory - Connected to docker: 
  Server Version: 28.4.0
  API Version: 1.51
  Operating System: Docker Desktop
  Total Memory: 3738 MB
2026-02-26 11:55:18 [main] INFO  tc.testcontainers/ryuk:0.7.0 - Creating container for image: testcontainers/ryuk:0.7.0
2026-02-26 11:55:18 [main] INFO  o.t.utility.RegistryAuthLocator - Credential helper/store (docker-credential-desktop) does not have credentials for https://index.docker.io/v1/
2026-02-26 11:55:21 [main] INFO  tc.testcontainers/ryuk:0.7.0 - Container testcontainers/ryuk:0.7.0 is starting: 09cf608166c2590bcd7120538cd14b5cfcf893d9cbdb9c0202db2302914f2633
2026-02-26 11:55:21 [main] INFO  tc.testcontainers/ryuk:0.7.0 - Container testcontainers/ryuk:0.7.0 started in PT3.2403853S
2026-02-26 11:55:21 [main] INFO  o.t.utility.RyukResourceReaper - Ryuk started - will monitor and terminate Testcontainers containers on JVM exit
2026-02-26 11:55:21 [main] INFO  o.testcontainers.DockerClientFactory - Checking the system...
2026-02-26 11:55:21 [main] INFO  o.testcontainers.DockerClientFactory - ✔︎ Docker server version should be at least 1.6.0
2026-02-26 11:55:21 [main] INFO  tc.redis:7-alpine - Creating container for image: redis:7-alpine
2026-02-26 11:55:21 [main] INFO  tc.redis:7-alpine - Container redis:7-alpine is starting: 5fddef1027e6bb91860257b3090fbbded3ae91756ca2ed85c843fda5ee2bd61c
2026-02-26 11:55:22 [main] INFO  tc.redis:7-alpine - Container redis:7-alpine started in PT0.539009369S
2026-02-26 11:55:22 [main] DEBUG o.e.repositories.redis.RedisManager - In RedisManager initialization block
2026-02-26 11:55:22 [main] INFO  o.e.repositories.redis.RedisManager - Redis url=redis://localhost:40109
2026-02-26 11:55:22 [lettuce-nioEventLoop-4-1] INFO  io.lettuce.core.RedisHandshake - Maintenance events not supported.
2026-02-26 11:55:22 [main] DEBUG o.e.r.redis.RedisRepository - Added id={1} oldUrl={url.com} bewUrl={null} to Redis
2026-02-26 11:55:22 [main] DEBUG o.e.r.redis.RedisRepository - Removed 1 from Redis storage
2026-02-26 11:55:22 [main] DEBUG o.e.r.redis.RedisRepository - Added id={1} oldUrl={url.com} bewUrl={null} to Redis
2026-02-26 11:55:22 [main] DEBUG o.e.r.redis.RedisRepository - Removed 1 from Redis storage
2026-02-26 11:55:22 [main] DEBUG o.e.r.redis.RedisRepository - Added id={1} oldUrl={url.com} bewUrl={null} to Redis
2026-02-26 11:55:22 [main] DEBUG o.e.r.redis.RedisRepository - Found and returning id={1} oldUrl={url.com} bewUrl={null}
2026-02-26 11:55:22 [main] DEBUG o.e.r.redis.RedisRepository - Removed 1 from Redis storage
2026-02-26 11:55:22 [main] DEBUG o.e.r.redis.RedisRepository - Added id={1} oldUrl={url.com} bewUrl={null} to Redis
2026-02-26 11:55:22 [main] DEBUG o.e.r.redis.RedisRepository - Removed 1 from Redis storage
2026-02-26 11:55:22 [main] DEBUG o.e.r.redis.RedisRepository - Added id={1} oldUrl={url.com} bewUrl={null} to Redis
2026-02-26 11:55:22 [main] DEBUG o.e.r.redis.RedisRepository - Found and returning id={1} oldUrl={url.com} bewUrl={null}
2026-02-26 11:55:22 [main] DEBUG o.e.r.redis.RedisRepository - Removed 1 from Redis storage
2026-02-26 11:55:22 [main] DEBUG o.e.r.redis.RedisRepository - Added id={1} oldUrl={url.com} bewUrl={null} to Redis
2026-02-26 11:55:22 [main] DEBUG o.e.r.redis.RedisRepository - Removed 1 from Redis storage
2026-02-26 11:55:22 [main] DEBUG o.e.r.redis.RedisRepository - Added id={1} oldUrl={url.com} bewUrl={null} to Redis
2026-02-26 11:55:22 [main] DEBUG o.e.r.redis.RedisRepository - Removed 1 from Redis storage
2026-02-26 11:55:22 [main] DEBUG o.e.r.redis.RedisRepository - Added id={1} oldUrl={url.com} bewUrl={null} to Redis
2026-02-26 11:55:22 [main] DEBUG o.e.r.redis.RedisRepository - Removed 1 from Redis storage
2026-02-26 11:55:22 [lettuce-eventExecutorLoop-1-1] INFO  i.l.core.protocol.ConnectionWatchdog - Reconnecting, last destination was localhost/127.0.0.1:40109
2026-02-26 11:55:22 [lettuce-nioEventLoop-4-2] WARN  i.l.core.protocol.ConnectionWatchdog - Cannot reconnect to [localhost/<unresolved>:40109]: Connection closed prematurely
io.lettuce.core.RedisConnectionException: Connection closed prematurely
	at io.lettuce.core.protocol.RedisHandshakeHandler.channelInactive(RedisHandshakeHandler.java:76)
	at io.netty.channel.AbstractChannelHandlerContext.fireChannelInactive(AbstractChannelHandlerContext.java:250)
	at io.netty.channel.ChannelInboundHandlerAdapter.channelInactive(ChannelInboundHandlerAdapter.java:81)
	at io.lettuce.core.ChannelGroupListener.channelInactive(ChannelGroupListener.java:54)
	at io.netty.channel.AbstractChannelHandlerContext.fireChannelInactive(AbstractChannelHandlerContext.java:250)
	at io.netty.channel.DefaultChannelPipeline$HeadContext.channelInactive(DefaultChannelPipeline.java:1424)
	at io.netty.channel.DefaultChannelPipeline.fireChannelInactive(DefaultChannelPipeline.java:876)
	at io.netty.channel.AbstractChannel$AbstractUnsafe$8.run(AbstractChannel.java:684)
	at io.netty.util.concurrent.AbstractEventExecutor.runTask$$$capture(AbstractEventExecutor.java:148)
	at io.netty.util.concurrent.AbstractEventExecutor.runTask(AbstractEventExecutor.java)
	at io.netty.util.concurrent.AbstractEventExecutor.safeExecute$$$capture(AbstractEventExecutor.java:141)
	at io.netty.util.concurrent.AbstractEventExecutor.safeExecute(AbstractEventExecutor.java)
	at io.netty.util.concurrent.SingleThreadEventExecutor.runAllTasks(SingleThreadEventExecutor.java:535)
	at io.netty.channel.SingleThreadIoEventLoop.run(SingleThreadIoEventLoop.java:201)
	at io.netty.util.concurrent.SingleThreadEventExecutor$5.run(SingleThreadEventExecutor.java:1193)
	at io.netty.util.internal.ThreadExecutorMap$2.run(ThreadExecutorMap.java:74)
	at io.netty.util.concurrent.FastThreadLocalRunnable.run(FastThreadLocalRunnable.java:30)
	at java.base/java.lang.Thread.run(Thread.java:1583)
2026-02-26 11:57:16 [main] INFO  o.testcontainers.images.PullPolicy - Image pull policy will be performed by: DefaultPullPolicy()
2026-02-26 11:57:16 [main] INFO  o.t.utility.ImageNameSubstitutor - Image name substitution will be performed by: DefaultImageNameSubstitutor (composite of 'ConfigurationFileImageNameSubstitutor' and 'PrefixingImageNameSubstitutor')
2026-02-26 11:57:16 [main] INFO  o.t.d.DockerClientProviderStrategy - Found Docker environment with Docker accessed via Unix socket (/home/artem-brychev/.docker/desktop/docker.sock)
2026-02-26 11:57:16 [main] INFO  o.testcontainers.DockerClientFactory - Docker host IP address is localhost
2026-02-26 11:57:17 [main] INFO  o.testcontainers.DockerClientFactory - Connected to docker: 
  Server Version: 28.4.0
  API Version: 1.51
  Operating System: Docker Desktop
  Total Memory: 3738 MB
2026-02-26 11:57:17 [main] INFO  tc.testcontainers/ryuk:0.7.0 - Creating container for image: testcontainers/ryuk:0.7.0
2026-02-26 11:57:17 [main] INFO  o.t.utility.RegistryAuthLocator - Credential helper/store (docker-credential-desktop) does not have credentials for https://index.docker.io/v1/
2026-02-26 11:57:17 [main] INFO  tc.testcontainers/ryuk:0.7.0 - Container testcontainers/ryuk:0.7.0 is starting: 7273a7693681cdbbe411c63bc109595660b1130e86aa86dcb91fbc02b2ce3d5f
2026-02-26 11:57:17 [main] INFO  tc.testcontainers/ryuk:0.7.0 - Container testcontainers/ryuk:0.7.0 started in PT0.51138613S
2026-02-26 11:57:17 [main] INFO  o.t.utility.RyukResourceReaper - Ryuk started - will monitor and terminate Testcontainers containers on JVM exit
2026-02-26 11:57:17 [main] INFO  o.testcontainers.DockerClientFactory - Checking the system...
2026-02-26 11:57:17 [main] INFO  o.testcontainers.DockerClientFactory - ✔︎ Docker server version should be at least 1.6.0
2026-02-26 11:57:17 [main] INFO  tc.redis:7-alpine - Creating container for image: redis:7-alpine
2026-02-26 11:57:17 [main] INFO  tc.redis:7-alpine - Container redis:7-alpine is starting: 43e5e0fc28240057dd06c2e9631ad08403a754077f77210e211ebeee415f562a
2026-02-26 11:57:18 [main] INFO  tc.redis:7-alpine - Container redis:7-alpine started in PT0.464440288S
2026-02-26 11:57:18 [main] DEBUG o.e.repositories.redis.RedisManager - In RedisManager initialization block
2026-02-26 11:57:18 [main] INFO  o.e.repositories.redis.RedisManager - Redis url=redis://localhost:44225
2026-02-26 11:57:18 [lettuce-nioEventLoop-4-1] INFO  io.lettuce.core.RedisHandshake - Maintenance events not supported.
2026-02-26 11:57:18 [main] DEBUG o.e.r.redis.RedisRepository - Added id={1} oldUrl={url.com} bewUrl={null} to Redis
2026-02-26 11:57:18 [main] DEBUG o.e.r.redis.RedisRepository - Removed 1 from Redis storage
2026-02-26 11:57:18 [main] DEBUG o.e.r.redis.RedisRepository - Added id={1} oldUrl={url.com} bewUrl={null} to Redis
2026-02-26 11:57:18 [main] DEBUG o.e.r.redis.RedisRepository - Removed 1 from Redis storage
2026-02-26 11:57:18 [main] DEBUG o.e.r.redis.RedisRepository - Added id={1} oldUrl={url.com} bewUrl={null} to Redis
2026-02-26 11:57:18 [main] DEBUG o.e.r.redis.RedisRepository - Found and returning id={1} oldUrl={url.com} bewUrl={null}
2026-02-26 11:57:18 [main] DEBUG o.e.r.redis.RedisRepository - Removed 1 from Redis storage
2026-02-26 11:57:18 [main] DEBUG o.e.r.redis.RedisRepository - Added id={1} oldUrl={url.com} bewUrl={null} to Redis
2026-02-26 11:57:18 [main] DEBUG o.e.r.redis.RedisRepository - Removed 1 from Redis storage
2026-02-26 11:57:18 [main] DEBUG o.e.r.redis.RedisRepository - Added id={1} oldUrl={url.com} bewUrl={null} to Redis
2026-02-26 11:57:18 [main] DEBUG o.e.r.redis.RedisRepository - Found and returning id={1} oldUrl={url.com} bewUrl={null}
2026-02-26 11:57:18 [main] DEBUG o.e.r.redis.RedisRepository - Removed 1 from Redis storage
2026-02-26 11:57:18 [main] DEBUG o.e.r.redis.RedisRepository - Added id={1} oldUrl={url.com} bewUrl={null} to Redis
2026-02-26 11:57:18 [main] DEBUG o.e.r.redis.RedisRepository - Removed 1 from Redis storage
2026-02-26 11:57:18 [main] DEBUG o.e.r.redis.RedisRepository - Added id={1} oldUrl={url.com} bewUrl={null} to Redis
2026-02-26 11:57:18 [main] DEBUG o.e.r.redis.RedisRepository - Removed 1 from Redis storage
2026-02-26 11:57:18 [main] DEBUG o.e.r.redis.RedisRepository - Added id={1} oldUrl={url.com} bewUrl={null} to Redis
2026-02-26 11:57:18 [main] DEBUG o.e.r.redis.RedisRepository - Removed 1 from Redis storage
2026-02-26 11:57:18 [lettuce-eventExecutorLoop-1-1] INFO  i.l.core.protocol.ConnectionWatchdog - Reconnecting, last destination was localhost/127.0.0.1:44225
2026-02-26 11:57:18 [lettuce-nioEventLoop-4-2] WARN  i.l.core.protocol.ConnectionWatchdog - Cannot reconnect to [localhost/<unresolved>:44225]: Connection closed prematurely
io.lettuce.core.RedisConnectionException: Connection closed prematurely
	at io.lettuce.core.protocol.RedisHandshakeHandler.channelInactive(RedisHandshakeHandler.java:76)
	at io.netty.channel.AbstractChannelHandlerContext.fireChannelInactive(AbstractChannelHandlerContext.java:250)
	at io.netty.channel.ChannelInboundHandlerAdapter.channelInactive(ChannelInboundHandlerAdapter.java:81)
	at io.lettuce.core.ChannelGroupListener.channelInactive(ChannelGroupListener.java:54)
	at io.netty.channel.AbstractChannelHandlerContext.fireChannelInactive(AbstractChannelHandlerContext.java:250)
	at io.netty.channel.DefaultChannelPipeline$HeadContext.channelInactive(DefaultChannelPipeline.java:1424)
	at io.netty.channel.DefaultChannelPipeline.fireChannelInactive(DefaultChannelPipeline.java:876)
	at io.netty.channel.AbstractChannel$AbstractUnsafe$8.run(AbstractChannel.java:684)
	at io.netty.util.concurrent.AbstractEventExecutor.runTask$$$capture(AbstractEventExecutor.java:148)
	at io.netty.util.concurrent.AbstractEventExecutor.runTask(AbstractEventExecutor.java)
	at io.netty.util.concurrent.AbstractEventExecutor.safeExecute$$$capture(AbstractEventExecutor.java:141)
	at io.netty.util.concurrent.AbstractEventExecutor.safeExecute(AbstractEventExecutor.java)
	at io.netty.util.concurrent.SingleThreadEventExecutor.runAllTasks(SingleThreadEventExecutor.java:535)
	at io.netty.channel.SingleThreadIoEventLoop.run(SingleThreadIoEventLoop.java:201)
	at io.netty.util.concurrent.SingleThreadEventExecutor$5.run(SingleThreadEventExecutor.java:1193)
	at io.netty.util.internal.ThreadExecutorMap$2.run(ThreadExecutorMap.java:74)
	at io.netty.util.concurrent.FastThreadLocalRunnable.run(FastThreadLocalRunnable.java:30)
	at java.base/java.lang.Thread.run(Thread.java:1583)
2026-02-26 12:02:53 [main] INFO  o.testcontainers.images.PullPolicy - Image pull policy will be performed by: DefaultPullPolicy()
2026-02-26 12:02:53 [main] INFO  o.t.utility.ImageNameSubstitutor - Image name substitution will be performed by: DefaultImageNameSubstitutor (composite of 'ConfigurationFileImageNameSubstitutor' and 'PrefixingImageNameSubstitutor')
2026-02-26 12:02:53 [main] INFO  o.t.d.DockerClientProviderStrategy - Found Docker environment with Docker accessed via Unix socket (/home/artem-brychev/.docker/desktop/docker.sock)
2026-02-26 12:02:53 [main] INFO  o.testcontainers.DockerClientFactory - Docker host IP address is localhost
2026-02-26 12:02:53 [main] INFO  o.testcontainers.DockerClientFactory - Connected to docker: 
  Server Version: 28.4.0
  API Version: 1.51
  Operating System: Docker Desktop
  Total Memory: 3738 MB
2026-02-26 12:02:53 [main] INFO  tc.testcontainers/ryuk:0.7.0 - Creating container for image: testcontainers/ryuk:0.7.0
2026-02-26 12:02:53 [main] INFO  o.t.utility.RegistryAuthLocator - Credential helper/store (docker-credential-desktop) does not have credentials for https://index.docker.io/v1/
2026-02-26 12:02:54 [main] INFO  tc.testcontainers/ryuk:0.7.0 - Container testcontainers/ryuk:0.7.0 is starting: b12f013695588f8bf78f9fca5c62f5b2943a5f817cb20110ea485145487c8775
2026-02-26 12:02:54 [main] INFO  tc.testcontainers/ryuk:0.7.0 - Container testcontainers/ryuk:0.7.0 started in PT0.488333381S
2026-02-26 12:02:54 [main] INFO  o.t.utility.RyukResourceReaper - Ryuk started - will monitor and terminate Testcontainers containers on JVM exit
2026-02-26 12:02:54 [main] INFO  o.testcontainers.DockerClientFactory - Checking the system...
2026-02-26 12:02:54 [main] INFO  o.testcontainers.DockerClientFactory - ✔︎ Docker server version should be at least 1.6.0
2026-02-26 12:02:54 [main] INFO  tc.redis:7-alpine - Creating container for image: redis:7-alpine
2026-02-26 12:02:54 [main] INFO  tc.redis:7-alpine - Container redis:7-alpine is starting: 5e69ad6e05cc5c7c5f57fe00bddb96fc46b058ed163653d09da7ea06b159812d
2026-02-26 12:02:54 [main] INFO  tc.redis:7-alpine - Container redis:7-alpine started in PT0.46322174S
2026-02-26 12:02:54 [main] DEBUG o.e.repositories.redis.RedisManager - In RedisManager initialization block
2026-02-26 12:02:54 [main] INFO  o.e.repositories.redis.RedisManager - Redis url=redis://localhost:33773
2026-02-26 12:02:55 [lettuce-nioEventLoop-4-1] INFO  io.lettuce.core.RedisHandshake - Maintenance events not supported.
2026-02-26 12:02:55 [main] DEBUG o.e.r.redis.RedisRepository - Added id={1} oldUrl={url.com} bewUrl={null} to Redis
2026-02-26 12:02:55 [main] DEBUG o.e.r.redis.RedisRepository - Removed 1 from Redis storage
2026-02-26 12:02:55 [main] DEBUG o.e.r.redis.RedisRepository - Added id={1} oldUrl={url.com} bewUrl={null} to Redis
2026-02-26 12:02:55 [main] DEBUG o.e.r.redis.RedisRepository - Removed 1 from Redis storage
2026-02-26 12:02:55 [main] DEBUG o.e.r.redis.RedisRepository - Added id={1} oldUrl={url.com} bewUrl={null} to Redis
2026-02-26 12:02:55 [main] DEBUG o.e.r.redis.RedisRepository - Found and returning id={1} oldUrl={url.com} bewUrl={null}
2026-02-26 12:02:55 [main] DEBUG o.e.r.redis.RedisRepository - Removed 1 from Redis storage
2026-02-26 12:02:55 [main] DEBUG o.e.r.redis.RedisRepository - Added id={1} oldUrl={url.com} bewUrl={null} to Redis
2026-02-26 12:02:55 [main] DEBUG o.e.r.redis.RedisRepository - Removed 1 from Redis storage
2026-02-26 12:02:55 [main] DEBUG o.e.r.redis.RedisRepository - Added id={1} oldUrl={url.com} bewUrl={null} to Redis
2026-02-26 12:02:55 [main] DEBUG o.e.r.redis.RedisRepository - Found and returning id={1} oldUrl={url.com} bewUrl={null}
2026-02-26 12:02:55 [main] DEBUG o.e.r.redis.RedisRepository - Removed 1 from Redis storage
2026-02-26 12:02:55 [main] DEBUG o.e.r.redis.RedisRepository - Added id={1} oldUrl={url.com} bewUrl={null} to Redis
2026-02-26 12:02:55 [main] DEBUG o.e.r.redis.RedisRepository - Removed 1 from Redis storage
2026-02-26 12:02:55 [main] DEBUG o.e.r.redis.RedisRepository - Added id={1} oldUrl={url.com} bewUrl={null} to Redis
2026-02-26 12:02:55 [main] DEBUG o.e.r.redis.RedisRepository - Removed 1 from Redis storage
2026-02-26 12:02:55 [main] DEBUG o.e.r.redis.RedisRepository - Added id={1} oldUrl={url.com} bewUrl={null} to Redis
2026-02-26 12:02:55 [main] DEBUG o.e.r.redis.RedisRepository - Removed 1 from Redis storage
2026-02-26 12:03:05 [main] INFO  o.testcontainers.images.PullPolicy - Image pull policy will be performed by: DefaultPullPolicy()
2026-02-26 12:03:05 [main] INFO  o.t.utility.ImageNameSubstitutor - Image name substitution will be performed by: DefaultImageNameSubstitutor (composite of 'ConfigurationFileImageNameSubstitutor' and 'PrefixingImageNameSubstitutor')
2026-02-26 12:03:05 [main] INFO  o.t.d.DockerClientProviderStrategy - Found Docker environment with Docker accessed via Unix socket (/home/artem-brychev/.docker/desktop/docker.sock)
2026-02-26 12:03:05 [main] INFO  o.testcontainers.DockerClientFactory - Docker host IP address is localhost
2026-02-26 12:03:05 [main] INFO  o.testcontainers.DockerClientFactory - Connected to docker: 
  Server Version: 28.4.0
  API Version: 1.51
  Operating System: Docker Desktop
  Total Memory: 3738 MB
2026-02-26 12:03:06 [main] INFO  tc.testcontainers/ryuk:0.7.0 - Creating container for image: testcontainers/ryuk:0.7.0
2026-02-26 12:03:06 [main] INFO  o.t.utility.RegistryAuthLocator - Credential helper/store (docker-credential-desktop) does not have credentials for https://index.docker.io/v1/
2026-02-26 12:03:06 [main] INFO  tc.testcontainers/ryuk:0.7.0 - Container testcontainers/ryuk:0.7.0 is starting: 1f56c5e4ff019a1672766f39e338ef071c4bcec01575bc05ba27434c2512a226
2026-02-26 12:03:06 [main] INFO  tc.testcontainers/ryuk:0.7.0 - Container testcontainers/ryuk:0.7.0 started in PT0.485933135S
2026-02-26 12:03:06 [main] INFO  o.t.utility.RyukResourceReaper - Ryuk started - will monitor and terminate Testcontainers containers on JVM exit
2026-02-26 12:03:06 [main] INFO  o.testcontainers.DockerClientFactory - Checking the system...
2026-02-26 12:03:06 [main] INFO  o.testcontainers.DockerClientFactory - ✔︎ Docker server version should be at least 1.6.0
2026-02-26 12:03:06 [main] INFO  tc.redis:7-alpine - Creating container for image: redis:7-alpine
2026-02-26 12:03:06 [main] INFO  tc.redis:7-alpine - Container redis:7-alpine is starting: bf8cd2e25fdef86daca270b52e6d407a796fc1f3776ac911f3c69124fafa55f6
2026-02-26 12:03:07 [main] INFO  tc.redis:7-alpine - Container redis:7-alpine started in PT0.462099885S
2026-02-26 12:03:07 [main] DEBUG o.e.repositories.redis.RedisManager - In RedisManager initialization block
2026-02-26 12:03:07 [main] INFO  o.e.repositories.redis.RedisManager - Redis url=redis://localhost:33359
2026-02-26 12:03:07 [lettuce-nioEventLoop-4-1] INFO  io.lettuce.core.RedisHandshake - Maintenance events not supported.
2026-02-26 12:03:07 [lettuce-eventExecutorLoop-1-1] INFO  i.l.core.protocol.ConnectionWatchdog - Reconnecting, last destination was localhost/127.0.0.1:33359
2026-02-26 12:03:07 [lettuce-nioEventLoop-4-2] WARN  i.l.core.protocol.ConnectionWatchdog - Cannot reconnect to [localhost/<unresolved>:33359]: Connection closed prematurely
io.lettuce.core.RedisConnectionException: Connection closed prematurely
	at io.lettuce.core.protocol.RedisHandshakeHandler.channelInactive(RedisHandshakeHandler.java:76)
	at io.netty.channel.AbstractChannelHandlerContext.fireChannelInactive(AbstractChannelHandlerContext.java:250)
	at io.netty.channel.ChannelInboundHandlerAdapter.channelInactive(ChannelInboundHandlerAdapter.java:81)
	at io.lettuce.core.ChannelGroupListener.channelInactive(ChannelGroupListener.java:54)
	at io.netty.channel.AbstractChannelHandlerContext.fireChannelInactive(AbstractChannelHandlerContext.java:250)
	at io.netty.channel.DefaultChannelPipeline$HeadContext.channelInactive(DefaultChannelPipeline.java:1424)
	at io.netty.channel.DefaultChannelPipeline.fireChannelInactive(DefaultChannelPipeline.java:876)
	at io.netty.channel.AbstractChannel$AbstractUnsafe$8.run(AbstractChannel.java:684)
	at io.netty.util.concurrent.AbstractEventExecutor.runTask(AbstractEventExecutor.java:148)
	at io.netty.util.concurrent.AbstractEventExecutor.safeExecute(AbstractEventExecutor.java:141)
	at io.netty.util.concurrent.SingleThreadEventExecutor.runAllTasks(SingleThreadEventExecutor.java:535)
	at io.netty.channel.SingleThreadIoEventLoop.run(SingleThreadIoEventLoop.java:201)
	at io.netty.util.concurrent.SingleThreadEventExecutor$5.run(SingleThreadEventExecutor.java:1193)
	at io.netty.util.internal.ThreadExecutorMap$2.run(ThreadExecutorMap.java:74)
	at io.netty.util.concurrent.FastThreadLocalRunnable.run(FastThreadLocalRunnable.java:30)
	at java.base/java.lang.Thread.run(Thread.java:1583)
2026-02-26 12:03:07 [main] INFO  tc.redis:7-alpine - Creating container for image: redis:7-alpine
2026-02-26 12:03:07 [main] INFO  tc.redis:7-alpine - Container redis:7-alpine is starting: 013c75283dbe155e64e0e5bf4e83542f7398325a5be4b0637f2b161510353af7
2026-02-26 12:03:08 [main] INFO  tc.redis:7-alpine - Container redis:7-alpine started in PT0.479090806S
2026-02-26 12:03:16 [lettuce-eventExecutorLoop-1-5] INFO  i.l.core.protocol.ConnectionWatchdog - Reconnecting, last destination was localhost/<unresolved>:33359
2026-02-26 12:03:16 [lettuce-nioEventLoop-4-6] WARN  i.l.core.protocol.ConnectionWatchdog - Cannot reconnect to [localhost/<unresolved>:33359]: В соединении отказано: localhost/127.0.0.1:33359
2026-02-26 12:03:24 [lettuce-eventExecutorLoop-1-6] INFO  i.l.core.protocol.ConnectionWatchdog - Reconnecting, last destination was localhost/<unresolved>:33359
2026-02-26 12:03:24 [lettuce-nioEventLoop-4-7] WARN  i.l.core.protocol.ConnectionWatchdog - Cannot reconnect to [localhost/<unresolved>:33359]: В соединении отказано: localhost/127.0.0.1:33359
2026-02-26 12:03:41 [lettuce-eventExecutorLoop-1-7] INFO  i.l.core.protocol.ConnectionWatchdog - Reconnecting, last destination was localhost/<unresolved>:33359
2026-02-26 12:03:41 [lettuce-nioEventLoop-4-8] WARN  i.l.core.protocol.ConnectionWatchdog - Cannot reconnect to [localhost/<unresolved>:33359]: В соединении отказано: localhost/127.0.0.1:33359
2026-02-26 12:04:11 [lettuce-eventExecutorLoop-1-3] INFO  i.l.core.protocol.ConnectionWatchdog - Reconnecting, last destination was localhost/<unresolved>:33359
2026-02-26 12:04:11 [lettuce-nioEventLoop-4-1] WARN  i.l.core.protocol.ConnectionWatchdog - Cannot reconnect to [localhost/<unresolved>:33359]: В соединении отказано: localhost/127.0.0.1:33359
2026-02-26 12:04:41 [lettuce-eventExecutorLoop-1-8] INFO  i.l.core.protocol.ConnectionWatchdog - Reconnecting, last destination was localhost/<unresolved>:33359
2026-02-26 12:04:41 [lettuce-nioEventLoop-4-2] WARN  i.l.core.protocol.ConnectionWatchdog - Cannot reconnect to [localhost/<unresolved>:33359]: В соединении отказано: localhost/127.0.0.1:33359
2026-02-26 12:05:11 [lettuce-eventExecutorLoop-1-2] INFO  i.l.core.protocol.ConnectionWatchdog - Reconnecting, last destination was localhost/<unresolved>:33359
2026-02-26 12:05:11 [lettuce-nioEventLoop-4-3] WARN  i.l.core.protocol.ConnectionWatchdog - Cannot reconnect to [localhost/<unresolved>:33359]: В соединении отказано: localhost/127.0.0.1:33359
2026-02-26 12:05:41 [lettuce-eventExecutorLoop-1-4] INFO  i.l.core.protocol.ConnectionWatchdog - Reconnecting, last destination was localhost/<unresolved>:33359
2026-02-26 12:05:41 [lettuce-nioEventLoop-4-4] WARN  i.l.core.protocol.ConnectionWatchdog - Cannot reconnect to [localhost/<unresolved>:33359]: В соединении отказано: localhost/127.0.0.1:33359
2026-02-26 12:06:11 [lettuce-eventExecutorLoop-1-6] INFO  i.l.core.protocol.ConnectionWatchdog - Reconnecting, last destination was localhost/<unresolved>:33359
2026-02-26 12:06:11 [lettuce-nioEventLoop-4-5] WARN  i.l.core.protocol.ConnectionWatchdog - Cannot reconnect to [localhost/<unresolved>:33359]: В соединении отказано: localhost/127.0.0.1:33359
2026-02-26 12:06:41 [lettuce-eventExecutorLoop-1-8] INFO  i.l.core.protocol.ConnectionWatchdog - Reconnecting, last destination was localhost/<unresolved>:33359
2026-02-26 12:06:41 [lettuce-nioEventLoop-4-6] WARN  i.l.core.protocol.ConnectionWatchdog - Cannot reconnect to [localhost/<unresolved>:33359]: В соединении отказано: localhost/127.0.0.1:33359
2026-02-26 12:07:11 [lettuce-eventExecutorLoop-1-2] INFO  i.l.core.protocol.ConnectionWatchdog - Reconnecting, last destination was localhost/<unresolved>:33359
2026-02-26 12:07:11 [lettuce-nioEventLoop-4-7] WARN  i.l.core.protocol.ConnectionWatchdog - Cannot reconnect to [localhost/<unresolved>:33359]: В соединении отказано: localhost/127.0.0.1:33359
2026-02-26 12:07:51 [main] INFO  o.testcontainers.images.PullPolicy - Image pull policy will be performed by: DefaultPullPolicy()
2026-02-26 12:07:51 [main] INFO  o.t.utility.ImageNameSubstitutor - Image name substitution will be performed by: DefaultImageNameSubstitutor (composite of 'ConfigurationFileImageNameSubstitutor' and 'PrefixingImageNameSubstitutor')
2026-02-26 12:07:51 [main] INFO  o.t.d.DockerClientProviderStrategy - Found Docker environment with Docker accessed via Unix socket (/home/artem-brychev/.docker/desktop/docker.sock)
2026-02-26 12:07:51 [main] INFO  o.testcontainers.DockerClientFactory - Docker host IP address is localhost
2026-02-26 12:07:51 [main] INFO  o.testcontainers.DockerClientFactory - Connected to docker: 
  Server Version: 28.4.0
  API Version: 1.51
  Operating System: Docker Desktop
  Total Memory: 3738 MB
2026-02-26 12:07:51 [main] INFO  tc.testcontainers/ryuk:0.7.0 - Creating container for image: testcontainers/ryuk:0.7.0
2026-02-26 12:07:51 [main] INFO  o.t.utility.RegistryAuthLocator - Credential helper/store (docker-credential-desktop) does not have credentials for https://index.docker.io/v1/
2026-02-26 12:07:51 [main] INFO  tc.testcontainers/ryuk:0.7.0 - Container testcontainers/ryuk:0.7.0 is starting: 65016aab917512bf83928de3da6f3a21ccbbea8daea7ef99ac47bd4c259e1665
2026-02-26 12:07:52 [main] INFO  tc.testcontainers/ryuk:0.7.0 - Container testcontainers/ryuk:0.7.0 started in PT0.507415068S
2026-02-26 12:07:52 [main] INFO  o.t.utility.RyukResourceReaper - Ryuk started - will monitor and terminate Testcontainers containers on JVM exit
2026-02-26 12:07:52 [main] INFO  o.testcontainers.DockerClientFactory - Checking the system...
2026-02-26 12:07:52 [main] INFO  o.testcontainers.DockerClientFactory - ✔︎ Docker server version should be at least 1.6.0
2026-02-26 12:07:52 [main] INFO  tc.redis:7-alpine - Creating container for image: redis:7-alpine
2026-02-26 12:07:52 [main] INFO  tc.redis:7-alpine - Container redis:7-alpine is starting: 3aa2bd4623f6f0d5cdbf84ae69ac9d95e190723069feddf40e6137ae7475ef48
2026-02-26 12:07:52 [main] INFO  tc.redis:7-alpine - Container redis:7-alpine started in PT0.468813064S
2026-02-26 12:07:52 [main] DEBUG o.e.repositories.redis.RedisManager - In RedisManager initialization block
2026-02-26 12:07:52 [main] INFO  o.e.repositories.redis.RedisManager - Redis url=redis://localhost:46737
2026-02-26 12:07:53 [lettuce-nioEventLoop-4-1] INFO  io.lettuce.core.RedisHandshake - Maintenance events not supported.
2026-02-26 12:07:53 [main] INFO  tc.redis:7-alpine - Creating container for image: redis:7-alpine
2026-02-26 12:07:53 [main] INFO  tc.redis:7-alpine - Container redis:7-alpine is starting: 8e525e07b17a3d8d40daf63cc6e25b9f1fa829ddf09233f93c6ecde87aff89b7
2026-02-26 12:07:53 [main] INFO  tc.redis:7-alpine - Container redis:7-alpine started in PT0.464848367S
2026-02-26 12:07:53 [main] DEBUG o.e.repositories.redis.RedisManager - In RedisManager initialization block
2026-02-26 12:07:53 [main] INFO  o.e.repositories.redis.RedisManager - Redis url=redis://localhost:33355
2026-02-26 12:07:53 [lettuce-nioEventLoop-7-1] INFO  io.lettuce.core.RedisHandshake - Maintenance events not supported.
2026-02-26 12:07:53 [main] DEBUG o.e.r.redis.RedisRepository - Added id={1} oldUrl={url.com} bewUrl={null} to Redis
2026-02-26 12:07:53 [main] DEBUG o.e.r.redis.RedisRepository - Removed 1 from Redis storage
2026-02-26 12:07:53 [main] DEBUG o.e.r.redis.RedisRepository - Added id={1} oldUrl={url.com} bewUrl={null} to Redis
2026-02-26 12:07:53 [main] DEBUG o.e.r.redis.RedisRepository - Removed 1 from Redis storage
2026-02-26 12:07:53 [main] DEBUG o.e.r.redis.RedisRepository - Added id={1} oldUrl={url.com} bewUrl={null} to Redis
2026-02-26 12:07:53 [main] DEBUG o.e.r.redis.RedisRepository - Found and returning id={1} oldUrl={url.com} bewUrl={null}
2026-02-26 12:07:53 [main] DEBUG o.e.r.redis.RedisRepository - Removed 1 from Redis storage
2026-02-26 12:07:53 [main] DEBUG o.e.r.redis.RedisRepository - Added id={1} oldUrl={url.com} bewUrl={null} to Redis
2026-02-26 12:07:53 [main] DEBUG o.e.r.redis.RedisRepository - Removed 1 from Redis storage
2026-02-26 12:07:53 [main] DEBUG o.e.r.redis.RedisRepository - Added id={1} oldUrl={url.com} bewUrl={null} to Redis
2026-02-26 12:07:53 [main] DEBUG o.e.r.redis.RedisRepository - Found and returning id={1} oldUrl={url.com} bewUrl={null}
2026-02-26 12:07:53 [main] DEBUG o.e.r.redis.RedisRepository - Removed 1 from Redis storage
2026-02-26 12:07:53 [main] DEBUG o.e.r.redis.RedisRepository - Added id={1} oldUrl={url.com} bewUrl={null} to Redis
2026-02-26 12:07:53 [main] DEBUG o.e.r.redis.RedisRepository - Removed 1 from Redis storage
2026-02-26 12:07:53 [main] DEBUG o.e.r.redis.RedisRepository - Added id={1} oldUrl={url.com} bewUrl={null} to Redis
2026-02-26 12:07:53 [main] DEBUG o.e.r.redis.RedisRepository - Removed 1 from Redis storage
2026-02-26 12:07:53 [main] DEBUG o.e.r.redis.RedisRepository - Added id={1} oldUrl={url.com} bewUrl={null} to Redis
2026-02-26 12:07:53 [main] DEBUG o.e.r.redis.RedisRepository - Removed 1 from Redis storage
2026-02-26 12:07:55 [main] INFO  org.example.services.Service - Добавляем новую строкуhttps://url.com
2026-02-26 12:07:55 [main] INFO  org.example.services.Service - Service.add: https://url.com -> 1(1)
2026-02-26 12:07:55 [main] INFO  org.example.services.Service - Добавляем новую строкуhttps://url.com
2026-02-26 12:07:55 [main] INFO  org.example.services.Service - Service.add: https://url.com -> 1(1)
2026-02-26 12:07:55 [main] INFO  org.example.services.Service - Добавляем новую строкуhttps://url.com
2026-02-26 12:07:55 [main] INFO  org.example.services.Service - Service.add: https://url.com -> 1(1)
2026-02-26 12:07:55 [main] INFO  org.example.services.Service - 1 -> https://url.com(1)
2026-02-26 12:07:55 [main] INFO  org.eclipse.jetty.util.log - Logging initialized @4836ms to org.eclipse.jetty.util.log.Slf4jLog
2026-02-26 12:07:55 [main] INFO  org.eclipse.jetty.server.Server - jetty-9.4.54.v20240208; built: 2024-02-08T19:42:39.027Z; git: cef3fbd6d736a21e7d541a5db490381d95a2047d; jvm 21.0.8+9-Ubuntu-0ubuntu124.04.1
2026-02-26 12:07:55 [main] INFO  o.e.j.server.handler.ContextHandler - Started o.e.j.s.ServletContextHandler@732d078d{/,null,AVAILABLE}
2026-02-26 12:07:55 [main] INFO  o.e.jetty.server.AbstractConnector - Started ServerConnector@69a90b81{HTTP/1.1, (http/1.1)}{0.0.0.0:45467}
2026-02-26 12:07:55 [main] INFO  org.eclipse.jetty.server.Server - Started @4968ms
2026-02-26 12:07:55 [main] INFO  o.e.jetty.server.AbstractConnector - Stopped ServerConnector@69a90b81{HTTP/1.1, (http/1.1)}{0.0.0.0:0}
2026-02-26 12:07:55 [main] INFO  o.e.j.server.handler.ContextHandler - Stopped o.e.j.s.ServletContextHandler@732d078d{/,null,STOPPED}
2026-02-26 12:07:55 [main] INFO  tc.postgres:16 - Creating container for image: postgres:16
2026-02-26 12:07:55 [main] INFO  tc.postgres:16 - Container postgres:16 is starting: dd6192440bbe04d3abd1299415beb151c0a503f5ef4753589cff55fd9afdb1bf
2026-02-26 12:07:57 [main] INFO  tc.postgres:16 - Container postgres:16 started in PT1.494470897S
2026-02-26 12:07:57 [main] INFO  tc.postgres:16 - Container is started (JDBC URL: jdbc:postgresql://localhost:37181/testdatabase?loggerLevel=OFF)
2026-02-26 12:07:57 [main] DEBUG o.e.repositories.postgres.DataBase - getInstance if(instance==null)
2026-02-26 12:07:57 [main] DEBUG o.e.repositories.postgres.DataBase - getInstance syncrhonised block
2026-02-26 12:07:57 [main] DEBUG o.e.repositories.postgres.DataBase - getInstance if(instance==null) part 2
2026-02-26 12:07:57 [main] DEBUG o.e.repositories.postgres.DataBase - Setting DriverClassName: org.postgresql.Driver
2026-02-26 12:07:57 [main] DEBUG o.e.repositories.postgres.DataBase - DB_URL: jdbc:postgresql://localhost:37181/testdatabase?loggerLevel=OFF
2026-02-26 12:07:57 [main] INFO  com.zaxxer.hikari.HikariDataSource - HikariPool-1 - Starting...
2026-02-26 12:07:57 [main] INFO  com.zaxxer.hikari.pool.HikariPool - HikariPool-1 - Added connection org.postgresql.jdbc.PgConnection@422ba9b7
2026-02-26 12:07:57 [main] INFO  com.zaxxer.hikari.HikariDataSource - HikariPool-1 - Start completed.
2026-02-26 12:07:57 [main] DEBUG o.e.repositories.postgres.DataBase - Hikari created successfully
2026-02-26 12:07:57 [main] DEBUG o.e.repositories.postgres.DataBase - Entering createDb method
2026-02-26 12:07:57 [main] DEBUG o.e.repositories.postgres.DataBase - Entered createDb part, instance=false
2026-02-26 12:07:57 [main] DEBUG o.e.repositories.postgres.DataBase - In createDb, in if(instance!=null)
2026-02-26 12:07:57 [main] DEBUG o.e.repositories.postgres.DataBase - Creation sql: create table if not exists url (
	id SERIAL primary key,
	url_old VARCHAR(600)  unique not null,
	url_new VARCHAR(255)
);

create index if not exists index_on_url_old
on url(url_old);
2026-02-26 12:07:57 [main] DEBUG o.e.repositories.postgres.DataBase - Before return statement
2026-02-26 12:07:57 [main] DEBUG o.e.repositories.postgres.DataBase - Before return statement
2026-02-26 12:07:57 [main] DEBUG o.e.repositories.postgres.DataBase - Before return statement
2026-02-26 12:07:57 [main] DEBUG o.e.repositories.postgres.DataBase - Before return statement
2026-02-26 12:07:57 [main] DEBUG o.e.repositories.postgres.DataBase - Before return statement
2026-02-26 12:07:57 [main] DEBUG o.e.repositories.postgres.DataBase - Before return statement
2026-02-26 12:07:57 [main] DEBUG o.e.repositories.postgres.DataBase - Before return statement
2026-02-26 12:07:57 [main] DEBUG o.e.repositories.postgres.DataBase - Before return statement
2026-02-26 12:07:57 [main] DEBUG o.e.repositories.postgres.DataBase - Before return statement
2026-02-26 12:07:57 [main] DEBUG o.e.repositories.postgres.DataBase - Before return statement
2026-02-26 12:07:57 [main] DEBUG o.e.repositories.postgres.DataBase - Before return statement
2026-02-26 12:07:57 [main] DEBUG o.e.repositories.postgres.DataBase - Before return statement
2026-02-26 12:07:57 [main] DEBUG o.e.repositories.postgres.DataBase - Before return statement
2026-02-26 12:07:57 [main] DEBUG o.e.repositories.postgres.DataBase - Before return statement
2026-02-26 12:07:57 [main] DEBUG o.e.repositories.postgres.DataBase - Before return statement
2026-02-26 12:07:57 [main] DEBUG o.e.repositories.postgres.DataBase - Before return statement
2026-02-26 12:07:57 [main] DEBUG o.e.repositories.postgres.DataBase - Before return statement
2026-02-26 12:07:57 [main] DEBUG o.e.repositories.postgres.DataBase - Before return statement
2026-02-26 12:07:57 [main] DEBUG o.e.repositories.postgres.DataBase - Before return statement
2026-02-26 12:07:57 [main] DEBUG o.e.repositories.postgres.DataBase - Before return statement
2026-02-26 12:07:57 [main] DEBUG o.e.repositories.postgres.DataBase - Before return statement
2026-02-26 12:07:57 [main] DEBUG o.e.repositories.postgres.DataBase - Before return statement
2026-02-26 12:07:57 [main] DEBUG o.e.repositories.postgres.DataBase - Before return statement
2026-02-26 12:07:57 [main] DEBUG o.e.repositories.postgres.DataBase - Before return statement
2026-02-26 12:07:57 [main] DEBUG o.e.repositories.postgres.DataBase - Before return statement
2026-02-26 12:07:57 [main] DEBUG o.e.repositories.postgres.DataBase - Before return statement
2026-02-26 12:07:57 [main] DEBUG o.e.repositories.postgres.DataBase - Before return statement
2026-02-26 12:07:57 [main] DEBUG o.e.repositories.postgres.DataBase - Before return statement
2026-02-26 12:07:57 [main] DEBUG o.e.repositories.postgres.DataBase - Before return statement
2026-02-26 12:07:57 [main] DEBUG o.e.repositories.postgres.DataBase - Before return statement
2026-02-26 12:07:57 [main] DEBUG o.e.repositories.postgres.DataBase - Before return statement
2026-02-26 12:07:57 [main] DEBUG o.e.repositories.postgres.DataBase - Before return statement
2026-02-26 12:07:57 [main] DEBUG o.e.repositories.postgres.DataBase - Before return statement
2026-02-26 12:07:57 [main] DEBUG o.e.repositories.postgres.DataBase - Before return statement
2026-02-26 12:07:57 [main] DEBUG o.e.repositories.postgres.DataBase - Before return statement
2026-02-26 12:07:57 [main] DEBUG o.e.repositories.postgres.DataBase - Before return statement
2026-02-26 12:07:57 [main] DEBUG o.e.repositories.postgres.DataBase - Before return statement
2026-02-26 12:07:57 [main] DEBUG o.e.repositories.postgres.DataBase - Before return statement
2026-02-26 12:07:57 [main] DEBUG o.e.repositories.postgres.DataBase - Before return statement
2026-02-26 12:07:57 [main] DEBUG o.e.repositories.postgres.DataBase - Before return statement
2026-02-26 12:07:57 [main] DEBUG o.e.repositories.postgres.DataBase - Before return statement
2026-02-26 12:07:57 [main] DEBUG o.e.repositories.postgres.DataBase - Before return statement
2026-02-26 12:07:57 [main] DEBUG o.e.repositories.postgres.DataBase - Before return statement
2026-02-26 12:07:57 [main] DEBUG o.e.repositories.postgres.DataBase - Before return statement
2026-02-26 12:07:57 [main] DEBUG o.e.repositories.postgres.DataBase - Before return statement
2026-02-26 12:07:57 [main] DEBUG o.e.repositories.postgres.DataBase - Before return statement
2026-02-26 12:07:57 [main] INFO  tc.postgres:16 - Creating container for image: postgres:16
2026-02-26 12:07:58 [main] INFO  tc.postgres:16 - Container postgres:16 is starting: 9984e447c363dff4156a2074c8ef6aeca9a966f01b6d81097020c58a24266e07
2026-02-26 12:07:59 [main] INFO  tc.postgres:16 - Container postgres:16 started in PT1.212821625S
2026-02-26 12:07:59 [main] INFO  tc.postgres:16 - Container is started (JDBC URL: jdbc:postgresql://localhost:39445/testdatabase?loggerLevel=OFF)
2026-02-26 12:07:59 [main] DEBUG o.e.repositories.postgres.DataBase - Before return statement
2026-02-26 12:07:59 [pool-5-thread-1] DEBUG o.e.repositories.postgres.DataBase - Before return statement
2026-02-26 12:07:59 [pool-5-thread-2] DEBUG o.e.repositories.postgres.DataBase - Before return statement
2026-02-26 12:07:59 [pool-5-thread-3] DEBUG o.e.repositories.postgres.DataBase - Before return statement
2026-02-26 12:07:59 [pool-5-thread-4] DEBUG o.e.repositories.postgres.DataBase - Before return statement
2026-02-26 12:07:59 [pool-5-thread-5] DEBUG o.e.repositories.postgres.DataBase - Before return statement
2026-02-26 12:07:59 [pool-5-thread-6] DEBUG o.e.repositories.postgres.DataBase - Before return statement
2026-02-26 12:07:59 [pool-5-thread-7] DEBUG o.e.repositories.postgres.DataBase - Before return statement
2026-02-26 12:07:59 [pool-5-thread-9] DEBUG o.e.repositories.postgres.DataBase - Before return statement
2026-02-26 12:07:59 [pool-5-thread-8] DEBUG o.e.repositories.postgres.DataBase - Before return statement
2026-02-26 12:07:59 [pool-5-thread-10] DEBUG o.e.repositories.postgres.DataBase - Before return statement
2026-02-26 12:07:59 [pool-5-thread-11] DEBUG o.e.repositories.postgres.DataBase - Before return statement
2026-02-26 12:07:59 [pool-5-thread-12] DEBUG o.e.repositories.postgres.DataBase - Before return statement
2026-02-26 12:07:59 [pool-5-thread-13] DEBUG o.e.repositories.postgres.DataBase - Before return statement
2026-02-26 12:07:59 [pool-5-thread-14] DEBUG o.e.repositories.postgres.DataBase - Before return statement
2026-02-26 12:07:59 [pool-5-thread-15] DEBUG o.e.repositories.postgres.DataBase - Before return statement
2026-02-26 12:07:59 [pool-5-thread-16] DEBUG o.e.repositories.postgres.DataBase - Before return statement
2026-02-26 12:07:59 [pool-5-thread-17] DEBUG o.e.repositories.postgres.DataBase - Before return statement
2026-02-26 12:07:59 [pool-5-thread-18] DEBUG o.e.repositories.postgres.DataBase - Before return statement
2026-02-26 12:07:59 [pool-5-thread-19] DEBUG o.e.repositories.postgres.DataBase - Before return statement
2026-02-26 12:07:59 [pool-5-thread-20] DEBUG o.e.repositories.postgres.DataBase - Before return statement
2026-02-26 12:07:59 [pool-5-thread-21] DEBUG o.e.repositories.postgres.DataBase - Before return statement
2026-02-26 12:07:59 [pool-5-thread-22] DEBUG o.e.repositories.postgres.DataBase - Before return statement
2026-02-26 12:07:59 [pool-5-thread-23] DEBUG o.e.repositories.postgres.DataBase - Before return statement
2026-02-26 12:07:59 [pool-5-thread-24] DEBUG o.e.repositories.postgres.DataBase - Before return statement
2026-02-26 12:07:59 [pool-5-thread-25] DEBUG o.e.repositories.postgres.DataBase - Before return statement
2026-02-26 12:07:59 [main] DEBUG o.e.repositories.postgres.DataBase - Before return statement
2026-02-26 12:07:59 [main] DEBUG o.e.repositories.postgres.DataBase - Before return statement
2026-02-26 17:15:17 [main] INFO  o.testcontainers.images.PullPolicy - Image pull policy will be performed by: DefaultPullPolicy()
2026-02-26 17:15:17 [main] INFO  o.t.utility.ImageNameSubstitutor - Image name substitution will be performed by: DefaultImageNameSubstitutor (composite of 'ConfigurationFileImageNameSubstitutor' and 'PrefixingImageNameSubstitutor')
2026-02-26 17:15:17 [main] INFO  o.t.d.DockerMachineClientProviderStrategy - docker-machine executable was not found on PATH ([/home/artem-brychev/.nvm/versions/node/v14.21.3/bin, /usr/local/sbin, /usr/local/bin, /usr/sbin, /usr/bin, /sbin, /bin, /usr/games, /usr/local/games, /snap/bin, /snap/bin])
2026-02-26 17:15:17 [main] ERROR o.t.d.DockerClientProviderStrategy - Could not find a valid Docker environment. Please check configuration. Attempted configurations were:
	UnixSocketClientProviderStrategy: failed with exception InvalidConfigurationException (Could not find unix domain socket). Root cause NoSuchFileException (/var/run/docker.sock)
	DockerDesktopClientProviderStrategy: failed with exception NullPointerException (Cannot invoke "java.nio.file.Path.toString()" because the return value of "org.testcontainers.dockerclient.DockerDesktopClientProviderStrategy.getSocketPath()" is null)As no valid configuration was found, execution cannot continue.
See https://java.testcontainers.org/on_failure.html for more details.
2026-02-26 17:15:19 [main] INFO  org.example.services.Service - Добавляем новую строкуhttps://url.com
2026-02-26 17:15:19 [main] INFO  org.example.services.Service - Service.add: https://url.com -> 1(1)
2026-02-26 17:15:19 [main] INFO  org.example.services.Service - Добавляем новую строкуhttps://url.com
2026-02-26 17:15:19 [main] INFO  org.example.services.Service - Service.add: https://url.com -> 1(1)
2026-02-26 17:15:19 [main] INFO  org.example.services.Service - Добавляем новую строкуhttps://url.com
2026-02-26 17:15:19 [main] INFO  org.example.services.Service - Service.add: https://url.com -> 1(1)
2026-02-26 17:15:19 [main] INFO  org.example.services.Service - 1 -> https://url.com(1)
2026-02-26 17:15:19 [main] INFO  org.eclipse.jetty.util.log - Logging initialized @2822ms to org.eclipse.jetty.util.log.Slf4jLog
2026-02-26 17:15:19 [main] INFO  org.eclipse.jetty.server.Server - jetty-9.4.54.v20240208; built: 2024-02-08T19:42:39.027Z; git: cef3fbd6d736a21e7d541a5db490381d95a2047d; jvm 21.0.8+9-Ubuntu-0ubuntu124.04.1
2026-02-26 17:15:19 [main] INFO  o.e.j.server.handler.ContextHandler - Started o.e.j.s.ServletContextHandler@2eed37f4{/,null,AVAILABLE}
2026-02-26 17:15:19 [main] INFO  o.e.jetty.server.AbstractConnector - Started ServerConnector@532e27ab{HTTP/1.1, (http/1.1)}{0.0.0.0:44135}
2026-02-26 17:15:19 [main] INFO  org.eclipse.jetty.server.Server - Started @2961ms
2026-02-26 17:15:19 [main] INFO  o.e.jetty.server.AbstractConnector - Stopped ServerConnector@532e27ab{HTTP/1.1, (http/1.1)}{0.0.0.0:0}
2026-02-26 17:15:19 [main] INFO  o.e.j.server.handler.ContextHandler - Stopped o.e.j.s.ServletContextHandler@2eed37f4{/,null,STOPPED}
2026-02-26 17:16:11 [main] INFO  o.testcontainers.images.PullPolicy - Image pull policy will be performed by: DefaultPullPolicy()
2026-02-26 17:16:11 [main] INFO  o.t.utility.ImageNameSubstitutor - Image name substitution will be performed by: DefaultImageNameSubstitutor (composite of 'ConfigurationFileImageNameSubstitutor' and 'PrefixingImageNameSubstitutor')
2026-02-26 17:16:11 [main] INFO  o.t.d.DockerClientProviderStrategy - Found Docker environment with Docker accessed via Unix socket (/home/artem-brychev/.docker/desktop/docker.sock)
2026-02-26 17:16:11 [main] INFO  o.testcontainers.DockerClientFactory - Docker host IP address is localhost
2026-02-26 17:16:11 [main] INFO  o.testcontainers.DockerClientFactory - Connected to docker: 
  Server Version: 28.4.0
  API Version: 1.51
  Operating System: Docker Desktop
  Total Memory: 3738 MB
2026-02-26 17:16:11 [main] INFO  tc.testcontainers/ryuk:0.7.0 - Creating container for image: testcontainers/ryuk:0.7.0
2026-02-26 17:16:12 [main] INFO  o.t.utility.RegistryAuthLocator - Credential helper/store (docker-credential-desktop) does not have credentials for https://index.docker.io/v1/
2026-02-26 17:16:12 [main] INFO  tc.testcontainers/ryuk:0.7.0 - Container testcontainers/ryuk:0.7.0 is starting: 0f55d4a268614646a839a27c0195db998eff3c01592bc9400f054a453ed41f8d
2026-02-26 17:16:12 [main] INFO  tc.testcontainers/ryuk:0.7.0 - Container testcontainers/ryuk:0.7.0 started in PT0.848118889S
2026-02-26 17:16:12 [main] INFO  o.t.utility.RyukResourceReaper - Ryuk started - will monitor and terminate Testcontainers containers on JVM exit
2026-02-26 17:16:12 [main] INFO  o.testcontainers.DockerClientFactory - Checking the system...
2026-02-26 17:16:12 [main] INFO  o.testcontainers.DockerClientFactory - ✔︎ Docker server version should be at least 1.6.0
2026-02-26 17:16:12 [main] INFO  tc.redis:7-alpine - Creating container for image: redis:7-alpine
2026-02-26 17:16:13 [main] INFO  tc.redis:7-alpine - Container redis:7-alpine is starting: c857d7daa823c16a2a7d96dfe051192bc8d04989dc25d839acb4ceb775f0ac8d
2026-02-26 17:16:13 [main] INFO  tc.redis:7-alpine - Container redis:7-alpine started in PT0.70220165S
2026-02-26 17:16:13 [main] DEBUG o.e.repositories.redis.RedisManager - In RedisManager initialization block
2026-02-26 17:16:13 [main] INFO  o.e.repositories.redis.RedisManager - Redis url=redis://localhost:40049
2026-02-26 17:16:14 [lettuce-nioEventLoop-4-1] INFO  io.lettuce.core.RedisHandshake - Maintenance events not supported.
2026-02-26 17:16:14 [main] INFO  tc.redis:7-alpine - Creating container for image: redis:7-alpine
2026-02-26 17:16:14 [main] INFO  tc.redis:7-alpine - Container redis:7-alpine is starting: ac35a7caf4c4dbdcb551ed02f058b2a0c77bccaf5d93c614de18fda4acb79208
2026-02-26 17:16:15 [main] INFO  tc.redis:7-alpine - Container redis:7-alpine started in PT0.592699919S
2026-02-26 17:16:15 [main] DEBUG o.e.repositories.redis.RedisManager - In RedisManager initialization block
2026-02-26 17:16:15 [main] INFO  o.e.repositories.redis.RedisManager - Redis url=redis://localhost:36171
2026-02-26 17:16:15 [lettuce-nioEventLoop-7-1] INFO  io.lettuce.core.RedisHandshake - Maintenance events not supported.
2026-02-26 17:16:15 [main] DEBUG o.e.r.redis.RedisRepository - Added id={1} oldUrl={url.com} bewUrl={null} to Redis
2026-02-26 17:16:15 [main] DEBUG o.e.r.redis.RedisRepository - Removed 1 from Redis storage
2026-02-26 17:16:15 [main] DEBUG o.e.r.redis.RedisRepository - Added id={1} oldUrl={url.com} bewUrl={null} to Redis
2026-02-26 17:16:15 [main] DEBUG o.e.r.redis.RedisRepository - Removed 1 from Redis storage
2026-02-26 17:16:15 [main] DEBUG o.e.r.redis.RedisRepository - Added id={1} oldUrl={url.com} bewUrl={null} to Redis
2026-02-26 17:16:15 [main] DEBUG o.e.r.redis.RedisRepository - Found and returning id={1} oldUrl={url.com} bewUrl={null}
2026-02-26 17:16:15 [main] DEBUG o.e.r.redis.RedisRepository - Removed 1 from Redis storage
2026-02-26 17:16:15 [main] DEBUG o.e.r.redis.RedisRepository - Added id={1} oldUrl={url.com} bewUrl={null} to Redis
2026-02-26 17:16:15 [main] DEBUG o.e.r.redis.RedisRepository - Removed 1 from Redis storage
2026-02-26 17:16:15 [main] DEBUG o.e.r.redis.RedisRepository - Added id={1} oldUrl={url.com} bewUrl={null} to Redis
2026-02-26 17:16:15 [main] DEBUG o.e.r.redis.RedisRepository - Found and returning id={1} oldUrl={url.com} bewUrl={null}
2026-02-26 17:16:15 [main] DEBUG o.e.r.redis.RedisRepository - Removed 1 from Redis storage
2026-02-26 17:16:15 [main] DEBUG o.e.r.redis.RedisRepository - Added id={1} oldUrl={url.com} bewUrl={null} to Redis
2026-02-26 17:16:15 [main] DEBUG o.e.r.redis.RedisRepository - Removed 1 from Redis storage
2026-02-26 17:16:15 [main] DEBUG o.e.r.redis.RedisRepository - Added id={1} oldUrl={url.com} bewUrl={null} to Redis
2026-02-26 17:16:15 [main] DEBUG o.e.r.redis.RedisRepository - Removed 1 from Redis storage
2026-02-26 17:16:15 [main] DEBUG o.e.r.redis.RedisRepository - Added id={1} oldUrl={url.com} bewUrl={null} to Redis
2026-02-26 17:16:15 [main] DEBUG o.e.r.redis.RedisRepository - Removed 1 from Redis storage
2026-02-26 17:16:16 [main] INFO  org.example.services.Service - Добавляем новую строкуhttps://url.com
2026-02-26 17:16:16 [main] INFO  org.example.services.Service - Service.add: https://url.com -> 1(1)
2026-02-26 17:16:16 [main] INFO  org.example.services.Service - Добавляем новую строкуhttps://url.com
2026-02-26 17:16:16 [main] INFO  org.example.services.Service - Service.add: https://url.com -> 1(1)
2026-02-26 17:16:16 [main] INFO  org.example.services.Service - Добавляем новую строкуhttps://url.com
2026-02-26 17:16:16 [main] INFO  org.example.services.Service - Service.add: https://url.com -> 1(1)
2026-02-26 17:16:16 [main] INFO  org.example.services.Service - 1 -> https://url.com(1)
2026-02-26 17:16:16 [main] INFO  org.eclipse.jetty.util.log - Logging initialized @6216ms to org.eclipse.jetty.util.log.Slf4jLog
2026-02-26 17:16:16 [main] INFO  org.eclipse.jetty.server.Server - jetty-9.4.54.v20240208; built: 2024-02-08T19:42:39.027Z; git: cef3fbd6d736a21e7d541a5db490381d95a2047d; jvm 21.0.8+9-Ubuntu-0ubuntu124.04.1
2026-02-26 17:16:16 [main] INFO  o.e.j.server.handler.ContextHandler - Started o.e.j.s.ServletContextHandler@57b63253{/,null,AVAILABLE}
2026-02-26 17:16:16 [main] INFO  o.e.jetty.server.AbstractConnector - Started ServerConnector@69a90b81{HTTP/1.1, (http/1.1)}{0.0.0.0:46657}
2026-02-26 17:16:16 [main] INFO  org.eclipse.jetty.server.Server - Started @6351ms
2026-02-26 17:16:16 [main] INFO  o.e.jetty.server.AbstractConnector - Stopped ServerConnector@69a90b81{HTTP/1.1, (http/1.1)}{0.0.0.0:0}
2026-02-26 17:16:16 [main] INFO  o.e.j.server.handler.ContextHandler - Stopped o.e.j.s.ServletContextHandler@57b63253{/,null,STOPPED}
2026-02-26 17:16:16 [main] INFO  tc.postgres:16 - Creating container for image: postgres:16
2026-02-26 17:16:17 [main] INFO  tc.postgres:16 - Container postgres:16 is starting: d60b857bffb449e4f9b54b804465f873f90597d69418a025c8008d326883de95
2026-02-26 17:16:19 [main] INFO  tc.postgres:16 - Container postgres:16 started in PT2.326733016S
2026-02-26 17:16:19 [main] INFO  tc.postgres:16 - Container is started (JDBC URL: jdbc:postgresql://localhost:40197/testdatabase?loggerLevel=OFF)
2026-02-26 17:16:19 [main] DEBUG o.e.repositories.postgres.DataBase - getInstance if(instance==null)
2026-02-26 17:16:19 [main] DEBUG o.e.repositories.postgres.DataBase - getInstance syncrhonised block
2026-02-26 17:16:19 [main] DEBUG o.e.repositories.postgres.DataBase - getInstance if(instance==null) part 2
2026-02-26 17:16:19 [main] DEBUG o.e.repositories.postgres.DataBase - Setting DriverClassName: org.postgresql.Driver
2026-02-26 17:16:19 [main] DEBUG o.e.repositories.postgres.DataBase - DB_URL: jdbc:postgresql://localhost:40197/testdatabase?loggerLevel=OFF
2026-02-26 17:16:19 [main] INFO  com.zaxxer.hikari.HikariDataSource - HikariPool-1 - Starting...
2026-02-26 17:16:19 [main] INFO  com.zaxxer.hikari.pool.HikariPool - HikariPool-1 - Added connection org.postgresql.jdbc.PgConnection@7227926b
2026-02-26 17:16:19 [main] INFO  com.zaxxer.hikari.HikariDataSource - HikariPool-1 - Start completed.
2026-02-26 17:16:19 [main] DEBUG o.e.repositories.postgres.DataBase - Hikari created successfully
2026-02-26 17:16:19 [main] DEBUG o.e.repositories.postgres.DataBase - Entering createDb method
2026-02-26 17:16:19 [main] DEBUG o.e.repositories.postgres.DataBase - Entered createDb part, instance=false
2026-02-26 17:16:19 [main] DEBUG o.e.repositories.postgres.DataBase - In createDb, in if(instance!=null)
2026-02-26 17:16:19 [main] DEBUG o.e.repositories.postgres.DataBase - Creation sql: create table if not exists url (
	id SERIAL primary key,
	url_old VARCHAR(600)  unique not null,
	url_new VARCHAR(255)
);

create index if not exists index_on_url_old
on url(url_old);
2026-02-26 17:16:19 [main] DEBUG o.e.repositories.postgres.DataBase - Before return statement
2026-02-26 17:16:19 [main] DEBUG o.e.repositories.postgres.DataBase - Before return statement
2026-02-26 17:16:19 [main] DEBUG o.e.repositories.postgres.DataBase - Before return statement
2026-02-26 17:16:19 [main] DEBUG o.e.repositories.postgres.DataBase - Before return statement
2026-02-26 17:16:19 [main] DEBUG o.e.repositories.postgres.DataBase - Before return statement
2026-02-26 17:16:19 [main] DEBUG o.e.repositories.postgres.DataBase - Before return statement
2026-02-26 17:16:19 [main] DEBUG o.e.repositories.postgres.DataBase - Before return statement
2026-02-26 17:16:19 [main] DEBUG o.e.repositories.postgres.DataBase - Before return statement
2026-02-26 17:16:19 [main] DEBUG o.e.repositories.postgres.DataBase - Before return statement
2026-02-26 17:16:19 [main] DEBUG o.e.repositories.postgres.DataBase - Before return statement
2026-02-26 17:16:19 [main] DEBUG o.e.repositories.postgres.DataBase - Before return statement
2026-02-26 17:16:19 [main] DEBUG o.e.repositories.postgres.DataBase - Before return statement
2026-02-26 17:16:19 [main] DEBUG o.e.repositories.postgres.DataBase - Before return statement
2026-02-26 17:16:19 [main] DEBUG o.e.repositories.postgres.DataBase - Before return statement
2026-02-26 17:16:19 [main] DEBUG o.e.repositories.postgres.DataBase - Before return statement
2026-02-26 17:16:19 [main] DEBUG o.e.repositories.postgres.DataBase - Before return statement
2026-02-26 17:16:19 [main] DEBUG o.e.repositories.postgres.DataBase - Before return statement
2026-02-26 17:16:19 [main] DEBUG o.e.repositories.postgres.DataBase - Before return statement
2026-02-26 17:16:19 [main] DEBUG o.e.repositories.postgres.DataBase - Before return statement
2026-02-26 17:16:19 [main] DEBUG o.e.repositories.postgres.DataBase - Before return statement
2026-02-26 17:16:19 [main] DEBUG o.e.repositories.postgres.DataBase - Before return statement
2026-02-26 17:16:19 [main] DEBUG o.e.repositories.postgres.DataBase - Before return statement
2026-02-26 17:16:19 [main] DEBUG o.e.repositories.postgres.DataBase - Before return statement
2026-02-26 17:16:19 [main] DEBUG o.e.repositories.postgres.DataBase - Before return statement
2026-02-26 17:16:19 [main] DEBUG o.e.repositories.postgres.DataBase - Before return statement
2026-02-26 17:16:19 [main] DEBUG o.e.repositories.postgres.DataBase - Before return statement
2026-02-26 17:16:19 [main] DEBUG o.e.repositories.postgres.DataBase - Before return statement
2026-02-26 17:16:19 [main] DEBUG o.e.repositories.postgres.DataBase - Before return statement
2026-02-26 17:16:19 [main] DEBUG o.e.repositories.postgres.DataBase - Before return statement
2026-02-26 17:16:19 [main] DEBUG o.e.repositories.postgres.DataBase - Before return statement
2026-02-26 17:16:19 [main] DEBUG o.e.repositories.postgres.DataBase - Before return statement
2026-02-26 17:16:19 [main] DEBUG o.e.repositories.postgres.DataBase - Before return statement
2026-02-26 17:16:19 [main] DEBUG o.e.repositories.postgres.DataBase - Before return statement
2026-02-26 17:16:19 [main] DEBUG o.e.repositories.postgres.DataBase - Before return statement
2026-02-26 17:16:19 [main] DEBUG o.e.repositories.postgres.DataBase - Before return statement
2026-02-26 17:16:19 [main] DEBUG o.e.repositories.postgres.DataBase - Before return statement
2026-02-26 17:16:19 [main] DEBUG o.e.repositories.postgres.DataBase - Before return statement
2026-02-26 17:16:19 [main] DEBUG o.e.repositories.postgres.DataBase - Before return statement
2026-02-26 17:16:19 [main] DEBUG o.e.repositories.postgres.DataBase - Before return statement
2026-02-26 17:16:19 [main] DEBUG o.e.repositories.postgres.DataBase - Before return statement
2026-02-26 17:16:19 [main] DEBUG o.e.repositories.postgres.DataBase - Before return statement
2026-02-26 17:16:19 [main] DEBUG o.e.repositories.postgres.DataBase - Before return statement
2026-02-26 17:16:19 [main] DEBUG o.e.repositories.postgres.DataBase - Before return statement
2026-02-26 17:16:19 [main] DEBUG o.e.repositories.postgres.DataBase - Before return statement
2026-02-26 17:16:19 [main] DEBUG o.e.repositories.postgres.DataBase - Before return statement
2026-02-26 17:16:19 [main] DEBUG o.e.repositories.postgres.DataBase - Before return statement
2026-02-26 17:16:20 [main] INFO  tc.postgres:16 - Creating container for image: postgres:16
2026-02-26 17:16:20 [main] INFO  tc.postgres:16 - Container postgres:16 is starting: 5653da8d5c2dde1e21efe8dac6c9a51edbdc44f4629a9a553948e73ddd044f3a
2026-02-26 17:16:21 [main] INFO  tc.postgres:16 - Container postgres:16 started in PT1.553023876S
2026-02-26 17:16:21 [main] INFO  tc.postgres:16 - Container is started (JDBC URL: jdbc:postgresql://localhost:35907/testdatabase?loggerLevel=OFF)
2026-02-26 17:16:21 [main] DEBUG o.e.repositories.postgres.DataBase - Before return statement
2026-02-26 17:16:21 [pool-5-thread-1] DEBUG o.e.repositories.postgres.DataBase - Before return statement
2026-02-26 17:16:21 [pool-5-thread-2] DEBUG o.e.repositories.postgres.DataBase - Before return statement
2026-02-26 17:16:21 [pool-5-thread-3] DEBUG o.e.repositories.postgres.DataBase - Before return statement
2026-02-26 17:16:21 [pool-5-thread-4] DEBUG o.e.repositories.postgres.DataBase - Before return statement
2026-02-26 17:16:21 [pool-5-thread-5] DEBUG o.e.repositories.postgres.DataBase - Before return statement
2026-02-26 17:16:21 [pool-5-thread-6] DEBUG o.e.repositories.postgres.DataBase - Before return statement
2026-02-26 17:16:21 [pool-5-thread-7] DEBUG o.e.repositories.postgres.DataBase - Before return statement
2026-02-26 17:16:21 [pool-5-thread-9] DEBUG o.e.repositories.postgres.DataBase - Before return statement
2026-02-26 17:16:21 [pool-5-thread-10] DEBUG o.e.repositories.postgres.DataBase - Before return statement
2026-02-26 17:16:21 [pool-5-thread-11] DEBUG o.e.repositories.postgres.DataBase - Before return statement
2026-02-26 17:16:21 [pool-5-thread-8] DEBUG o.e.repositories.postgres.DataBase - Before return statement
2026-02-26 17:16:21 [pool-5-thread-12] DEBUG o.e.repositories.postgres.DataBase - Before return statement
2026-02-26 17:16:21 [pool-5-thread-13] DEBUG o.e.repositories.postgres.DataBase - Before return statement
2026-02-26 17:16:21 [pool-5-thread-14] DEBUG o.e.repositories.postgres.DataBase - Before return statement
2026-02-26 17:16:21 [pool-5-thread-15] DEBUG o.e.repositories.postgres.DataBase - Before return statement
2026-02-26 17:16:21 [pool-5-thread-16] DEBUG o.e.repositories.postgres.DataBase - Before return statement
2026-02-26 17:16:21 [pool-5-thread-17] DEBUG o.e.repositories.postgres.DataBase - Before return statement
2026-02-26 17:16:21 [pool-5-thread-18] DEBUG o.e.repositories.postgres.DataBase - Before return statement
2026-02-26 17:16:21 [pool-5-thread-19] DEBUG o.e.repositories.postgres.DataBase - Before return statement
2026-02-26 17:16:21 [pool-5-thread-20] DEBUG o.e.repositories.postgres.DataBase - Before return statement
2026-02-26 17:16:21 [pool-5-thread-21] DEBUG o.e.repositories.postgres.DataBase - Before return statement
2026-02-26 17:16:21 [pool-5-thread-22] DEBUG o.e.repositories.postgres.DataBase - Before return statement
2026-02-26 17:16:21 [pool-5-thread-23] DEBUG o.e.repositories.postgres.DataBase - Before return statement
2026-02-26 17:16:21 [pool-5-thread-24] DEBUG o.e.repositories.postgres.DataBase - Before return statement
2026-02-26 17:16:21 [pool-5-thread-25] DEBUG o.e.repositories.postgres.DataBase - Before return statement
2026-02-26 17:16:21 [main] DEBUG o.e.repositories.postgres.DataBase - Before return statement
2026-02-26 17:16:21 [main] DEBUG o.e.repositories.postgres.DataBase - Before return statement
2026-02-26 17:20:45 [main] INFO  o.testcontainers.images.PullPolicy - Image pull policy will be performed by: DefaultPullPolicy()
2026-02-26 17:20:45 [main] INFO  o.t.utility.ImageNameSubstitutor - Image name substitution will be performed by: DefaultImageNameSubstitutor (composite of 'ConfigurationFileImageNameSubstitutor' and 'PrefixingImageNameSubstitutor')
2026-02-26 17:20:45 [main] INFO  o.t.d.DockerClientProviderStrategy - Found Docker environment with Docker accessed via Unix socket (/home/artem-brychev/.docker/desktop/docker.sock)
2026-02-26 17:20:45 [main] INFO  o.testcontainers.DockerClientFactory - Docker host IP address is localhost
2026-02-26 17:20:45 [main] INFO  o.testcontainers.DockerClientFactory - Connected to docker: 
  Server Version: 28.4.0
  API Version: 1.51
  Operating System: Docker Desktop
  Total Memory: 3738 MB
2026-02-26 17:20:46 [main] INFO  tc.testcontainers/ryuk:0.7.0 - Creating container for image: testcontainers/ryuk:0.7.0
2026-02-26 17:20:46 [main] INFO  o.t.utility.RegistryAuthLocator - Credential helper/store (docker-credential-desktop) does not have credentials for https://index.docker.io/v1/
2026-02-26 17:20:46 [main] INFO  tc.testcontainers/ryuk:0.7.0 - Container testcontainers/ryuk:0.7.0 is starting: 83e126de9edc5291f306a31746bdc9777113316ae3d299275a11609f9a3ece6e
2026-02-26 17:20:46 [main] INFO  tc.testcontainers/ryuk:0.7.0 - Container testcontainers/ryuk:0.7.0 started in PT0.865338087S
2026-02-26 17:20:46 [main] INFO  o.t.utility.RyukResourceReaper - Ryuk started - will monitor and terminate Testcontainers containers on JVM exit
2026-02-26 17:20:46 [main] INFO  o.testcontainers.DockerClientFactory - Checking the system...
2026-02-26 17:20:46 [main] INFO  o.testcontainers.DockerClientFactory - ✔︎ Docker server version should be at least 1.6.0
2026-02-26 17:20:46 [main] INFO  tc.redis:7-alpine - Creating container for image: redis:7-alpine
2026-02-26 17:20:47 [main] INFO  tc.redis:7-alpine - Container redis:7-alpine is starting: b7de8c7e62c754fdad5a1c5427082bb50ea2ea697d85a08b01448c4c8d165b67
2026-02-26 17:20:47 [main] INFO  tc.redis:7-alpine - Container redis:7-alpine started in PT0.654624529S
2026-02-26 17:20:47 [main] DEBUG o.e.repositories.redis.RedisManager - In RedisManager initialization block
2026-02-26 17:20:47 [main] INFO  o.e.repositories.redis.RedisManager - Redis url=redis://localhost:35589
2026-02-26 17:20:48 [lettuce-nioEventLoop-4-1] INFO  io.lettuce.core.RedisHandshake - Maintenance events not supported.
2026-02-26 17:20:48 [main] INFO  tc.redis:7-alpine - Creating container for image: redis:7-alpine
2026-02-26 17:20:48 [main] INFO  tc.redis:7-alpine - Container redis:7-alpine is starting: d3d56ddb55ef20885d66b361706192ae51b70978bd12e25e74b83e4a467a24cb
2026-02-26 17:20:49 [main] INFO  tc.redis:7-alpine - Container redis:7-alpine started in PT0.681764304S
2026-02-26 17:20:49 [main] DEBUG o.e.repositories.redis.RedisManager - In RedisManager initialization block
2026-02-26 17:20:49 [main] INFO  o.e.repositories.redis.RedisManager - Redis url=redis://localhost:34707
2026-02-26 17:20:49 [lettuce-nioEventLoop-7-1] INFO  io.lettuce.core.RedisHandshake - Maintenance events not supported.
2026-02-26 17:20:49 [main] DEBUG o.e.r.redis.RedisRepository - Added id={1} oldUrl={url.com} bewUrl={null} to Redis
2026-02-26 17:20:49 [main] DEBUG o.e.r.redis.RedisRepository - Removed 1 from Redis storage
2026-02-26 17:20:49 [main] DEBUG o.e.r.redis.RedisRepository - Added id={1} oldUrl={url.com} bewUrl={null} to Redis
2026-02-26 17:20:49 [main] DEBUG o.e.r.redis.RedisRepository - Removed 1 from Redis storage
2026-02-26 17:20:49 [main] DEBUG o.e.r.redis.RedisRepository - Added id={1} oldUrl={url.com} bewUrl={null} to Redis
2026-02-26 17:20:49 [main] DEBUG o.e.r.redis.RedisRepository - Found and returning id={1} oldUrl={url.com} bewUrl={null}
2026-02-26 17:20:49 [main] DEBUG o.e.r.redis.RedisRepository - Removed 1 from Redis storage
2026-02-26 17:20:49 [main] DEBUG o.e.r.redis.RedisRepository - Added id={1} oldUrl={url.com} bewUrl={null} to Redis
2026-02-26 17:20:49 [main] DEBUG o.e.r.redis.RedisRepository - Removed 1 from Redis storage
2026-02-26 17:20:49 [main] DEBUG o.e.r.redis.RedisRepository - Added id={1} oldUrl={url.com} bewUrl={null} to Redis
2026-02-26 17:20:49 [main] DEBUG o.e.r.redis.RedisRepository - Found and returning id={1} oldUrl={url.com} bewUrl={null}
2026-02-26 17:20:49 [main] DEBUG o.e.r.redis.RedisRepository - Removed 1 from Redis storage
2026-02-26 17:20:49 [main] DEBUG o.e.r.redis.RedisRepository - Added id={1} oldUrl={url.com} bewUrl={null} to Redis
2026-02-26 17:20:49 [main] DEBUG o.e.r.redis.RedisRepository - Removed 1 from Redis storage
2026-02-26 17:20:49 [main] DEBUG o.e.r.redis.RedisRepository - Added id={1} oldUrl={url.com} bewUrl={null} to Redis
2026-02-26 17:20:49 [main] DEBUG o.e.r.redis.RedisRepository - Removed 1 from Redis storage
2026-02-26 17:20:49 [main] DEBUG o.e.r.redis.RedisRepository - Added id={1} oldUrl={url.com} bewUrl={null} to Redis
2026-02-26 17:20:49 [main] DEBUG o.e.r.redis.RedisRepository - Removed 1 from Redis storage
2026-02-26 17:20:51 [main] INFO  org.example.services.Service - Добавляем новую строкуhttps://url.com
2026-02-26 17:20:51 [main] INFO  org.example.services.Service - Service.add: https://url.com -> 1(1)
2026-02-26 17:20:51 [main] INFO  org.example.services.Service - Добавляем новую строкуhttps://url.com
2026-02-26 17:20:51 [main] INFO  org.example.services.Service - Service.add: https://url.com -> 1(1)
2026-02-26 17:20:51 [main] INFO  org.example.services.Service - Добавляем новую строкуhttps://url.com
2026-02-26 17:20:51 [main] INFO  org.example.services.Service - Service.add: https://url.com -> 1(1)
2026-02-26 17:20:51 [main] INFO  org.example.services.Service - 1 -> https://url.com(1)
2026-02-26 17:20:51 [main] INFO  org.eclipse.jetty.util.log - Logging initialized @6693ms to org.eclipse.jetty.util.log.Slf4jLog
2026-02-26 17:20:51 [main] INFO  org.eclipse.jetty.server.Server - jetty-9.4.54.v20240208; built: 2024-02-08T19:42:39.027Z; git: cef3fbd6d736a21e7d541a5db490381d95a2047d; jvm 21.0.8+9-Ubuntu-0ubuntu124.04.1
2026-02-26 17:20:51 [main] INFO  o.e.j.server.handler.ContextHandler - Started o.e.j.s.ServletContextHandler@57b63253{/,null,AVAILABLE}
2026-02-26 17:20:51 [main] INFO  o.e.jetty.server.AbstractConnector - Started ServerConnector@69a90b81{HTTP/1.1, (http/1.1)}{0.0.0.0:35077}
2026-02-26 17:20:51 [main] INFO  org.eclipse.jetty.server.Server - Started @6843ms
2026-02-26 17:20:51 [main] INFO  o.e.jetty.server.AbstractConnector - Stopped ServerConnector@69a90b81{HTTP/1.1, (http/1.1)}{0.0.0.0:0}
2026-02-26 17:20:51 [main] INFO  o.e.j.server.handler.ContextHandler - Stopped o.e.j.s.ServletContextHandler@57b63253{/,null,STOPPED}
2026-02-26 17:20:51 [main] INFO  tc.postgres:16 - Creating container for image: postgres:16
2026-02-26 17:20:51 [main] INFO  tc.postgres:16 - Container postgres:16 is starting: 15eb03f793429e0afb8beda704e19892e3a554d54940c21cdcf299e40ed93a33
2026-02-26 17:20:53 [main] INFO  tc.postgres:16 - Container postgres:16 started in PT1.561010138S
2026-02-26 17:20:53 [main] INFO  tc.postgres:16 - Container is started (JDBC URL: jdbc:postgresql://localhost:37483/testdatabase?loggerLevel=OFF)
2026-02-26 17:20:53 [main] DEBUG o.e.repositories.postgres.DataBase - getInstance if(instance==null)
2026-02-26 17:20:53 [main] DEBUG o.e.repositories.postgres.DataBase - getInstance syncrhonised block
2026-02-26 17:20:53 [main] DEBUG o.e.repositories.postgres.DataBase - getInstance if(instance==null) part 2
2026-02-26 17:20:53 [main] DEBUG o.e.repositories.postgres.DataBase - Setting DriverClassName: org.postgresql.Driver
2026-02-26 17:20:53 [main] DEBUG o.e.repositories.postgres.DataBase - DB_URL: jdbc:postgresql://localhost:37483/testdatabase?loggerLevel=OFF
2026-02-26 17:20:53 [main] INFO  com.zaxxer.hikari.HikariDataSource - HikariPool-1 - Starting...
2026-02-26 17:20:53 [main] INFO  com.zaxxer.hikari.pool.HikariPool - HikariPool-1 - Added connection org.postgresql.jdbc.PgConnection@7227926b
2026-02-26 17:20:53 [main] INFO  com.zaxxer.hikari.HikariDataSource - HikariPool-1 - Start completed.
2026-02-26 17:20:53 [main] DEBUG o.e.repositories.postgres.DataBase - Hikari created successfully
2026-02-26 17:20:53 [main] DEBUG o.e.repositories.postgres.DataBase - Entering createDb method
2026-02-26 17:20:53 [main] DEBUG o.e.repositories.postgres.DataBase - Entered createDb part, instance=false
2026-02-26 17:20:53 [main] DEBUG o.e.repositories.postgres.DataBase - In createDb, in if(instance!=null)
2026-02-26 17:20:53 [main] DEBUG o.e.repositories.postgres.DataBase - Creation sql: create table if not exists url (
	id SERIAL primary key,
	url_old VARCHAR(600)  unique not null,
	url_new VARCHAR(255)
);

create index if not exists index_on_url_old
on url(url_old);
2026-02-26 17:20:53 [main] DEBUG o.e.repositories.postgres.DataBase - Before return statement
2026-02-26 17:20:53 [main] DEBUG o.e.repositories.postgres.DataBase - Before return statement
2026-02-26 17:20:53 [main] DEBUG o.e.repositories.postgres.DataBase - Before return statement
2026-02-26 17:20:53 [main] DEBUG o.e.repositories.postgres.DataBase - Before return statement
2026-02-26 17:20:53 [main] DEBUG o.e.repositories.postgres.DataBase - Before return statement
2026-02-26 17:20:53 [main] DEBUG o.e.repositories.postgres.DataBase - Before return statement
2026-02-26 17:20:53 [main] DEBUG o.e.repositories.postgres.DataBase - Before return statement
2026-02-26 17:20:53 [main] DEBUG o.e.repositories.postgres.DataBase - Before return statement
2026-02-26 17:20:53 [main] DEBUG o.e.repositories.postgres.DataBase - Before return statement
2026-02-26 17:20:53 [main] DEBUG o.e.repositories.postgres.DataBase - Before return statement
2026-02-26 17:20:53 [main] DEBUG o.e.repositories.postgres.DataBase - Before return statement
2026-02-26 17:20:53 [main] DEBUG o.e.repositories.postgres.DataBase - Before return statement
2026-02-26 17:20:53 [main] DEBUG o.e.repositories.postgres.DataBase - Before return statement
2026-02-26 17:20:53 [main] DEBUG o.e.repositories.postgres.DataBase - Before return statement
2026-02-26 17:20:53 [main] DEBUG o.e.repositories.postgres.DataBase - Before return statement
2026-02-26 17:20:53 [main] DEBUG o.e.repositories.postgres.DataBase - Before return statement
2026-02-26 17:20:53 [main] DEBUG o.e.repositories.postgres.DataBase - Before return statement
2026-02-26 17:20:53 [main] DEBUG o.e.repositories.postgres.DataBase - Before return statement
2026-02-26 17:20:53 [main] DEBUG o.e.repositories.postgres.DataBase - Before return statement
2026-02-26 17:20:53 [main] DEBUG o.e.repositories.postgres.DataBase - Before return statement
2026-02-26 17:20:53 [main] DEBUG o.e.repositories.postgres.DataBase - Before return statement
2026-02-26 17:20:53 [main] DEBUG o.e.repositories.postgres.DataBase - Before return statement
2026-02-26 17:20:53 [main] DEBUG o.e.repositories.postgres.DataBase - Before return statement
2026-02-26 17:20:53 [main] DEBUG o.e.repositories.postgres.DataBase - Before return statement
2026-02-26 17:20:53 [main] DEBUG o.e.repositories.postgres.DataBase - Before return statement
2026-02-26 17:20:53 [main] DEBUG o.e.repositories.postgres.DataBase - Before return statement
2026-02-26 17:20:53 [main] DEBUG o.e.repositories.postgres.DataBase - Before return statement
2026-02-26 17:20:53 [main] DEBUG o.e.repositories.postgres.DataBase - Before return statement
2026-02-26 17:20:53 [main] DEBUG o.e.repositories.postgres.DataBase - Before return statement
2026-02-26 17:20:53 [main] DEBUG o.e.repositories.postgres.DataBase - Before return statement
2026-02-26 17:20:53 [main] DEBUG o.e.repositories.postgres.DataBase - Before return statement
2026-02-26 17:20:53 [main] DEBUG o.e.repositories.postgres.DataBase - Before return statement
2026-02-26 17:20:53 [main] DEBUG o.e.repositories.postgres.DataBase - Before return statement
2026-02-26 17:20:53 [main] DEBUG o.e.repositories.postgres.DataBase - Before return statement
2026-02-26 17:20:53 [main] DEBUG o.e.repositories.postgres.DataBase - Before return statement
2026-02-26 17:20:53 [main] DEBUG o.e.repositories.postgres.DataBase - Before return statement
2026-02-26 17:20:53 [main] DEBUG o.e.repositories.postgres.DataBase - Before return statement
2026-02-26 17:20:53 [main] DEBUG o.e.repositories.postgres.DataBase - Before return statement
2026-02-26 17:20:53 [main] DEBUG o.e.repositories.postgres.DataBase - Before return statement
2026-02-26 17:20:53 [main] DEBUG o.e.repositories.postgres.DataBase - Before return statement
2026-02-26 17:20:53 [main] DEBUG o.e.repositories.postgres.DataBase - Before return statement
2026-02-26 17:20:53 [main] DEBUG o.e.repositories.postgres.DataBase - Before return statement
2026-02-26 17:20:53 [main] DEBUG o.e.repositories.postgres.DataBase - Before return statement
2026-02-26 17:20:53 [main] DEBUG o.e.repositories.postgres.DataBase - Before return statement
2026-02-26 17:20:53 [main] DEBUG o.e.repositories.postgres.DataBase - Before return statement
2026-02-26 17:20:53 [main] DEBUG o.e.repositories.postgres.DataBase - Before return statement
2026-02-26 17:20:53 [main] INFO  tc.postgres:16 - Creating container for image: postgres:16
2026-02-26 17:20:54 [main] INFO  tc.postgres:16 - Container postgres:16 is starting: 869701acacb9b8f74cf4d716e1ebf2c0254b534cfb53e67c4d8829b4841c7eb6
2026-02-26 17:20:55 [main] INFO  tc.postgres:16 - Container postgres:16 started in PT1.623055768S
2026-02-26 17:20:55 [main] INFO  tc.postgres:16 - Container is started (JDBC URL: jdbc:postgresql://localhost:45517/testdatabase?loggerLevel=OFF)
2026-02-26 17:20:55 [main] DEBUG o.e.repositories.postgres.DataBase - Before return statement
2026-02-26 17:20:55 [pool-5-thread-1] DEBUG o.e.repositories.postgres.DataBase - Before return statement
2026-02-26 17:20:55 [pool-5-thread-2] DEBUG o.e.repositories.postgres.DataBase - Before return statement
2026-02-26 17:20:55 [pool-5-thread-3] DEBUG o.e.repositories.postgres.DataBase - Before return statement
2026-02-26 17:20:55 [pool-5-thread-4] DEBUG o.e.repositories.postgres.DataBase - Before return statement
2026-02-26 17:20:55 [pool-5-thread-6] DEBUG o.e.repositories.postgres.DataBase - Before return statement
2026-02-26 17:20:55 [pool-5-thread-7] DEBUG o.e.repositories.postgres.DataBase - Before return statement
2026-02-26 17:20:55 [pool-5-thread-8] DEBUG o.e.repositories.postgres.DataBase - Before return statement
2026-02-26 17:20:55 [pool-5-thread-9] DEBUG o.e.repositories.postgres.DataBase - Before return statement
2026-02-26 17:20:55 [pool-5-thread-10] DEBUG o.e.repositories.postgres.DataBase - Before return statement
2026-02-26 17:20:55 [pool-5-thread-11] DEBUG o.e.repositories.postgres.DataBase - Before return statement
2026-02-26 17:20:55 [pool-5-thread-12] DEBUG o.e.repositories.postgres.DataBase - Before return statement
2026-02-26 17:20:55 [pool-5-thread-5] DEBUG o.e.repositories.postgres.DataBase - Before return statement
2026-02-26 17:20:55 [pool-5-thread-14] DEBUG o.e.repositories.postgres.DataBase - Before return statement
2026-02-26 17:20:55 [pool-5-thread-15] DEBUG o.e.repositories.postgres.DataBase - Before return statement
2026-02-26 17:20:55 [pool-5-thread-13] DEBUG o.e.repositories.postgres.DataBase - Before return statement
2026-02-26 17:20:55 [pool-5-thread-16] DEBUG o.e.repositories.postgres.DataBase - Before return statement
2026-02-26 17:20:55 [pool-5-thread-17] DEBUG o.e.repositories.postgres.DataBase - Before return statement
2026-02-26 17:20:55 [pool-5-thread-18] DEBUG o.e.repositories.postgres.DataBase - Before return statement
2026-02-26 17:20:55 [pool-5-thread-19] DEBUG o.e.repositories.postgres.DataBase - Before return statement
2026-02-26 17:20:55 [pool-5-thread-20] DEBUG o.e.repositories.postgres.DataBase - Before return statement
2026-02-26 17:20:55 [pool-5-thread-21] DEBUG o.e.repositories.postgres.DataBase - Before return statement
2026-02-26 17:20:55 [pool-5-thread-22] DEBUG o.e.repositories.postgres.DataBase - Before return statement
2026-02-26 17:20:55 [pool-5-thread-23] DEBUG o.e.repositories.postgres.DataBase - Before return statement
2026-02-26 17:20:55 [pool-5-thread-24] DEBUG o.e.repositories.postgres.DataBase - Before return statement
2026-02-26 17:20:55 [pool-5-thread-25] DEBUG o.e.repositories.postgres.DataBase - Before return statement
2026-02-26 17:20:55 [main] DEBUG o.e.repositories.postgres.DataBase - Before return statement
2026-02-26 17:20:55 [main] DEBUG o.e.repositories.postgres.DataBase - Before return statement
2026-02-26 17:21:31 [main] INFO  o.testcontainers.images.PullPolicy - Image pull policy will be performed by: DefaultPullPolicy()
2026-02-26 17:21:31 [main] INFO  o.t.utility.ImageNameSubstitutor - Image name substitution will be performed by: DefaultImageNameSubstitutor (composite of 'ConfigurationFileImageNameSubstitutor' and 'PrefixingImageNameSubstitutor')
2026-02-26 17:21:31 [main] INFO  o.t.d.DockerClientProviderStrategy - Found Docker environment with Docker accessed via Unix socket (/home/artem-brychev/.docker/desktop/docker.sock)
2026-02-26 17:21:31 [main] INFO  o.testcontainers.DockerClientFactory - Docker host IP address is localhost
2026-02-26 17:21:31 [main] INFO  o.testcontainers.DockerClientFactory - Connected to docker: 
  Server Version: 28.4.0
  API Version: 1.51
  Operating System: Docker Desktop
  Total Memory: 3738 MB
2026-02-26 17:21:31 [main] INFO  tc.testcontainers/ryuk:0.7.0 - Creating container for image: testcontainers/ryuk:0.7.0
2026-02-26 17:21:31 [main] INFO  o.t.utility.RegistryAuthLocator - Credential helper/store (docker-credential-desktop) does not have credentials for https://index.docker.io/v1/
2026-02-26 17:21:32 [main] INFO  tc.testcontainers/ryuk:0.7.0 - Container testcontainers/ryuk:0.7.0 is starting: 3399e22373403a9fa4c9dd50ed4a31882f9b902fa3c0e779fd5d3f39b5f0fc6c
2026-02-26 17:21:32 [main] INFO  tc.testcontainers/ryuk:0.7.0 - Container testcontainers/ryuk:0.7.0 started in PT0.779730329S
2026-02-26 17:21:32 [main] INFO  o.t.utility.RyukResourceReaper - Ryuk started - will monitor and terminate Testcontainers containers on JVM exit
2026-02-26 17:21:32 [main] INFO  o.testcontainers.DockerClientFactory - Checking the system...
2026-02-26 17:21:32 [main] INFO  o.testcontainers.DockerClientFactory - ✔︎ Docker server version should be at least 1.6.0
2026-02-26 17:21:32 [main] INFO  tc.redis:7-alpine - Creating container for image: redis:7-alpine
2026-02-26 17:21:32 [main] INFO  tc.redis:7-alpine - Container redis:7-alpine is starting: 10e801ca1fa706f250a0d075e5aa9e47c6e3e9c8fce377af8afc4e122ba4282e
2026-02-26 17:21:33 [main] INFO  tc.redis:7-alpine - Container redis:7-alpine started in PT0.706156951S
2026-02-26 17:21:33 [main] INFO  o.e.repositories.redis.RedisManager - Redis url=redis://localhost:37857
2026-02-26 17:21:33 [lettuce-nioEventLoop-4-1] INFO  io.lettuce.core.RedisHandshake - Maintenance events not supported.
2026-02-26 17:21:34 [main] INFO  tc.redis:7-alpine - Creating container for image: redis:7-alpine
2026-02-26 17:21:34 [main] INFO  tc.redis:7-alpine - Container redis:7-alpine is starting: 126e5971693f8ddf7531d78d0c6fdb24e45679d50fde0b7ae18bc784812cd4e4
2026-02-26 17:21:34 [main] INFO  tc.redis:7-alpine - Container redis:7-alpine started in PT0.671915616S
2026-02-26 17:21:34 [main] INFO  o.e.repositories.redis.RedisManager - Redis url=redis://localhost:38065
2026-02-26 17:21:34 [lettuce-nioEventLoop-7-1] INFO  io.lettuce.core.RedisHandshake - Maintenance events not supported.
2026-02-26 17:21:36 [main] INFO  org.example.services.Service - Добавляем новую строкуhttps://url.com
2026-02-26 17:21:36 [main] INFO  org.example.services.Service - Service.add: https://url.com -> 1(1)
2026-02-26 17:21:36 [main] INFO  org.example.services.Service - Добавляем новую строкуhttps://url.com
2026-02-26 17:21:36 [main] INFO  org.example.services.Service - Service.add: https://url.com -> 1(1)
2026-02-26 17:21:36 [main] INFO  org.example.services.Service - Добавляем новую строкуhttps://url.com
2026-02-26 17:21:36 [main] INFO  org.example.services.Service - Service.add: https://url.com -> 1(1)
2026-02-26 17:21:36 [main] INFO  org.example.services.Service - 1 -> https://url.com(1)
2026-02-26 17:21:36 [main] INFO  org.eclipse.jetty.util.log - Logging initialized @6339ms to org.eclipse.jetty.util.log.Slf4jLog
2026-02-26 17:21:36 [main] INFO  org.eclipse.jetty.server.Server - jetty-9.4.54.v20240208; built: 2024-02-08T19:42:39.027Z; git: cef3fbd6d736a21e7d541a5db490381d95a2047d; jvm 21.0.8+9-Ubuntu-0ubuntu124.04.1
2026-02-26 17:21:36 [main] INFO  o.e.j.server.handler.ContextHandler - Started o.e.j.s.ServletContextHandler@57b63253{/,null,AVAILABLE}
2026-02-26 17:21:36 [main] INFO  o.e.jetty.server.AbstractConnector - Started ServerConnector@69a90b81{HTTP/1.1, (http/1.1)}{0.0.0.0:38333}
2026-02-26 17:21:36 [main] INFO  org.eclipse.jetty.server.Server - Started @6492ms
2026-02-26 17:21:36 [main] INFO  o.e.jetty.server.AbstractConnector - Stopped ServerConnector@69a90b81{HTTP/1.1, (http/1.1)}{0.0.0.0:0}
2026-02-26 17:21:36 [main] INFO  o.e.j.server.handler.ContextHandler - Stopped o.e.j.s.ServletContextHandler@57b63253{/,null,STOPPED}
2026-02-26 17:21:36 [main] INFO  tc.postgres:16 - Creating container for image: postgres:16
2026-02-26 17:21:37 [main] INFO  tc.postgres:16 - Container postgres:16 is starting: 3739caf67212e211a36ef5acb1ee1af31cbf12a403cb324dc4557b5e289bac8c
2026-02-26 17:21:38 [main] INFO  tc.postgres:16 - Container postgres:16 started in PT1.51222962S
2026-02-26 17:21:38 [main] INFO  tc.postgres:16 - Container is started (JDBC URL: jdbc:postgresql://localhost:46511/testdatabase?loggerLevel=OFF)
2026-02-26 17:21:38 [main] INFO  com.zaxxer.hikari.HikariDataSource - HikariPool-1 - Starting...
2026-02-26 17:21:38 [main] INFO  com.zaxxer.hikari.pool.HikariPool - HikariPool-1 - Added connection org.postgresql.jdbc.PgConnection@7227926b
2026-02-26 17:21:38 [main] INFO  com.zaxxer.hikari.HikariDataSource - HikariPool-1 - Start completed.
2026-02-26 17:21:39 [main] INFO  tc.postgres:16 - Creating container for image: postgres:16
2026-02-26 17:21:39 [main] INFO  tc.postgres:16 - Container postgres:16 is starting: 913bdec27a5a5203e6d15ed7cedbeeca0cb47fe39f1046c846f41b08ea5c413f
2026-02-26 17:21:40 [main] INFO  tc.postgres:16 - Container postgres:16 started in PT1.66271864S
2026-02-26 17:21:40 [main] INFO  tc.postgres:16 - Container is started (JDBC URL: jdbc:postgresql://localhost:35501/testdatabase?loggerLevel=OFF)
2026-02-26 17:32:17 [main] INFO  o.testcontainers.images.PullPolicy - Image pull policy will be performed by: DefaultPullPolicy()
2026-02-26 17:32:17 [main] INFO  o.t.utility.ImageNameSubstitutor - Image name substitution will be performed by: DefaultImageNameSubstitutor (composite of 'ConfigurationFileImageNameSubstitutor' and 'PrefixingImageNameSubstitutor')
2026-02-26 17:32:18 [main] INFO  o.t.d.DockerClientProviderStrategy - Found Docker environment with Docker accessed via Unix socket (/home/artem-brychev/.docker/desktop/docker.sock)
2026-02-26 17:32:18 [main] INFO  o.testcontainers.DockerClientFactory - Docker host IP address is localhost
2026-02-26 17:32:18 [main] INFO  o.testcontainers.DockerClientFactory - Connected to docker: 
  Server Version: 28.4.0
  API Version: 1.51
  Operating System: Docker Desktop
  Total Memory: 3738 MB
2026-02-26 17:32:18 [main] INFO  tc.testcontainers/ryuk:0.7.0 - Creating container for image: testcontainers/ryuk:0.7.0
2026-02-26 17:32:18 [main] INFO  o.t.utility.RegistryAuthLocator - Credential helper/store (docker-credential-desktop) does not have credentials for https://index.docker.io/v1/
2026-02-26 17:32:22 [main] INFO  tc.testcontainers/ryuk:0.7.0 - Container testcontainers/ryuk:0.7.0 is starting: 0750722aec0395efbf3a15925337abe7f7ddfbc488f30a3aa3bd872d1ec0ead3
2026-02-26 17:32:22 [main] INFO  tc.testcontainers/ryuk:0.7.0 - Container testcontainers/ryuk:0.7.0 started in PT4.422216076S
2026-02-26 17:32:22 [main] INFO  o.t.utility.RyukResourceReaper - Ryuk started - will monitor and terminate Testcontainers containers on JVM exit
2026-02-26 17:32:22 [main] INFO  o.testcontainers.DockerClientFactory - Checking the system...
2026-02-26 17:32:22 [main] INFO  o.testcontainers.DockerClientFactory - ✔︎ Docker server version should be at least 1.6.0
2026-02-26 17:32:22 [main] INFO  tc.redis:7-alpine - Creating container for image: redis:7-alpine
2026-02-26 17:32:23 [main] INFO  tc.redis:7-alpine - Container redis:7-alpine is starting: 4b50504be3c50c8323ebf394a975de3d056e1926ad96d2d987628f484df7002e
2026-02-26 17:32:23 [main] INFO  tc.redis:7-alpine - Container redis:7-alpine started in PT0.71406764S
2026-02-26 17:32:23 [main] INFO  o.e.repositories.redis.RedisManager - Redis url=redis://localhost:44445
2026-02-26 17:32:24 [lettuce-nioEventLoop-4-1] INFO  io.lettuce.core.RedisHandshake - Maintenance events not supported.
2026-02-26 17:32:24 [main] INFO  tc.redis:7-alpine - Creating container for image: redis:7-alpine
2026-02-26 17:32:24 [main] INFO  tc.redis:7-alpine - Container redis:7-alpine is starting: a83af97f0233df3cd5379f02b947cf614c52996353a9dd1622908a911f05b299
2026-02-26 17:32:25 [main] INFO  tc.redis:7-alpine - Container redis:7-alpine started in PT0.677979737S
2026-02-26 17:32:25 [main] INFO  o.e.repositories.redis.RedisManager - Redis url=redis://localhost:34621
2026-02-26 17:32:25 [lettuce-nioEventLoop-7-1] INFO  io.lettuce.core.RedisHandshake - Maintenance events not supported.
2026-02-26 17:32:26 [main] INFO  org.example.services.Service - Добавляем новую строкуhttps://url.com
2026-02-26 17:32:26 [main] INFO  org.example.services.Service - Service.add: https://url.com -> 1(1)
2026-02-26 17:32:26 [main] INFO  org.example.services.Service - Добавляем новую строкуhttps://url.com
2026-02-26 17:32:26 [main] INFO  org.example.services.Service - Service.add: https://url.com -> 1(1)
2026-02-26 17:32:27 [main] INFO  org.example.services.Service - Добавляем новую строкуhttps://url.com
2026-02-26 17:32:27 [main] INFO  org.example.services.Service - Service.add: https://url.com -> 1(1)
2026-02-26 17:32:27 [main] INFO  org.example.services.Service - 1 -> https://url.com(1)
2026-02-26 17:32:27 [main] INFO  org.eclipse.jetty.util.log - Logging initialized @9848ms to org.eclipse.jetty.util.log.Slf4jLog
2026-02-26 17:32:27 [main] INFO  org.eclipse.jetty.server.Server - jetty-9.4.54.v20240208; built: 2024-02-08T19:42:39.027Z; git: cef3fbd6d736a21e7d541a5db490381d95a2047d; jvm 21.0.8+9-Ubuntu-0ubuntu124.04.1
2026-02-26 17:32:27 [main] INFO  o.e.j.server.handler.ContextHandler - Started o.e.j.s.ServletContextHandler@c0013b8{/,null,AVAILABLE}
2026-02-26 17:32:27 [main] INFO  o.e.jetty.server.AbstractConnector - Started ServerConnector@6dcbbb49{HTTP/1.1, (http/1.1)}{0.0.0.0:41439}
2026-02-26 17:32:27 [main] INFO  org.eclipse.jetty.server.Server - Started @10016ms
2026-02-26 17:32:27 [main] INFO  o.e.jetty.server.AbstractConnector - Stopped ServerConnector@6dcbbb49{HTTP/1.1, (http/1.1)}{0.0.0.0:0}
2026-02-26 17:32:27 [main] INFO  o.e.j.server.handler.ContextHandler - Stopped o.e.j.s.ServletContextHandler@c0013b8{/,null,STOPPED}
2026-02-26 17:32:27 [main] INFO  tc.postgres:16 - Creating container for image: postgres:16
2026-02-26 17:32:27 [main] INFO  tc.postgres:16 - Container postgres:16 is starting: 7e8f681303cc072e02c1810f12abb19af70cee9781da72b52fb88acb18d1f1cf
2026-02-26 17:32:29 [main] INFO  tc.postgres:16 - Container postgres:16 started in PT1.766657263S
2026-02-26 17:32:29 [main] INFO  tc.postgres:16 - Container is started (JDBC URL: jdbc:postgresql://localhost:44083/testdatabase?loggerLevel=OFF)
2026-02-26 17:32:29 [main] INFO  com.zaxxer.hikari.HikariDataSource - HikariPool-1 - Starting...
2026-02-26 17:32:29 [main] INFO  com.zaxxer.hikari.pool.HikariPool - HikariPool-1 - Added connection org.postgresql.jdbc.PgConnection@2f75a9b1
2026-02-26 17:32:29 [main] INFO  com.zaxxer.hikari.HikariDataSource - HikariPool-1 - Start completed.
2026-02-26 17:32:29 [main] INFO  tc.postgres:16 - Creating container for image: postgres:16
2026-02-26 17:32:30 [main] INFO  tc.postgres:16 - Container postgres:16 is starting: ad1d4b55b0c7017bc65f65c5007a74bae83e0a2ac2f682518293df69606fe8ea
2026-02-26 17:32:31 [main] INFO  tc.postgres:16 - Container postgres:16 started in PT1.711302561S
2026-02-26 17:32:31 [main] INFO  tc.postgres:16 - Container is started (JDBC URL: jdbc:postgresql://localhost:33421/testdatabase?loggerLevel=OFF)
2026-02-26 17:35:31 [main] INFO  o.testcontainers.images.PullPolicy - Image pull policy will be performed by: DefaultPullPolicy()
2026-02-26 17:35:31 [main] INFO  o.t.utility.ImageNameSubstitutor - Image name substitution will be performed by: DefaultImageNameSubstitutor (composite of 'ConfigurationFileImageNameSubstitutor' and 'PrefixingImageNameSubstitutor')
2026-02-26 17:35:31 [main] INFO  o.t.d.DockerClientProviderStrategy - Found Docker environment with Docker accessed via Unix socket (/home/artem-brychev/.docker/desktop/docker.sock)
2026-02-26 17:35:31 [main] INFO  o.testcontainers.DockerClientFactory - Docker host IP address is localhost
2026-02-26 17:35:31 [main] INFO  o.testcontainers.DockerClientFactory - Connected to docker: 
  Server Version: 28.4.0
  API Version: 1.51
  Operating System: Docker Desktop
  Total Memory: 3738 MB
2026-02-26 17:35:32 [main] INFO  tc.testcontainers/ryuk:0.7.0 - Creating container for image: testcontainers/ryuk:0.7.0
2026-02-26 17:35:32 [main] INFO  o.t.utility.RegistryAuthLocator - Credential helper/store (docker-credential-desktop) does not have credentials for https://index.docker.io/v1/
2026-02-26 17:35:32 [main] INFO  tc.testcontainers/ryuk:0.7.0 - Container testcontainers/ryuk:0.7.0 is starting: 16ae8489c981bc8396eb0fb6fb28d0333e236104d3f6d88bed04b3c3c4017928
2026-02-26 17:35:32 [main] INFO  tc.testcontainers/ryuk:0.7.0 - Container testcontainers/ryuk:0.7.0 started in PT0.773496751S
2026-02-26 17:35:32 [main] INFO  o.t.utility.RyukResourceReaper - Ryuk started - will monitor and terminate Testcontainers containers on JVM exit
2026-02-26 17:35:32 [main] INFO  o.testcontainers.DockerClientFactory - Checking the system...
2026-02-26 17:35:32 [main] INFO  o.testcontainers.DockerClientFactory - ✔︎ Docker server version should be at least 1.6.0
2026-02-26 17:35:32 [main] INFO  tc.redis:7-alpine - Creating container for image: redis:7-alpine
2026-02-26 17:35:32 [main] INFO  tc.redis:7-alpine - Container redis:7-alpine is starting: ec49c783ebe792ca336716bd3a5c65908376fc5b0d3d07f4c7f519a0f408aedf
2026-02-26 17:35:33 [main] INFO  tc.redis:7-alpine - Container redis:7-alpine started in PT0.741780831S
2026-02-26 17:35:33 [main] INFO  o.e.repositories.redis.RedisManager - Redis url=redis://localhost:45965
2026-02-26 17:35:34 [lettuce-nioEventLoop-4-1] INFO  io.lettuce.core.RedisHandshake - Maintenance events not supported.
2026-02-26 17:35:34 [main] INFO  tc.redis:7-alpine - Creating container for image: redis:7-alpine
2026-02-26 17:35:34 [main] INFO  tc.redis:7-alpine - Container redis:7-alpine is starting: 60e506ffe4cd04306aff6c4917af8c7bc2fd2d908b04f8ae63a7c7518416e23c
2026-02-26 17:35:35 [main] INFO  tc.redis:7-alpine - Container redis:7-alpine started in PT0.611366314S
2026-02-26 17:35:35 [main] INFO  o.e.repositories.redis.RedisManager - Redis url=redis://localhost:37967
2026-02-26 17:35:35 [lettuce-nioEventLoop-7-1] INFO  io.lettuce.core.RedisHandshake - Maintenance events not supported.
2026-02-26 17:35:37 [main] INFO  org.example.services.Service - Добавляем новую строкуhttps://url.com
2026-02-26 17:35:37 [main] INFO  org.example.services.Service - Service.add: https://url.com -> 1(1)
2026-02-26 17:35:37 [main] INFO  org.example.services.Service - Добавляем новую строкуhttps://url.com
2026-02-26 17:35:37 [main] INFO  org.example.services.Service - Service.add: https://url.com -> 1(1)
2026-02-26 17:35:37 [main] INFO  org.example.services.Service - Добавляем новую строкуhttps://url.com
2026-02-26 17:35:37 [main] INFO  org.example.services.Service - Service.add: https://url.com -> 1(1)
2026-02-26 17:35:37 [main] INFO  org.example.services.Service - 1 -> https://url.com(1)
2026-02-26 17:35:37 [main] INFO  org.eclipse.jetty.util.log - Logging initialized @6541ms to org.eclipse.jetty.util.log.Slf4jLog
2026-02-26 17:35:37 [main] INFO  org.eclipse.jetty.server.Server - jetty-9.4.54.v20240208; built: 2024-02-08T19:42:39.027Z; git: cef3fbd6d736a21e7d541a5db490381d95a2047d; jvm 21.0.8+9-Ubuntu-0ubuntu124.04.1
2026-02-26 17:35:37 [main] INFO  o.e.j.server.handler.ContextHandler - Started o.e.j.s.ServletContextHandler@57b63253{/,null,AVAILABLE}
2026-02-26 17:35:37 [main] INFO  o.e.jetty.server.AbstractConnector - Started ServerConnector@69a90b81{HTTP/1.1, (http/1.1)}{0.0.0.0:38765}
2026-02-26 17:35:37 [main] INFO  org.eclipse.jetty.server.Server - Started @6718ms
2026-02-26 17:35:37 [main] INFO  o.e.jetty.server.AbstractConnector - Stopped ServerConnector@69a90b81{HTTP/1.1, (http/1.1)}{0.0.0.0:0}
2026-02-26 17:35:37 [main] INFO  o.e.j.server.handler.ContextHandler - Stopped o.e.j.s.ServletContextHandler@57b63253{/,null,STOPPED}
2026-02-26 17:35:37 [main] INFO  tc.postgres:16 - Creating container for image: postgres:16
2026-02-26 17:35:37 [main] INFO  tc.postgres:16 - Container postgres:16 is starting: 688f7a47526b9466a68f6ff4a6e12dc9f182ef1f5a93fd8fa695cbbe530f6503
2026-02-26 17:35:39 [main] INFO  tc.postgres:16 - Container postgres:16 started in PT1.616954752S
2026-02-26 17:35:39 [main] INFO  tc.postgres:16 - Container is started (JDBC URL: jdbc:postgresql://localhost:43097/testdatabase?loggerLevel=OFF)
2026-02-26 17:35:39 [main] INFO  com.zaxxer.hikari.HikariDataSource - HikariPool-1 - Starting...
2026-02-26 17:35:39 [main] INFO  com.zaxxer.hikari.pool.HikariPool - HikariPool-1 - Added connection org.postgresql.jdbc.PgConnection@7227926b
2026-02-26 17:35:39 [main] INFO  com.zaxxer.hikari.HikariDataSource - HikariPool-1 - Start completed.
2026-02-26 17:35:39 [main] INFO  tc.postgres:16 - Creating container for image: postgres:16
2026-02-26 17:35:40 [main] INFO  tc.postgres:16 - Container postgres:16 is starting: 5f4f4b16fc917913a81d8591af27b45ae9f59dfbb1243990b10c742a3642e3ee
2026-02-26 17:35:41 [main] INFO  tc.postgres:16 - Container postgres:16 started in PT1.60690706S
2026-02-26 17:35:41 [main] INFO  tc.postgres:16 - Container is started (JDBC URL: jdbc:postgresql://localhost:43361/testdatabase?loggerLevel=OFF)
2026-02-26 17:49:02 [main] INFO  o.testcontainers.images.PullPolicy - Image pull policy will be performed by: DefaultPullPolicy()
2026-02-26 17:49:02 [main] INFO  o.t.utility.ImageNameSubstitutor - Image name substitution will be performed by: DefaultImageNameSubstitutor (composite of 'ConfigurationFileImageNameSubstitutor' and 'PrefixingImageNameSubstitutor')
2026-02-26 17:49:03 [main] INFO  o.t.d.DockerClientProviderStrategy - Found Docker environment with Docker accessed via Unix socket (/home/artem-brychev/.docker/desktop/docker.sock)
2026-02-26 17:49:03 [main] INFO  o.testcontainers.DockerClientFactory - Docker host IP address is localhost
2026-02-26 17:49:03 [main] INFO  o.testcontainers.DockerClientFactory - Connected to docker: 
  Server Version: 28.4.0
  API Version: 1.51
  Operating System: Docker Desktop
  Total Memory: 3738 MB
2026-02-26 17:49:03 [main] INFO  tc.testcontainers/ryuk:0.7.0 - Creating container for image: testcontainers/ryuk:0.7.0
2026-02-26 17:49:03 [main] INFO  o.t.utility.RegistryAuthLocator - Credential helper/store (docker-credential-desktop) does not have credentials for https://index.docker.io/v1/
2026-02-26 17:49:07 [main] INFO  tc.testcontainers/ryuk:0.7.0 - Container testcontainers/ryuk:0.7.0 is starting: 84f74c9cbe8c01e96ea0ac7f4c6e46bf6274b50443e8ce1bbb10ce30c9fc65b3
2026-02-26 17:49:08 [main] INFO  tc.testcontainers/ryuk:0.7.0 - Container testcontainers/ryuk:0.7.0 started in PT4.970883247S
2026-02-26 17:49:08 [main] INFO  o.t.utility.RyukResourceReaper - Ryuk started - will monitor and terminate Testcontainers containers on JVM exit
2026-02-26 17:49:08 [main] INFO  o.testcontainers.DockerClientFactory - Checking the system...
2026-02-26 17:49:08 [main] INFO  o.testcontainers.DockerClientFactory - ✔︎ Docker server version should be at least 1.6.0
2026-02-26 17:49:08 [main] INFO  tc.redis:7-alpine - Creating container for image: redis:7-alpine
2026-02-26 17:49:08 [main] INFO  tc.redis:7-alpine - Container redis:7-alpine is starting: b812ba12c9d6129dac0ed23c4f3f607170da4107a71cb0252e2f7a55a3d97474
2026-02-26 17:49:09 [main] INFO  tc.redis:7-alpine - Container redis:7-alpine started in PT0.65784986S
2026-02-26 17:49:09 [main] INFO  o.e.repositories.redis.RedisManager - Redis url=redis://localhost:42381
2026-02-26 17:49:09 [lettuce-nioEventLoop-4-1] INFO  io.lettuce.core.RedisHandshake - Maintenance events not supported.
2026-02-26 17:49:10 [main] INFO  tc.redis:7-alpine - Creating container for image: redis:7-alpine
2026-02-26 17:49:10 [main] INFO  tc.redis:7-alpine - Container redis:7-alpine is starting: 4531603797d26de6cf84b3a46722e40f240fa2c57b72f2b7e40176497600244f
2026-02-26 17:49:10 [main] INFO  tc.redis:7-alpine - Container redis:7-alpine started in PT0.59470145S
2026-02-26 17:49:10 [main] INFO  o.e.repositories.redis.RedisManager - Redis url=redis://localhost:40717
2026-02-26 17:49:10 [lettuce-nioEventLoop-7-1] INFO  io.lettuce.core.RedisHandshake - Maintenance events not supported.
2026-02-26 17:49:12 [main] INFO  org.example.services.Service - Добавляем новую строкуhttps://url.com
2026-02-26 17:49:12 [main] INFO  org.example.services.Service - Service.add: https://url.com -> 1(1)
2026-02-26 17:49:12 [main] INFO  org.example.services.Service - Добавляем новую строкуhttps://url.com
2026-02-26 17:49:12 [main] INFO  org.example.services.Service - Service.add: https://url.com -> 1(1)
2026-02-26 17:49:12 [main] INFO  org.example.services.Service - Добавляем новую строкуhttps://url.com
2026-02-26 17:49:12 [main] INFO  org.example.services.Service - Service.add: https://url.com -> 1(1)
2026-02-26 17:49:12 [main] INFO  org.example.services.Service - 1 -> https://url.com(1)
2026-02-26 17:49:12 [main] INFO  org.eclipse.jetty.util.log - Logging initialized @10220ms to org.eclipse.jetty.util.log.Slf4jLog
2026-02-26 17:49:12 [main] INFO  org.eclipse.jetty.server.Server - jetty-9.4.54.v20240208; built: 2024-02-08T19:42:39.027Z; git: cef3fbd6d736a21e7d541a5db490381d95a2047d; jvm 21.0.8+9-Ubuntu-0ubuntu124.04.1
2026-02-26 17:49:12 [main] INFO  o.e.j.server.handler.ContextHandler - Started o.e.j.s.ServletContextHandler@c0013b8{/,null,AVAILABLE}
2026-02-26 17:49:12 [main] INFO  o.e.jetty.server.AbstractConnector - Started ServerConnector@6dcbbb49{HTTP/1.1, (http/1.1)}{0.0.0.0:46779}
2026-02-26 17:49:12 [main] INFO  org.eclipse.jetty.server.Server - Started @10398ms
2026-02-26 17:49:12 [main] INFO  o.e.jetty.server.AbstractConnector - Stopped ServerConnector@6dcbbb49{HTTP/1.1, (http/1.1)}{0.0.0.0:0}
2026-02-26 17:49:12 [main] INFO  o.e.j.server.handler.ContextHandler - Stopped o.e.j.s.ServletContextHandler@c0013b8{/,null,STOPPED}
2026-02-26 17:49:12 [main] INFO  tc.postgres:16 - Creating container for image: postgres:16
2026-02-26 17:49:12 [main] INFO  tc.postgres:16 - Container postgres:16 is starting: 2d0007c8bfc81afd21d3a18bbbfb5d3b9a123843a1ad84caa5fc5d5cccc24173
2026-02-26 17:49:14 [main] INFO  tc.postgres:16 - Container postgres:16 started in PT1.835325414S
2026-02-26 17:49:14 [main] INFO  tc.postgres:16 - Container is started (JDBC URL: jdbc:postgresql://localhost:36585/testdatabase?loggerLevel=OFF)
2026-02-26 17:49:14 [main] INFO  com.zaxxer.hikari.HikariDataSource - HikariPool-1 - Starting...
2026-02-26 17:49:14 [main] INFO  com.zaxxer.hikari.pool.HikariPool - HikariPool-1 - Added connection org.postgresql.jdbc.PgConnection@2f75a9b1
2026-02-26 17:49:14 [main] INFO  com.zaxxer.hikari.HikariDataSource - HikariPool-1 - Start completed.
2026-02-26 17:49:15 [main] INFO  tc.postgres:16 - Creating container for image: postgres:16
2026-02-26 17:49:15 [main] INFO  tc.postgres:16 - Container postgres:16 is starting: e7b4746ab423dec1bb0c3b3d948f0412c64dafefa194e24cf6393db2ab4d4cf2
2026-02-26 17:49:17 [main] INFO  tc.postgres:16 - Container postgres:16 started in PT1.609153612S
2026-02-26 17:49:17 [main] INFO  tc.postgres:16 - Container is started (JDBC URL: jdbc:postgresql://localhost:38871/testdatabase?loggerLevel=OFF)
